"baseMean","log2FoldChange","lfcSE","stat","pvalue","padj","gene_id","gene_name","gene_type","direction","ensembl_clean","ENTREZID"
6.5976378607646,-3.06344399809959,0.418875692421673,-7.31349193453719,2.60287937548754e-13,1.41805758249852e-11,"ENSG00000000005.6","TNMD","protein_coding","Down_in_MUT","ENSG00000000005","64102"
4833.5510142173,1.66951809235092,0.177579865870132,9.40150553763718,5.37878391447954e-21,1.07815862980112e-18,"ENSG00000001084.13","GCLC","protein_coding","Up_in_MUT","ENSG00000001084","2729"
34.2494491416079,1.1211028304213,0.233938829377106,4.79229050348924,1.64887913178843e-06,1.48786599120128e-05,"ENSG00000002745.13","WNT16","protein_coding","Up_in_MUT","ENSG00000002745","51384"
264.230277130689,1.26380546415184,0.214503127665012,5.8917810565705,3.82055166653695e-09,7.02219158963085e-08,"ENSG00000003987.14","MTMR7","protein_coding","Up_in_MUT","ENSG00000003987","9108"
6188.73700972576,1.77691602970424,0.219409160984201,8.09864101267944,5.55765178141644e-16,5.07529856520124e-14,"ENSG00000003989.18","SLC7A2","protein_coding","Up_in_MUT","ENSG00000003989","6542"
362.329593970369,-1.4745998324042,0.206279140398044,-7.14856494727854,8.76897600183593e-13,4.15268995771936e-11,"ENSG00000004838.14","ZMYND10","protein_coding","Down_in_MUT","ENSG00000004838","51364"
192.433852132108,-1.7057825385695,0.259093657995344,-6.58365222741251,4.59030134416019e-11,1.40400666160969e-09,"ENSG00000004848.8","ARX","protein_coding","Down_in_MUT","ENSG00000004848","170302"
883.971801442238,-1.05103776520717,0.13352250225659,-7.87161525169285,3.50091416497828e-15,2.78248467212027e-13,"ENSG00000005379.17","TSPOAP1","protein_coding","Down_in_MUT","ENSG00000005379","9256"
93.2394442631604,-1.38420322955094,0.207574287295282,-6.66847155101566,2.58481141352973e-11,8.33810977334068e-10,"ENSG00000005421.9","PON1","protein_coding","Down_in_MUT","ENSG00000005421","5444"
56.5973297281393,1.21934295803711,0.266253583276367,4.5796302270661,4.65798694571344e-06,3.67462133531765e-05,"ENSG00000006071.15","ABCC8","protein_coding","Up_in_MUT","ENSG00000006071","6833"
18.8067037797657,2.62642257222599,0.547996478380024,4.79277271998201,1.64491939449599e-06,1.48471328297881e-05,"ENSG00000006128.12","TAC1","protein_coding","Up_in_MUT","ENSG00000006128","6863"
4943.53367029683,-1.56053493633666,0.156852031328737,-9.94908974475461,2.54500350152339e-23,7.373800599732e-21,"ENSG00000006210.7","CX3CL1","protein_coding","Down_in_MUT","ENSG00000006210","6376"
57.3215958422839,-1.05817082791233,0.193301926206582,-5.47418667096708,4.39525564087219e-08,6.15200669873682e-07,"ENSG00000006283.18","CACNA1G","protein_coding","Down_in_MUT","ENSG00000006283","8913"
298.71358054887,-2.22237251729018,0.285734235389714,-7.7777607372077,7.38195142619068e-15,5.62847305990725e-13,"ENSG00000007174.18","DNAH9","protein_coding","Down_in_MUT","ENSG00000007174","1770"
154.026710091883,-2.09389972439788,0.367033773726987,-5.70492383612467,1.16395122734206e-08,1.88497406334445e-07,"ENSG00000007216.15","SLC13A2","protein_coding","Down_in_MUT","ENSG00000007216","9058"
30.3059678303629,-1.11486558940582,0.314189988446491,-3.54838037621206,0.000387608019119464,0.00166713295240977,"ENSG00000007350.17","TKTL1","protein_coding","Down_in_MUT","ENSG00000007350","8277"
67.0389404604425,-1.80437401084355,0.430955738503519,-4.18691259828489,2.82774652993693e-05,0.000175200446453382,"ENSG00000008197.5","TFAP2D","protein_coding","Down_in_MUT","ENSG00000008197","83741"
281.963816779272,-1.34343770653289,0.200758775983463,-6.69180064458826,2.20441047360656e-11,7.28804628675464e-10,"ENSG00000008226.20","DLEC1","protein_coding","Down_in_MUT","ENSG00000008226","9940"
2827.91732465685,-1.0405779855293,0.103996704115198,-10.0058746513412,1.43616921167501e-23,4.27777092946675e-21,"ENSG00000008256.16","CYTH3","protein_coding","Down_in_MUT","ENSG00000008256","9265"
502.091013796515,1.68959669830894,0.274311749709872,6.15940330698906,7.30195484096882e-10,1.61836302320249e-08,"ENSG00000009694.13","TENM1","protein_coding","Up_in_MUT","ENSG00000009694","10178"
613.960310658814,1.91880225058761,0.478104510983754,4.01335316129827,5.98622469652205e-05,0.000334479255439786,"ENSG00000009709.12","PAX7","protein_coding","Up_in_MUT","ENSG00000009709","5081"
26.8379362414567,-3.47026159337522,0.348872974237215,-9.94706340026107,2.59734566482367e-23,7.45765798951307e-21,"ENSG00000010282.15","HHATL","protein_coding","Down_in_MUT","ENSG00000010282","57467"
40.3717246474035,-2.0334932815093,0.376549757068942,-5.40033088146966,6.65180933926649e-08,8.86286853895327e-07,"ENSG00000016082.15","ISL1","protein_coding","Down_in_MUT","ENSG00000016082","3670"
6.32033368772613,-1.99453495902934,0.511609419738954,-3.89855010888393,9.6770377193528e-05,0.000506265379437776,"ENSG00000016490.16","CLCA1","protein_coding","Down_in_MUT","ENSG00000016490","1179"
5061.26290444415,1.55339751360922,0.265963067204423,5.84065122250697,5.19971616903157e-09,9.22718006810719e-08,"ENSG00000019186.10","CYP24A1","protein_coding","Up_in_MUT","ENSG00000019186","1591"
12687.5676909143,1.50078700469361,0.370711111448596,4.04840038063362,5.15688749538752e-05,0.000294226926898488,"ENSG00000021826.17","CPS1","protein_coding","Up_in_MUT","ENSG00000021826","1373"
1.09923609716551,2.39313882723614,0.489334021810993,4.89060380142646,1.00527128357784e-06,9.67361143686875e-06,"ENSG00000022355.18","GABRA1","protein_coding","Up_in_MUT","ENSG00000022355","2554"
1135.07752209092,2.45206008115348,0.296926573870786,8.25813617551303,1.47964691538743e-16,1.48295052956958e-14,"ENSG00000023839.12","ABCC2","protein_coding","Up_in_MUT","ENSG00000023839","1244"
2764.78347925947,1.58531893890738,0.115610138633,13.7126289930325,8.53098011155037e-43,1.81260578090148e-39,"ENSG00000023909.10","GCLM","protein_coding","Up_in_MUT","ENSG00000023909","2730"
99.883331445502,-1.51078128706645,0.262870092914021,-5.74725435791811,9.07042313577521e-09,1.51590695207285e-07,"ENSG00000029559.7","IBSP","protein_coding","Down_in_MUT","ENSG00000029559","3381"
218.915498952378,-1.69079131694358,0.253531676896869,-6.66895489209958,2.57631414824018e-11,8.32461044445077e-10,"ENSG00000034239.11","EFCAB1","protein_coding","Down_in_MUT","ENSG00000034239","79645"
7.85419428427285,-1.05905997598782,0.249850368533388,-4.23877692158096,2.24740839874573e-05,0.000143426417854275,"ENSG00000034971.17","MYOC","protein_coding","Down_in_MUT","ENSG00000034971","4653"
48.249407118977,-3.13530717410241,0.323572914899236,-9.68964653632637,3.33681458349174e-22,7.8196777640048e-20,"ENSG00000036828.17","CASR","protein_coding","Down_in_MUT","ENSG00000036828","846"
1848.88007174187,1.10881758278619,0.0902868913196197,12.2810472991137,1.14506276340078e-34,1.25842397697746e-31,"ENSG00000038002.9","AGA","protein_coding","Up_in_MUT","ENSG00000038002","175"
190.357053042243,-1.43653634464436,0.256811857851736,-5.59373058807006,2.22241724895757e-08,3.34896738257809e-07,"ENSG00000039537.14","C6","protein_coding","Down_in_MUT","ENSG00000039537","729"
107.067722289385,1.14290371798101,0.202993503720621,5.63024775193782,1.79950943381861e-08,2.77734456005971e-07,"ENSG00000041515.16","MYO16","protein_coding","Up_in_MUT","ENSG00000041515","23026"
16044.5472198252,-1.62565326809838,0.177948542938178,-9.13552446823437,6.50904989345427e-20,1.1153221997542e-17,"ENSG00000041982.16","TNC","protein_coding","Down_in_MUT","ENSG00000041982","3371"
1608.82039807487,1.11793805877652,0.0796946801928267,14.0277626570757,1.05425344343943e-44,2.58462396121985e-41,"ENSG00000042286.15","AIFM2","protein_coding","Up_in_MUT","ENSG00000042286","84883"
4296.23713007329,-1.4100551350736,0.188150128314682,-7.4943086550293,6.66487183957705e-14,4.15687143638278e-12,"ENSG00000047936.11","ROS1","protein_coding","Down_in_MUT","ENSG00000047936","6098"
21.2720777582539,-1.03725670230727,0.226205302738115,-4.58546590089508,4.52975201930567e-06,3.58143702821362e-05,"ENSG00000049247.14","UTS2","protein_coding","Down_in_MUT","ENSG00000049247","10911"
96.1503265083114,-1.20505497223644,0.15255004214131,-7.8994076653232,2.8023193805676e-15,2.24969070473728e-13,"ENSG00000050767.17","COL23A1","protein_coding","Down_in_MUT","ENSG00000050767","91522"
998.030221980067,1.34466888556451,0.244332669091676,5.50343468420906,3.7246255906265e-08,5.29944384816327e-07,"ENSG00000053108.17","FSTL4","protein_coding","Up_in_MUT","ENSG00000053108","23105"
384.336543288529,1.20174255089392,0.157571109729322,7.62666806725098,2.40898804524695e-14,1.6300819106171e-12,"ENSG00000054277.14","OPN3","protein_coding","Up_in_MUT","ENSG00000054277","23596"
160.716163179527,2.12947619099926,0.267446038518695,7.96226484712132,1.68918428438142e-15,1.4167366401979e-13,"ENSG00000054356.14","PTPRN","protein_coding","Up_in_MUT","ENSG00000054356","5798"
563.248730774945,1.25400155129387,0.208158134299025,6.02427359140555,1.69870810478727e-09,3.43089518426332e-08,"ENSG00000055118.16","KCNH2","protein_coding","Up_in_MUT","ENSG00000055118","3757"
164.532654686859,-1.10642768449646,0.38096042682953,-2.90431133150625,0.00368061960927817,0.0113032402743597,"ENSG00000057149.16","SERPINB3","protein_coding","Down_in_MUT","ENSG00000057149","6317"
771.748067436802,-1.94357781960455,0.208768584514849,-9.30972360674464,1.28165431380812e-20,2.41701802576204e-18,"ENSG00000058335.16","RASGRF1","protein_coding","Down_in_MUT","ENSG00000058335","5923"
166.260389620372,2.03633153932155,0.300932050311891,6.76674863050001,1.31708611877247e-11,4.5976836463743e-10,"ENSG00000060709.15","RIMBP2","protein_coding","Up_in_MUT","ENSG00000060709","23504"
3552.3517510219,-1.18051054095323,0.249395618191133,-4.73348549391317,2.20696743297586e-06,1.91032751375268e-05,"ENSG00000060718.22","COL11A1","protein_coding","Down_in_MUT","ENSG00000060718","1301"
10.6388571518532,1.59617546458343,0.206008394822215,7.74810883780207,9.32711825333416e-15,6.96169990285745e-13,"ENSG00000063015.20","SEZ6","protein_coding","Up_in_MUT","ENSG00000063015","124925"
204.97518945737,-1.18607296336181,0.197688372449881,-5.9997102948607,1.97669878043352e-09,3.91787107159183e-08,"ENSG00000064195.7","DLX3","protein_coding","Down_in_MUT","ENSG00000064195","1747"
23.6383817764629,-1.35576559660789,0.271569336046468,-4.99233682397744,5.96531062674074e-07,6.14679647542367e-06,"ENSG00000065325.13","GLP2R","protein_coding","Down_in_MUT","ENSG00000065325","9340"
1.01299196527723,-1.26112677885628,0.36629286339925,-3.44294662787816,0.000575412861205381,0.00232994324729725,"ENSG00000065371.17","ROPN1","protein_coding","Down_in_MUT","ENSG00000065371","54763"
20.508406004271,1.04765156031627,0.279228194648261,3.75195478248884,0.000175461115706814,0.00084729109374119,"ENSG00000065609.14","SNAP91","protein_coding","Up_in_MUT","ENSG00000065609","9892"
3342.63061734129,-1.47181746763908,0.256942258098428,-5.72820321005845,1.01499938194965e-08,1.66490197128755e-07,"ENSG00000065618.21","COL17A1","protein_coding","Down_in_MUT","ENSG00000065618","1308"
1942.94407244608,1.4805136304541,0.122810531551191,12.0552660407384,1.81944060999124e-33,1.70551152003032e-30,"ENSG00000065833.9","ME1","protein_coding","Up_in_MUT","ENSG00000065833","4199"
3493.29543882761,-1.16121302252484,0.299927406326742,-3.87164693199064,0.000108102461678302,0.000557858412588918,"ENSG00000066405.13","CLDN18","protein_coding","Down_in_MUT","ENSG00000066405","51208"
1.45617610026742,-1.35100909212492,0.346647497594532,-3.89735711782108,9.72481629925624e-05,0.000508431135619415,"ENSG00000066813.14","ACSM2B","protein_coding","Down_in_MUT","ENSG00000066813","348158"
181.931793273218,-1.15163716034863,0.165144845475572,-6.97349745934991,3.09157022765922e-12,1.24565657048959e-10,"ENSG00000067840.12","PDZD4","protein_coding","Down_in_MUT","ENSG00000067840","57595"
136.386904795867,1.83298724091247,0.281551307171949,6.51031337529195,7.49941876349657e-11,2.17088079392733e-09,"ENSG00000069482.7","GAL","protein_coding","Up_in_MUT","ENSG00000069482","51083"
289.109113129466,1.39130308047766,0.219107284195238,6.34987141385002,2.15494977214099e-10,5.44650310768481e-09,"ENSG00000069764.10","PLA2G10","protein_coding","Up_in_MUT","ENSG00000069764","8399"
4506.80975972581,1.08440793604504,0.144445535787894,7.50738283554435,6.0321129838135e-14,3.80692025558653e-12,"ENSG00000070087.14","PFN2","protein_coding","Up_in_MUT","ENSG00000070087","5217"
1501.89945552596,-1.50006572757364,0.224462100783863,-6.68293543691846,2.34202776002015e-11,7.67039354690299e-10,"ENSG00000070182.21","SPTB","protein_coding","Down_in_MUT","ENSG00000070182","6710"
32.3013361599391,-1.44703467399002,0.206310094687266,-7.01388207001455,2.317947953248e-12,9.63172349647550e-11,"ENSG00000070193.5","FGF10","protein_coding","Down_in_MUT","ENSG00000070193","2255"
30.3625380597236,-5.05849931908209,0.42979084854347,-11.7696766606943,5.59385007255517e-32,4.57132296570271e-29,"ENSG00000070748.19","CHAT","protein_coding","Down_in_MUT","ENSG00000070748","1103"
65.2050890286228,1.40427321227969,0.404849502619473,3.46863020256591,0.000523118971140528,0.00214794186153308,"ENSG00000072041.17","SLC6A15","protein_coding","Up_in_MUT","ENSG00000072041","55117"
9583.19134936086,1.06705136984429,0.11596648964616,9.20137682101192,3.53392255987855e-20,6.29215898915582e-18,"ENSG00000072210.19","ALDH3A2","protein_coding","Up_in_MUT","ENSG00000072210","224"
843.993974736886,1.61431048635805,0.147005393879325,10.9813010513289,4.701039155744e-28,2.23622117810025e-25,"ENSG00000073150.14","PANX2","protein_coding","Up_in_MUT","ENSG00000073150","56666"
743.749667909782,-1.21888996368334,0.236649894104212,-5.15060430640458,2.59648478574603e-07,2.95228564418522e-06,"ENSG00000073282.14","TP63","protein_coding","Down_in_MUT","ENSG00000073282","8626"
8.53347695730995,-1.06952306825373,0.237471700775744,-4.50379167184951,6.67516455343346e-06,5.02822428462486e-05,"ENSG00000073754.6","CD5L","protein_coding","Down_in_MUT","ENSG00000073754","922"
607.383717331598,1.97345675316052,0.27793498445036,7.10042586780932,1.24373035301298e-12,5.6465712365921e-11,"ENSG00000074211.14","PPP2R2C","protein_coding","Up_in_MUT","ENSG00000074211","5522"
2874.13951113605,1.07525896692743,0.230301331967072,4.668922049835,3.02784226535289e-06,2.52618745651994e-05,"ENSG00000074410.14","CA12","protein_coding","Up_in_MUT","ENSG00000074410","771"
580.788303343299,-1.18671818333621,0.169281667505609,-7.01031718804925,2.37778443932402e-12,9.83965916879501e-11,"ENSG00000074706.13","IPCEF1","protein_coding","Down_in_MUT","ENSG00000074706","26034"
30.3469041083846,-1.25945127152097,0.175132570801314,-7.19141656950727,6.41225125785919e-13,3.13924515882074e-11,"ENSG00000075035.10","WSCD2","protein_coding","Down_in_MUT","ENSG00000075035","9671"
231.356348616114,1.19002442564202,0.195194649551775,6.09660371518723,1.0834566417762e-09,2.3035921701167e-08,"ENSG00000075340.23","ADD2","protein_coding","Up_in_MUT","ENSG00000075340","119"
111.656275811169,-1.09877206823867,0.160870552094646,-6.83016284790407,8.48182939819887e-12,3.09911198886869e-10,"ENSG00000076344.16","RGS11","protein_coding","Down_in_MUT","ENSG00000076344","8786"
342.052175204359,-1.50910778520415,0.261019514773544,-5.78158988040963,7.39979277503535e-09,1.25982262571128e-07,"ENSG00000077327.16","SPAG6","protein_coding","Down_in_MUT","ENSG00000077327","9576"
1887.4845047287,1.50139968783356,0.156556707534679,9.59013325890865,8.79713182893445e-22,1.98846374836858e-19,"ENSG00000078018.20","MAP2","protein_coding","Up_in_MUT","ENSG00000078018","4133"
11.9520669404089,-1.30934435489102,0.248376323738988,-5.27161500412161,1.35228510743093e-07,1.65129037007399e-06,"ENSG00000078579.9","FGF20","protein_coding","Down_in_MUT","ENSG00000078579","26281"
422.521684936288,-2.75220381886934,0.305038872374155,-9.02246916089286,1.83896779560163e-19,2.9751138382548e-17,"ENSG00000078725.13","BRINP1","protein_coding","Down_in_MUT","ENSG00000078725","1620"
529.865429417442,-1.61613552739735,0.365652558523719,-4.41986659117693,9.87618517553142e-06,7.04958337579758e-05,"ENSG00000078898.7","BPIFB2","protein_coding","Down_in_MUT","ENSG00000078898","80341"
131.976378952404,1.42347822039424,0.297903606729607,4.77831818157966,1.76767502942629e-06,1.57808321744665e-05,"ENSG00000079393.20","DUSP13","protein_coding","Up_in_MUT","ENSG00000079393","51207"
10.2648029298988,1.70358440761798,0.363547374548681,4.68600387977734,2.78590983899476e-06,2.34521216266777e-05,"ENSG00000079689.14","SCGN","protein_coding","Up_in_MUT","ENSG00000079689","10590"
102.703888585221,-1.28966286140314,0.244457124767678,-5.27561985615588,1.32308102670184e-07,1.62184290007748e-06,"ENSG00000079841.18","RIMS1","protein_coding","Down_in_MUT","ENSG00000079841","22999"
1040.91987226216,-1.21765842130972,0.229022876617981,-5.31675454998683,1.05634408713339e-07,1.33492237910501e-06,"ENSG00000080293.10","SCTR","protein_coding","Down_in_MUT","ENSG00000080293","6344"
32.6285188093304,-1.78695325753015,0.29698301337781,-6.01702177240977,1.77655194702798e-09,3.57678377155582e-08,"ENSG00000080572.13","DNAAF6","protein_coding","Down_in_MUT","ENSG00000080572","139212"
753.373098198013,-1.10622705710187,0.202091990531951,-5.47387877268186,4.4029032004886e-08,6.1573026723463e-07,"ENSG00000080854.16","IGSF9B","protein_coding","Down_in_MUT","ENSG00000080854","22997"
24.7363067256385,2.20832529984249,0.347172731575494,6.36088349975227,2.00596550972221e-10,5.18088547490735e-09,"ENSG00000081138.14","CDH7","protein_coding","Up_in_MUT","ENSG00000081138","1005"
1998.92344105378,1.30671446130553,0.282010129368191,4.63357278773306,3.59408308946021e-06,2.93184085344731e-05,"ENSG00000081277.13","PKP1","protein_coding","Up_in_MUT","ENSG00000081277","5317"
322.716247543843,-1.06438210451275,0.145672874412117,-7.30665958784851,2.73865194857793e-13,1.47968078724193e-11,"ENSG00000082196.21","C1QTNF3","protein_coding","Down_in_MUT","ENSG00000082196","114899"
17.4837188716565,-1.3079160336947,0.20971070062495,-6.23676345459261,4.46716689192076e-10,1.04917521011353e-08,"ENSG00000082293.13","COL19A1","protein_coding","Down_in_MUT","ENSG00000082293","1310"
34.582755510561,-1.15145785849581,0.26470012158859,-4.35004657944761,1.36108617084293e-05,9.29487408419437e-05,"ENSG00000082482.14","KCNK2","protein_coding","Down_in_MUT","ENSG00000082482","3776"
63.7705185713436,-1.33710759064776,0.295156962630641,-4.530157712461,5.89396721250582e-06,4.50147685189967e-05,"ENSG00000083782.8","EPYC","protein_coding","Down_in_MUT","ENSG00000083782","1833"
571.95460856155,1.25531410190647,0.221880599314389,5.65761092130357,1.53494614862563e-08,2.4146233318286e-07,"ENSG00000084110.11","HAL","protein_coding","Up_in_MUT","ENSG00000084110","3034"
57.8874002013926,1.94770718549257,0.251829898297546,7.73421741683462,1.04041099357418e-14,7.69348927522105e-13,"ENSG00000084628.10","NKAIN1","protein_coding","Up_in_MUT","ENSG00000084628","79570"
41.3383721141324,-1.82169931127339,0.250987756069704,-7.25812023582326,3.92506590465055e-13,2.04327212068737e-11,"ENSG00000086159.13","AQP6","protein_coding","Down_in_MUT","ENSG00000086159","363"
9.53593286978405,1.07408189465871,0.330877105679025,3.24616564949238,0.00116970756574691,0.00426932544983049,"ENSG00000086506.3","HBQ1","protein_coding","Up_in_MUT","ENSG00000086506","3049"
252.447674191578,-2.67254580852838,0.243227348106545,-10.9878507878879,4.37213187397067e-28,2.13408761610738e-25,"ENSG00000086570.12","FAT2","protein_coding","Down_in_MUT","ENSG00000086570","2196"
1453.39653225381,1.05654156238989,0.157457930357717,6.70999269449059,1.94634158205217e-11,6.50229062490407e-10,"ENSG00000086619.14","ERO1B","protein_coding","Up_in_MUT","ENSG00000086619","56605"
65.4110188353711,1.53892254189183,0.172372273286374,8.92790071483892,4.34169039524172e-19,6.65259685513216e-17,"ENSG00000086717.18","PPEF1","protein_coding","Up_in_MUT","ENSG00000086717","5475"
84.9262282666672,-1.04796950186416,0.179830966712997,-5.82752526452619,5.6255335672474e-09,9.90560112274817e-08,"ENSG00000086967.10","MYBPC2","protein_coding","Down_in_MUT","ENSG00000086967","4606"
935.49399400476,-1.38604445378756,0.203683959777753,-6.80487778860898,1.01135053649729e-11,3.61353732608802e-10,"ENSG00000087085.16","ACHE","protein_coding","Down_in_MUT","ENSG00000087085","43"
1034.05179203258,1.63258737450302,0.131625657427412,12.4032609326442,2.5090113092786e-35,2.96165553474142e-32,"ENSG00000087842.11","PIR","protein_coding","Up_in_MUT","ENSG00000087842","8544"
4261.28627928805,1.13034437254575,0.232137786206681,4.86928212341681,1.1200440176127e-06,1.0625343887423e-05,"ENSG00000088992.18","TESC","protein_coding","Up_in_MUT","ENSG00000088992","54997"
11.3360199431093,1.15036718720922,0.198328199582498,5.8003208299721,6.61881608614265e-09,1.14459190168992e-07,"ENSG00000089169.15","RPH3A","protein_coding","Up_in_MUT","ENSG00000089169","22895"
1.04648650164601,1.50034638670485,0.624305695886202,2.40322392794304,0.0162512325853837,0.039119361325655,"ENSG00000090402.8","SI","protein_coding","Up_in_MUT","ENSG00000090402","6476"
210.986596139607,1.07224085154962,0.314790287993596,3.40620690169271,0.000658722376970379,0.0026089045907373,"ENSG00000090932.11","DLL3","protein_coding","Up_in_MUT","ENSG00000090932","10683"
503.141700865098,1.34652619754106,0.198510428750614,6.78315092066362,1.17582689479105e-11,4.11810757844896e-10,"ENSG00000091129.21","NRCAM","protein_coding","Up_in_MUT","ENSG00000091129","4897"
99.4974434599316,-1.5429881261763,0.200537745540005,-7.69425288003195,1.42323326638977e-14,1.02319313416427e-12,"ENSG00000091181.20","IL5RA","protein_coding","Down_in_MUT","ENSG00000091181","3568"
316.848737537312,-1.21805998018559,0.258254502569179,-4.71651014045459,2.39924414626518e-06,2.05942122773007e-05,"ENSG00000091583.11","APOH","protein_coding","Down_in_MUT","ENSG00000091583","350"
666.792929100067,-1.37302083381539,0.1801173533834,-7.62292365518363,2.47993567381092e-14,1.67453453093279e-12,"ENSG00000091831.24","ESR1","protein_coding","Down_in_MUT","ENSG00000091831","2099"
4.60819808994418,-1.12537499983281,0.281290433382164,-4.00075817119547,6.31398586453571e-05,0.000350336078496897,"ENSG00000092054.13","MYH7","protein_coding","Down_in_MUT","ENSG00000092054","4625"
186.073581671264,-1.54784395647344,0.213261843533556,-7.25795074649578,3.92998591189908e-13,2.04327212068737e-11,"ENSG00000092850.12","TEKT2","protein_coding","Down_in_MUT","ENSG00000092850","27285"
302.647293279645,-1.80723687526589,0.2711536717109,-6.66499134554494,2.64680951907647e-11,8.52085516994810e-10,"ENSG00000094755.17","GABRP","protein_coding","Down_in_MUT","ENSG00000094755","2568"
1.17588614120165,-1.076544842375,0.404714691577339,-2.66000929736271,0.00781384945104543,0.0212559914522251,"ENSG00000094796.5","KRT31","protein_coding","Down_in_MUT","ENSG00000094796","3881"
15.405613019256,-1.72242381688849,0.3081309007005,-5.5899093955613,2.27188123969396e-08,3.41533156016393e-07,"ENSG00000095596.12","CYP26A1","protein_coding","Down_in_MUT","ENSG00000095596","1592"
119.14530176809,-1.32131351363117,0.235218982910293,-5.61737618827764,1.9387900584723e-08,2.96787598240012e-07,"ENSG00000095917.14","TPSD1","protein_coding","Down_in_MUT","ENSG00000095917","23430"
5.54306543684912,1.34272635991452,0.353706571730599,3.7961589272851,0.000146955308828216,0.00072704325483764,"ENSG00000095981.11","KCNK16","protein_coding","Up_in_MUT","ENSG00000095981","83795"
78578.4168746363,1.35392334211264,0.38756419432368,3.49341699244253,0.000476881214645546,0.0019864960386836,"ENSG00000096088.16","PGC","protein_coding","Up_in_MUT","ENSG00000096088","5225"
52.0615290749043,1.58393262533339,0.619621769938441,2.55628950140139,0.0105795059087363,0.0273329631012755,"ENSG00000099399.6","MAGEB2","protein_coding","Up_in_MUT","ENSG00000099399","4113"
3.61082137026393,-1.25193281690369,0.350029328050671,-3.5766512019886,0.000348024049271142,0.00152570487954891,"ENSG00000099869.8","IGF2-AS","lncRNA","Down_in_MUT","ENSG00000099869","51214"
725.384068327366,-2.27085726660204,0.281851792915431,-8.05691971341624,7.82410021044828e-16,6.94601386649575e-14,"ENSG00000099937.11","SERPIND1","protein_coding","Down_in_MUT","ENSG00000099937","3053"
7375.90761875086,-1.53504361468168,0.209886721622739,-7.3136766481152,2.59930207501828e-13,1.41805758249852e-11,"ENSG00000099953.10","MMP11","protein_coding","Down_in_MUT","ENSG00000099953","4320"
25.4058134657444,-1.35175700213537,0.295339258081307,-4.57696349248371,4.71773751824552e-06,3.71348511839968e-05,"ENSG00000100012.12","SEC14L3","protein_coding","Down_in_MUT","ENSG00000100012","266629"
12.1476210285947,-1.50392034076491,0.242252764863409,-6.20806264734635,5.36417682361641e-10,1.22729131044852e-08,"ENSG00000100121.13","GGTLC2","protein_coding","Down_in_MUT","ENSG00000100121","91227"
527.308566781576,-1.19575189465291,0.277457734717586,-4.30967223123197,1.6349668550784e-05,0.000109058243277948,"ENSG00000100170.10","SLC5A1","protein_coding","Down_in_MUT","ENSG00000100170","6523"
372.380902437625,1.07981239763306,0.270056830432026,3.99846356748549,6.37549920088633e-05,0.000353318614208743,"ENSG00000100285.10","NEFH","protein_coding","Up_in_MUT","ENSG00000100285","4744"
10.1810735743763,-1.09864040950981,0.412976289581356,-2.66029899833602,0.00780713106544309,0.0212431549719744,"ENSG00000100341.12","PNPLA5","protein_coding","Down_in_MUT","ENSG00000100341","150379"
18.6387466360412,-1.06095779700224,0.180451287082928,-5.87946926925864,4.11584000115189e-09,7.505616759316e-08,"ENSG00000100362.13","PVALB","protein_coding","Down_in_MUT","ENSG00000100362","5816"
1182.30247828328,1.02420715251036,0.106934148399106,9.57792405740911,9.90150385242184e-22,2.17635054676232e-19,"ENSG00000100413.17","POLR3H","protein_coding","Up_in_MUT","ENSG00000100413","171568"
20.3134912782664,-1.68274363981281,0.295832920990916,-5.68815544320197,1.28418904973526e-08,2.05838277751166e-07,"ENSG00000100433.16","KCNK10","protein_coding","Down_in_MUT","ENSG00000100433","54207"
87.6388143699238,-1.16629656966475,0.360029867578721,-3.23944393143922,0.00119763010357771,0.00435842998620678,"ENSG00000100557.10","CCDC198","protein_coding","Down_in_MUT","ENSG00000100557","55195"
68.5611695986042,2.92586073240459,0.319751259145837,9.15042755490796,5.67086567769431e-20,9.76952216290786e-18,"ENSG00000100604.13","CHGA","protein_coding","Up_in_MUT","ENSG00000100604","1113"
102.064595488009,-1.2485382762225,0.408486129200487,-3.05650103386917,0.00223936708281229,0.00740054627709565,"ENSG00000100665.12","SERPINA4","protein_coding","Down_in_MUT","ENSG00000100665","5267"
19.7638732775179,-1.09505805204301,0.237705894590774,-4.60677701715483,4.08958132924409e-06,3.28227264025028e-05,"ENSG00000100987.15","VSX1","protein_coding","Down_in_MUT","ENSG00000100987","30813"
2.24520167028549,1.2369091451552,0.452327115580304,2.73454564749746,0.00624664334671546,0.0176323416972074,"ENSG00000101180.16","HRH3","protein_coding","Up_in_MUT","ENSG00000101180","11255"
37.7197768801207,1.07685471142281,0.308165534138739,3.49440346868251,0.000475122393128527,0.00198000140118876,"ENSG00000101188.5","NTSR1","protein_coding","Up_in_MUT","ENSG00000101188","4923"
2.58794839953285,1.11853094190755,0.282055330479514,3.96564369127846,7.31981395116774e-05,0.000397969618624475,"ENSG00000101204.18","CHRNA4","protein_coding","Up_in_MUT","ENSG00000101204","1137"
100.587758556528,-1.08364880428805,0.19240706088453,-5.63206360154518,1.78065986679529e-08,2.74958384760818e-07,"ENSG00000101222.12","SPEF1","protein_coding","Down_in_MUT","ENSG00000101222","25876"
438.790696438719,-1.37852957029235,0.14789902358675,-9.32074828393829,1.15522660992073e-20,2.20468426854991e-18,"ENSG00000101230.6","ISM1","protein_coding","Down_in_MUT","ENSG00000101230","140862"
20.0263508179962,-1.16160162596651,0.188163632820606,-6.17335883961156,6.68542405000858e-10,1.49523613963385e-08,"ENSG00000101280.8","ANGPT4","protein_coding","Down_in_MUT","ENSG00000101280","51378"
9.49042590548642,-1.32530329171382,0.289536478742172,-4.57732751835386,4.70953813871379e-06,3.70794688781984e-05,"ENSG00000101448.14","EPPIN","protein_coding","Down_in_MUT","ENSG00000101448","57119"
477.297924778689,-1.65223770028536,0.26701724526254,-6.18775651984886,6.10264895832351e-10,1.37357009145995e-08,"ENSG00000101470.10","TNNC2","protein_coding","Down_in_MUT","ENSG00000101470","7125"
29.34348682322,-2.07773627215762,0.247866012879426,-8.38249765678175,5.18162258880245e-17,5.73414908082372e-15,"ENSG00000101542.10","CDH20","protein_coding","Down_in_MUT","ENSG00000101542","28316"
12.7295500369132,-1.01988049588436,0.197608587361192,-5.1611142486445,2.45484299313822e-07,2.80424018044115e-06,"ENSG00000101638.14","ST8SIA5","protein_coding","Down_in_MUT","ENSG00000101638","29906"
2779.18439737564,-3.78832741937841,0.285373060448219,-13.2750001469245,3.23270461672344e-40,6.06056051997604e-37,"ENSG00000101842.14","VSIG1","protein_coding","Down_in_MUT","ENSG00000101842","340547"
1.45331912840251,-1.4563195974438,0.365697197310358,-3.98230997709247,6.82486866097531e-05,0.000375026532920593,"ENSG00000101890.5","GUCY2F","protein_coding","Down_in_MUT","ENSG00000101890","2986"
21.7160380849158,-2.58954809914758,0.248657582315225,-10.4141127531144,2.1378161508642e-25,7.8315331659992e-23,"ENSG00000101977.21","MCF2","protein_coding","Down_in_MUT","ENSG00000101977","4168"
198.847184804204,1.04684139990867,0.179746841041585,5.82397662091029,5.74636182679275e-09,1.00904847262651e-07,"ENSG00000102003.11","SYP","protein_coding","Up_in_MUT","ENSG00000102003","6855"
10.8841175354165,1.13178170087304,0.266973008733494,4.23931133054295,2.24206536891446e-05,0.00014317143933615,"ENSG00000102104.9","RS1","protein_coding","Up_in_MUT","ENSG00000102104","6247"
58.7971208420252,1.23779161109357,0.185582154077383,6.66977715205014,2.56192138345813e-11,8.29786548904412e-10,"ENSG00000102385.12","DRP2","protein_coding","Up_in_MUT","ENSG00000102385","1821"
155.849655249433,-2.90180637859129,0.370543471487515,-7.83121712262865,4.83169424266541e-15,3.76505934493861e-13,"ENSG00000102837.7","OLFM4","protein_coding","Down_in_MUT","ENSG00000102837","10562"
25148.9253887828,1.35411193658014,0.273943055619713,4.94304166067242,7.69130398146911e-07,7.63405634361265e-06,"ENSG00000102854.16","MSLN","protein_coding","Up_in_MUT","ENSG00000102854","10232"
71.0903146173283,-1.02937947240687,0.174753386971731,-5.89046936511391,3.8510025883979e-09,7.07000596168374e-08,"ENSG00000102904.15","TSNAXIP1","protein_coding","Down_in_MUT","ENSG00000102904","55815"
165.088844789379,-1.36426951237529,0.206099765630054,-6.61946173594459,3.60509142175792e-11,1.12977255361698e-09,"ENSG00000102970.11","CCL17","protein_coding","Down_in_MUT","ENSG00000102970","6361"
2228.27229335819,-1.33121943832479,0.192217480848158,-6.9255898706548,4.34162602192715e-12,1.68952335707986e-10,"ENSG00000103044.11","HAS3","protein_coding","Down_in_MUT","ENSG00000103044","3038"
53.1894318851737,2.41307188173249,0.234704296562268,10.281328109783,8.55406319831213e-25,2.90028242758942e-22,"ENSG00000103154.9","NECAB2","protein_coding","Up_in_MUT","ENSG00000103154","54550"
6.14469707063394,-1.50736768978957,0.343753380203978,-4.38502652365227,1.15971646827398e-05,8.09312974827243e-05,"ENSG00000103355.13","PRSS33","protein_coding","Down_in_MUT","ENSG00000103355","260429"
28.1182940615273,-1.07295362670875,0.169032640427866,-6.34761205878832,2.18682682873454e-10,5.50089643714273e-09,"ENSG00000103740.10","ACSBG1","protein_coding","Down_in_MUT","ENSG00000103740","23205"
28969.6648464603,-1.01321449503088,0.154847194693374,-6.54331837936894,6.01685456210319e-11,1.79050580531084e-09,"ENSG00000103811.18","CTSH","protein_coding","Down_in_MUT","ENSG00000103811","1512"
58.781916500226,1.37399064169137,0.240108941921946,5.72236348506348,1.05052249467652e-08,1.71963032500438e-07,"ENSG00000104044.16","OCA2","protein_coding","Up_in_MUT","ENSG00000104044","4948"
112.096380568319,2.64233609525234,0.28711335336015,9.20311112084652,3.47732998884837e-20,6.22617888059474e-18,"ENSG00000104112.9","SCG3","protein_coding","Up_in_MUT","ENSG00000104112","29106"
1630.58186091399,1.21891819140475,0.210582109959592,5.78832737329228,7.10907568006307e-09,1.2155222693095e-07,"ENSG00000104140.7","RHOV","protein_coding","Up_in_MUT","ENSG00000104140","171177"
85.6482217826268,-1.35210163289236,0.313034463476148,-4.31933793448077,1.56497985588627e-05,0.000104872735464574,"ENSG00000104327.7","CALB1","protein_coding","Down_in_MUT","ENSG00000104327","793"
8064.65248085259,-2.16783686343169,0.197718203018001,-10.9642755717051,5.67532261425819e-28,2.6599736329268e-25,"ENSG00000104368.19","PLAT","protein_coding","Down_in_MUT","ENSG00000104368","5327"
6.81934849992048,-1.476797771528,0.414786071910096,-3.56038418726868,0.000370312607257722,0.00160618305741846,"ENSG00000104371.5","DKK4","protein_coding","Down_in_MUT","ENSG00000104371","27121"
6443.37897408333,1.51244660213351,0.102845883405397,14.7059517800218,5.90349971167777e-49,2.48755991112102e-45,"ENSG00000104687.14","GSR","protein_coding","Up_in_MUT","ENSG00000104687","2936"
19.9396397759768,2.31120320047525,0.325550844132903,7.09936171915352,1.25334378465966e-12,5.66600280296284e-11,"ENSG00000104722.14","NEFM","protein_coding","Up_in_MUT","ENSG00000104722","4741"
2349.52329117893,1.16132516072428,0.343613904425093,3.37973855472269,0.000725548118130268,0.00283938409539904,"ENSG00000104760.17","FGL1","protein_coding","Up_in_MUT","ENSG00000104760","2267"
0.547949961903227,2.09843382906369,0.680110695148676,3.08542983374929,0.00203258176064112,0.00682299868490664,"ENSG00000104818.15","CGB2","protein_coding","Up_in_MUT","ENSG00000104818","114336"
95.1790908859545,-1.63897295204455,0.219818947287316,-7.45601310656047,8.91798780000646e-14,5.43451604539208e-12,"ENSG00000104918.8","RETN","protein_coding","Down_in_MUT","ENSG00000104918","56729"
26.2018074932596,-1.87576174467025,0.597105432675564,-3.14142468318395,0.00168128045423213,0.00579977155069078,"ENSG00000105141.6","CASP14","protein_coding","Down_in_MUT","ENSG00000105141","23581"
12.1917525605957,-1.02640471677513,0.301386732281384,-3.40560683944391,0.000660171764970892,0.00261305692019216,"ENSG00000105205.7","CLC","protein_coding","Down_in_MUT","ENSG00000105205","1178"
80.6698499992738,-2.50402519000113,0.30468414402651,-8.21842960683656,2.06185205381267e-16,2.02194728637119e-14,"ENSG00000105278.12","ZFR2","protein_coding","Down_in_MUT","ENSG00000105278","23217"
83.4277907807768,-1.14215657592442,0.168259913919687,-6.7880492109938,1.13659885441237e-11,3.98948701420449e-10,"ENSG00000105352.10","CEACAM4","protein_coding","Down_in_MUT","ENSG00000105352","1089"
278.632234219537,-1.22518048409254,0.18131834819789,-6.75706841734174,1.4081170872672e-11,4.86747285122483e-10,"ENSG00000105479.16","CCDC114","protein_coding","Down_in_MUT","ENSG00000105479","93233"
20.3120938916268,-1.27618444050227,0.313434771770855,-4.07161092335749,4.6689119479799e-05,0.000269863787983437,"ENSG00000105549.11","THEG","protein_coding","Down_in_MUT","ENSG00000105549","51298"
1.14560663947058,1.48660088935937,0.341948318152187,4.34744319665799,1.37733725773432e-05,9.38774930309035e-05,"ENSG00000105605.7","CACNG7","protein_coding","Up_in_MUT","ENSG00000105605","59284"
195.796800671185,-1.04516868037351,0.292735106820441,-3.57035646228314,0.000356495763329351,0.00155642143466709,"ENSG00000105641.4","SLC5A5","protein_coding","Down_in_MUT","ENSG00000105641","6528"
2289.97534338933,-1.13022946846282,0.207994825698459,-5.43393069835965,5.51259978460949e-08,7.49539538119834e-07,"ENSG00000105664.11","COMP","protein_coding","Down_in_MUT","ENSG00000105664","1311"
10.8082627675005,-1.1185296190306,0.27993070979837,-3.99573744458499,6.4493179637855e-05,0.000356913027997582,"ENSG00000105695.15","MAG","protein_coding","Down_in_MUT","ENSG00000105695","4099"
1257.53631138374,1.0280871554724,0.273945729676224,3.75288622563126,0.000174810206783945,0.000844403773933177,"ENSG00000105696.9","TMEM59L","protein_coding","Up_in_MUT","ENSG00000105696","25789"
7566.01519499719,-1.78611197243878,0.281948235435119,-6.33489324621006,2.37505661076375e-10,5.93224367097581e-09,"ENSG00000105825.14","TFPI2","protein_coding","Down_in_MUT","ENSG00000105825","7980"
1852.6200869634,-1.29536096648269,0.187109445094995,-6.92301217517395,4.42139751474571e-12,1.71846780722513e-10,"ENSG00000105855.10","ITGB8","protein_coding","Down_in_MUT","ENSG00000105855","3696"
757.643750364094,-1.76696633095523,0.192537381412386,-9.17726374999699,4.42184251388579e-20,7.70101326557673e-18,"ENSG00000105877.18","DNAH11","protein_coding","Down_in_MUT","ENSG00000105877","8701"
55.2332242399517,1.05159245727721,0.223775266156211,4.69932390357712,2.61024183865138e-06,2.21901887542433e-05,"ENSG00000106018.14","VIPR2","protein_coding","Up_in_MUT","ENSG00000106018","7434"
279.628232237145,-1.11578167214445,0.220006902976383,-5.0715757417131,3.94535178630402e-07,4.25956323784876e-06,"ENSG00000106236.4","NPTX2","protein_coding","Down_in_MUT","ENSG00000106236","4885"
1.91011267373745,-1.10795612211329,0.286267796804853,-3.87034844463689,0.000108679904050644,0.000560565985110548,"ENSG00000106341.11","PPP1R17","protein_coding","Down_in_MUT","ENSG00000106341","10842"
764.151412208253,-1.17727217621009,0.152834185756889,-7.70293747030368,1.32973438786705e-14,9.58822730219704e-13,"ENSG00000106571.15","GLI3","protein_coding","Down_in_MUT","ENSG00000106571","2737"
3982.46329442412,1.02031987405638,0.103593520231833,9.84926346525345,6.90481045603135e-23,1.78913182149736e-20,"ENSG00000106780.9","MEGF9","protein_coding","Up_in_MUT","ENSG00000106780","1955"
248.68276037569,-1.22629731270024,0.193706947048003,-6.33068318606225,2.44078047538726e-10,6.06787164828919e-09,"ENSG00000106809.11","OGN","protein_coding","Down_in_MUT","ENSG00000106809","4969"
3228.13237538486,1.48088679743549,0.140593590732283,10.5331031786178,6.07965550956579e-26,2.30672262792109e-23,"ENSG00000106853.20","PTGR1","protein_coding","Up_in_MUT","ENSG00000106853","22949"
542.643781476651,3.37441623906779,0.275129973330639,12.2648077860007,1.39943978564454e-34,1.48671818027591e-31,"ENSG00000106927.12","AMBP","protein_coding","Up_in_MUT","ENSG00000106927","259"
61.7094690653662,2.32059258972907,0.226486751514807,10.2460412108359,1.23290179140153e-24,4.13619084144822e-22,"ENSG00000107147.14","KCNT1","protein_coding","Up_in_MUT","ENSG00000107147","57582"
7.03483012162536,-1.28776119342998,0.378586507483762,-3.40149785577134,0.000670176543152482,0.00264870989667817,"ENSG00000107807.13","TLX1","protein_coding","Down_in_MUT","ENSG00000107807","3195"
6.2565491693033,-1.14775876340587,0.239559025812538,-4.79113136945227,1.65843491737717e-06,1.49544023576875e-05,"ENSG00000107831.13","FGF8","protein_coding","Down_in_MUT","ENSG00000107831","2253"
839.40005936434,1.31071493552727,0.292303907005411,4.48408284704524,7.32282095154167e-06,5.45803616806793e-05,"ENSG00000107984.10","DKK1","protein_coding","Up_in_MUT","ENSG00000107984","22943"
2.77253371353705,-2.49504074159997,0.40132332328528,-6.21703398939108,5.06640049542357e-10,1.16838820687152e-08,"ENSG00000108231.14","LGI1","protein_coding","Down_in_MUT","ENSG00000108231","9211"
175.382219126854,-2.03585403177266,0.302175198713324,-6.73733000074599,1.61323511937726e-11,5.5107627534483e-10,"ENSG00000108244.17","KRT23","protein_coding","Down_in_MUT","ENSG00000108244","25984"
113.495506931172,1.73532513829007,0.217899111298138,7.9638926838748,1.66709854311886e-15,1.40190231313301e-13,"ENSG00000108309.14","RUNDC3A","protein_coding","Up_in_MUT","ENSG00000108309","10900"
835.913025483208,2.61703051298435,0.147482960939592,17.7446295918636,1.89646476552219e-70,1.20884457083915e-66,"ENSG00000108448.21","TRIM16L","protein_coding","Up_in_MUT","ENSG00000108448",NA
736.952476901488,1.3918958283397,0.208270636384994,6.68311122729149,2.33921889290094e-11,7.67008696868785e-10,"ENSG00000108515.18","ENO3","protein_coding","Up_in_MUT","ENSG00000108515","2027"
4907.58387860587,1.35694889322462,0.19498005223961,6.95942419564575,3.41666298607082e-12,1.36115582536329e-10,"ENSG00000108551.5","RASD1","protein_coding","Up_in_MUT","ENSG00000108551","51655"
3300.95875435605,2.99189261420459,0.297185246222207,10.0674331994514,7.69603524419446e-24,2.33600323112116e-21,"ENSG00000108602.18","ALDH3A1","protein_coding","Up_in_MUT","ENSG00000108602","218"
9.57208909548311,-2.366405810098,0.282442347459004,-8.37836759036809,5.36668117202617e-17,5.83759370763297e-15,"ENSG00000108759.4","KRT32","protein_coding","Down_in_MUT","ENSG00000108759","3882"
1032.31178876975,-1.66306634341511,0.18692815755207,-8.89682092411276,5.74691163676622e-19,8.63961418751774e-17,"ENSG00000108924.14","HLF","protein_coding","Down_in_MUT","ENSG00000108924","3131"
8.88579354003028,2.34754303538335,0.586348233864427,4.00366693340486,6.23681558654166e-05,0.000346476467768292,"ENSG00000109132.7","PHOX2B","protein_coding","Up_in_MUT","ENSG00000109132","8929"
30.271643973279,-1.39050039097439,0.329419134614184,-4.22106746350039,2.43148147200738e-05,0.000153879559162723,"ENSG00000109182.12","CWH43","protein_coding","Down_in_MUT","ENSG00000109182","80157"
15.6395952325164,-1.0172370374674,0.272649663708314,-3.73093083494745,0.000190773597535343,0.000909384583764422,"ENSG00000109205.16","ODAM","protein_coding","Down_in_MUT","ENSG00000109205","54959"
3006.77479484633,-1.03085052878808,0.224212180272215,-4.59765623587679,4.27270206277803e-06,3.40443712756263e-05,"ENSG00000109321.11","AREG","protein_coding","Down_in_MUT","ENSG00000109321","374"
378.79355559178,-1.06390401551557,0.149995587140565,-7.09290210330363,1.3132836233177e-12,5.920178551451e-11,"ENSG00000109339.24","MAPK10","protein_coding","Down_in_MUT","ENSG00000109339","5602"
147.932146253775,-1.34114771855146,0.352363852634127,-3.80614443997473,0.000141149969602818,0.000702465752843755,"ENSG00000109511.12","ANXA10","protein_coding","Down_in_MUT","ENSG00000109511","11199"
245.112591038148,1.54573392940758,0.172797295448162,8.94535950576434,3.70740993091421e-19,5.73586708292072e-17,"ENSG00000109674.4","NEIL3","protein_coding","Up_in_MUT","ENSG00000109674","55247"
20.3846844537052,-1.39697240589388,0.242417960451197,-5.76266050293379,8.27982400453727e-09,1.39616013809053e-07,"ENSG00000109705.8","NKX3-2","protein_coding","Down_in_MUT","ENSG00000109705","579"
8547.43417480319,1.62416519905751,0.135465744791547,11.9894900482536,4.03380812864115e-33,3.57115274633117e-30,"ENSG00000109814.12","UGDH","protein_coding","Up_in_MUT","ENSG00000109814","7358"
485.61808040028,1.1414849527023,0.221590285835677,5.15133119846588,2.58643960307627e-07,2.94296381969454e-06,"ENSG00000109819.9","PPARGC1A","protein_coding","Up_in_MUT","ENSG00000109819","10891"
313.983742261185,-1.48351571189294,0.223039470444272,-6.65135955056713,2.90397889790697e-11,9.27381878308548e-10,"ENSG00000109956.13","B3GAT1","protein_coding","Down_in_MUT","ENSG00000109956","27087"
5.39949057427117,1.15546216570835,0.308459505078397,3.74591201336035,0.000179739585193025,0.000864527502620439,"ENSG00000110148.10","CCKBR","protein_coding","Up_in_MUT","ENSG00000110148","887"
26.9178821497669,-1.40258700020567,0.262465664645211,-5.34388755992758,9.09740128819775e-08,1.16583545016546e-06,"ENSG00000110203.9","FOLR3","protein_coding","Down_in_MUT","ENSG00000110203","2352"
1.14563018316268,-2.19046329351745,0.724712535319169,-3.02252712180941,0.00250673618611255,0.00813980529674915,"ENSG00000110244.7","APOA4","protein_coding","Down_in_MUT","ENSG00000110244","337"
4382.47472276385,1.19139241043785,0.473562176620976,2.51580989626078,0.0118759220697836,0.0301111783839359,"ENSG00000110680.13","CALCA","protein_coding","Up_in_MUT","ENSG00000110680","796"
380.192034225102,1.42361561411166,0.287668234768029,4.94881061601968,7.46683553091717e-07,7.44371333143137e-06,"ENSG00000111432.4","FZD10","protein_coding","Up_in_MUT","ENSG00000111432","11211"
33.3075469672681,-1.3400220903897,0.405993730006598,-3.30059799289986,0.000964790148307162,0.00362561334945143,"ENSG00000111701.7","APOBEC1","protein_coding","Down_in_MUT","ENSG00000111701","339"
216.761019595219,-1.6863200987529,0.216415651773181,-7.7920431583215,6.59342027310258e-15,5.07581878077421e-13,"ENSG00000111834.13","RSPH4A","protein_coding","Down_in_MUT","ENSG00000111834","345895"
56.3650664969033,-1.55137877282121,0.242587177910775,-6.3951392080245,1.6040115424153e-10,4.24244413844962e-09,"ENSG00000112164.6","GLP1R","protein_coding","Down_in_MUT","ENSG00000112164","2740"
891.912915914392,1.06588286491772,0.117729477062868,9.05366176347267,1.38252584250227e-19,2.28303011017564e-17,"ENSG00000112208.11","BAG2","protein_coding","Up_in_MUT","ENSG00000112208","9532"
17.2980057074009,-1.42268272586762,0.293158018707841,-4.85295518143561,1.21635187381929e-06,1.14052222919961e-05,"ENSG00000112333.12","NR2E1","protein_coding","Down_in_MUT","ENSG00000112333","7101"
66.9681022187957,-1.18047884987083,0.218287125825316,-5.40791787608907,6.37616471755062e-08,8.51696335763017e-07,"ENSG00000112530.11","PACRG","protein_coding","Down_in_MUT","ENSG00000112530","135138"
66.4864597016304,-1.93354980583553,0.299419748758699,-6.45765622959547,1.06336954116667e-10,2.93934524254318e-09,"ENSG00000112539.15","C6orf118","protein_coding","Down_in_MUT","ENSG00000112539","168090"
9.02517091682816,-2.48011743409073,0.395278230360654,-6.27435877717793,3.51078118782299e-10,8.38143125371585e-09,"ENSG00000113196.3","HAND1","protein_coding","Down_in_MUT","ENSG00000113196","9421"
18.0011294974561,-1.22749033177517,0.195082579635791,-6.29215757791818,3.13083415394742e-10,7.61119872772375e-09,"ENSG00000113262.16","GRM6","protein_coding","Down_in_MUT","ENSG00000113262","2916"
357.10477759545,-2.49247514535252,0.222056519648896,-11.2245078383355,3.09102620729805e-29,1.79116538641447e-26,"ENSG00000113296.14","THBS4","protein_coding","Down_in_MUT","ENSG00000113296","7060"
2999.00529603306,1.03787323360744,0.146178577546945,7.10003648293903,1.2472396006387e-12,5.6499580068619e-11,"ENSG00000113448.19","PDE4D","protein_coding","Up_in_MUT","ENSG00000113448","5144"
4.96407131189976,1.4617112579772,0.270912034627717,5.3955198409176,6.832544148914e-08,9.05823687895333e-07,"ENSG00000113905.5","HRG","protein_coding","Up_in_MUT","ENSG00000113905","3273"
1235.01710815074,2.18140587525526,0.236042624326928,9.24157609870464,2.42892658346735e-20,4.39842722395953e-18,"ENSG00000113924.12","HGD","protein_coding","Up_in_MUT","ENSG00000113924","3081"
53.2053952612864,-1.38323418590243,0.185988797640703,-7.437190860143,1.02848903414978e-13,6.1847120768656e-12,"ENSG00000113946.4","CLDN16","protein_coding","Down_in_MUT","ENSG00000113946","10686"
22.2801478654411,-1.05560070585905,0.232829916210618,-4.53378467440648,5.79360920839188e-06,4.43545806102949e-05,"ENSG00000114204.15","SERPINI2","protein_coding","Down_in_MUT","ENSG00000114204","5276"
332.208483760742,-2.13975712828801,0.240668382990532,-8.89089419100052,6.0619082050542e-19,9.07037917386302e-17,"ENSG00000114248.10","LRRC31","protein_coding","Down_in_MUT","ENSG00000114248","79782"
189.336275791914,1.41000603466181,0.224639921444744,6.27673846034812,3.45748947924932e-10,8.27279633582245e-09,"ENSG00000114279.13","FGF12","protein_coding","Up_in_MUT","ENSG00000114279","2257"
2.12471380290366,1.83022491084981,0.359923389247761,5.08504022112866,3.67548171393033e-07,4.00209353278693e-06,"ENSG00000114349.10","GNAT1","protein_coding","Up_in_MUT","ENSG00000114349","2779"
1648.47463577407,-3.96645102924139,0.3098138398882,-12.8026915475201,1.58365529220023e-37,2.29421262807789e-34,"ENSG00000114455.13","HHLA2","protein_coding","Down_in_MUT","ENSG00000114455","11148"
49.4999832196754,1.22323196907254,0.214849071143398,5.6934477890114,1.2449929952194e-08,2.00602486100291e-07,"ENSG00000115194.11","SLC30A3","protein_coding","Up_in_MUT","ENSG00000115194","7781"
58.5408822772813,-1.54320673417899,0.533689347036238,-2.8915824210263,0.0038330703669789,0.0117104855891473,"ENSG00000115386.6","REG1A","protein_coding","Down_in_MUT","ENSG00000115386","5967"
187.793117742062,-1.11670994146095,0.194744553842904,-5.73422937599464,9.79566918132467e-09,1.61676733546348e-07,"ENSG00000115423.19","DNAH6","protein_coding","Down_in_MUT","ENSG00000115423","1768"
2.15229137579305,-1.00960226403745,0.280220556040201,-3.60288437901969,0.000314705534622025,0.00139907659282167,"ENSG00000115474.7","KCNJ13","protein_coding","Down_in_MUT","ENSG00000115474","3769"
43.6308793374369,1.39735186310441,0.11899275844701,11.7431672426241,7.6564396555897e-32,5.95166800642194e-29,"ENSG00000115657.14","ABCB6","protein_coding","Up_in_MUT","ENSG00000115657","10058"
11.2798896780388,-1.6502650482626,0.311084586841049,-5.30487564498274,1.12749832472544e-07,1.41196460146658e-06,"ENSG00000115665.9","SLC5A7","protein_coding","Down_in_MUT","ENSG00000115665","60482"
249.664890349046,1.39202230795714,0.221151513984204,6.29442811798505,3.08535208527958e-10,7.53511542604947e-09,"ENSG00000115718.18","PROC","protein_coding","Up_in_MUT","ENSG00000115718","5624"
15934.7488600477,1.86231799149626,0.178050897842043,10.4594698149088,1.32595519754044e-25,4.91389745358273e-23,"ENSG00000115758.13","ODC1","protein_coding","Up_in_MUT","ENSG00000115758","4953"
70.1122643991286,-1.22796640521305,0.298249549856242,-4.1172447898243,3.83428752276138e-05,0.000228074986259664,"ENSG00000115850.10","LCT","protein_coding","Down_in_MUT","ENSG00000115850","3938"
2202.31799679185,2.21379868236536,0.199185596490248,11.1142508362734,1.06944466230913e-28,5.58758538236957e-26,"ENSG00000115919.15","KYNU","protein_coding","Up_in_MUT","ENSG00000115919","8942"
638.737923233085,-2.46204365276061,0.249756750902802,-9.85776618193902,6.34451527006135e-23,1.72825680488996e-20,"ENSG00000116031.9","CD207","protein_coding","Down_in_MUT","ENSG00000116031","50489"
80.629376084535,-1.05746882166598,0.190544454304506,-5.54972237594519,2.86123595822176e-08,4.19459297260744e-07,"ENSG00000116032.5","GRIN3B","protein_coding","Down_in_MUT","ENSG00000116032","116444"
77.7315668417444,2.32872199867731,0.266529959451501,8.73718663173797,2.38987483510446e-18,3.24117876040911e-16,"ENSG00000116183.11","PAPPA2","protein_coding","Up_in_MUT","ENSG00000116183","60676"
348.186402620264,-1.0612767560262,0.226974444120877,-4.67575440105939,2.92874950953155e-06,2.45508089474697e-05,"ENSG00000116690.13","PRG4","protein_coding","Down_in_MUT","ENSG00000116690","10216"
2.92937540522965,-1.64084088493744,0.336904697123542,-4.87034137234289,1.11405607948355e-06,1.0579881200602e-05,"ENSG00000116745.7","RPE65","protein_coding","Down_in_MUT","ENSG00000116745","6121"
55.7335912943892,-1.00125799208385,0.185566179097033,-5.39569223743239,6.82598638928681e-08,9.05625601911767e-07,"ENSG00000116748.21","AMPD1","protein_coding","Down_in_MUT","ENSG00000116748","270"
64.849557943211,1.18192714729318,0.200533592940015,5.89391098999917,3.77160386491323e-09,6.96435612854284e-08,"ENSG00000116785.14","CFHR3","protein_coding","Up_in_MUT","ENSG00000116785","10878"
1.42270590149052,-1.27934412882042,0.285890872342915,-4.4749387006868,7.64332380370119e-06,5.6677611202364e-05,"ENSG00000116882.15","HAO2","protein_coding","Down_in_MUT","ENSG00000116882","51179"
125.463248055696,-1.14879645817566,0.235175030964115,-4.88485726340121,1.03503807566077e-06,9.918129437578e-06,"ENSG00000116983.13","HPCAL4","protein_coding","Down_in_MUT","ENSG00000116983","51440"
16.6637482403796,1.89604089950218,0.420509458008227,4.50891380299249,6.51603742929293e-06,4.92231877006388e-05,"ENSG00000117148.8","ACTL8","protein_coding","Up_in_MUT","ENSG00000117148","81569"
20.5785006740812,-1.69795811264163,0.268175951838039,-6.33150773215896,2.42777001604983e-10,6.04495767043157e-09,"ENSG00000117501.14","MROH9","protein_coding","Down_in_MUT","ENSG00000117501","80133"
12.1018086491358,-1.25942119552844,0.264131571842135,-4.76815848535201,1.85917506306129e-06,1.65052279762748e-05,"ENSG00000117507.6","FMO6P","transcribed_unitary_pseudogene","Down_in_MUT","ENSG00000117507",NA
121.154653087085,1.10625596894941,0.187125143841618,5.91185100109124,3.3828448158451e-09,6.31973312577955e-08,"ENSG00000118004.18","COLEC11","protein_coding","Up_in_MUT","ENSG00000118004","78989"
7.32753816865848,-1.39855544637097,0.240899454089736,-5.80555672762132,6.41524792928898e-09,1.11483297030736e-07,"ENSG00000118017.4","A4GNT","protein_coding","Down_in_MUT","ENSG00000118017","51146"
41.7813238030718,-1.95866201247078,0.289387357905475,-6.76830538364619,1.30299505764029e-11,4.55348196075151e-10,"ENSG00000118492.17","ADGB","protein_coding","Down_in_MUT","ENSG00000118492","79747"
112.878408447817,-1.46284930860118,0.240281726217997,-6.08805892826823,1.14287809158308e-09,2.40903886619341e-08,"ENSG00000119147.10","ECRG4","protein_coding","Down_in_MUT","ENSG00000119147","84417"
752.188884954526,-1.01884257454427,0.12948287872521,-7.8685505340553,3.58773633122367e-15,2.84439663214999e-13,"ENSG00000119714.11","GPR68","protein_coding","Down_in_MUT","ENSG00000119714","8111"
3.10889155183223,1.94490586131161,0.506447715549074,3.84028953354643,0.000122889289269727,0.000623365357045275,"ENSG00000119973.6","PRLHR","protein_coding","Up_in_MUT","ENSG00000119973","2834"
3.40478768264587,-1.12162712873473,0.381555532617112,-2.93961699635548,0.00328618179125306,0.0102619929324933,"ENSG00000120094.9","HOXB1","protein_coding","Down_in_MUT","ENSG00000120094","3211"
10.7524033909105,-1.40617600433006,0.217582503906,-6.46272553668907,1.02833711096533e-10,2.84992452726748e-09,"ENSG00000120210.8","INSL6","protein_coding","Down_in_MUT","ENSG00000120210","11172"
260.053743187019,1.75144728161181,0.538297768546537,3.25367739558147,0.00113921571691022,0.0041752465632067,"ENSG00000120211.4","INSL4","protein_coding","Up_in_MUT","ENSG00000120211","3641"
389.199021021496,-1.41789984829358,0.17122815617169,-8.28076339776653,1.22388141757139e-16,1.24946686933816e-14,"ENSG00000120262.10","CCDC170","protein_coding","Down_in_MUT","ENSG00000120262","80129"
5520.81327091809,1.13057519813555,0.191371464482754,5.90775224086467,3.46807069865321e-09,6.45624306289583e-08,"ENSG00000120875.9","DUSP4","protein_coding","Up_in_MUT","ENSG00000120875","1846"
21017.2573274501,1.23728320285796,0.173508368662981,7.13097133234672,9.96630776051991e-13,4.65742220873211e-11,"ENSG00000120885.22","CLU","protein_coding","Up_in_MUT","ENSG00000120885","1191"
0.80101605683967,-1.74047467179756,0.58079702310718,-2.99670040057415,0.00272918789089744,0.00875862926903558,"ENSG00000121335.12","PRB2","protein_coding","Down_in_MUT","ENSG00000121335","653247"
553.624946124931,1.04327803712287,0.136627697658176,7.63591903402347,2.24215201566055e-14,1.52365942198545e-12,"ENSG00000121361.5","KCNJ8","protein_coding","Up_in_MUT","ENSG00000121361","3764"
181.375435167531,-1.02926789727135,0.177929653584678,-5.78469005326038,7.26461491306859e-09,1.2387936965993e-07,"ENSG00000121690.11","DEPDC7","protein_coding","Down_in_MUT","ENSG00000121690","91614"
211.597008943118,-1.02200281638311,0.286196176100336,-3.57098697232354,0.000355638585889893,0.00155331744153718,"ENSG00000121742.19","GJB6","protein_coding","Down_in_MUT","ENSG00000121742","10804"
1041.95598780593,-1.55582035359177,0.189698352948856,-8.20154908783648,2.37308949790743e-16,2.29886733701544e-14,"ENSG00000121769.8","FABP3","protein_coding","Down_in_MUT","ENSG00000121769","2170"
22.823689919708,-1.02481365029367,0.216292148860777,-4.73809916675859,2.15732241888807e-06,1.87295077124439e-05,"ENSG00000122012.14","SV2C","protein_coding","Down_in_MUT","ENSG00000122012","22987"
4.11512796183784,-1.2450893048694,0.351017147327148,-3.54708969162973,0.00038951195937351,0.00167419226664776,"ENSG00000122194.19","PLG","protein_coding","Down_in_MUT","ENSG00000122194","5340"
169.294905565633,-1.72528328919399,0.213185112192966,-8.09288824837044,5.82663181272548e-16,5.26063973097376e-14,"ENSG00000122420.10","PTGFR","protein_coding","Down_in_MUT","ENSG00000122420","5737"
3.08250337510063,-1.0873035322581,0.244591691842616,-4.44538211444127,8.77357812898366e-06,6.39576186067791e-05,"ENSG00000122548.5","KIAA0087","lncRNA","Down_in_MUT","ENSG00000122548","9808"
221.778407199493,1.28351341298118,0.161450797546326,7.94987347530999,1.86702098928434e-15,1.54555392076575e-13,"ENSG00000122574.11","WIPF3","protein_coding","Up_in_MUT","ENSG00000122574","644150"
8.29001894320019,-1.19849421570518,0.501784574638797,-2.38846364810616,0.0169189820194,0.0404246852043104,"ENSG00000122585.8","NPY","protein_coding","Down_in_MUT","ENSG00000122585","4852"
133.666321813789,-1.8371010041564,0.251211713075038,-7.31295918358573,2.61322413657079e-13,1.41884269943182e-11,"ENSG00000122735.16","DNAI1","protein_coding","Down_in_MUT","ENSG00000122735","27019"
22.2485754524279,-1.13371446569215,0.230960790183831,-4.90868802791064,9.16876962107223e-07,8.91179800528189e-06,"ENSG00000122756.15","CNTFR","protein_coding","Down_in_MUT","ENSG00000122756","1271"
6.58773146308163,-1.36495509906215,0.274823042204318,-4.96666905407214,6.8112678255897e-07,6.88930234431512e-06,"ENSG00000123560.14","PLP1","protein_coding","Down_in_MUT","ENSG00000123560","5354"
0.655680807991741,2.49646649625501,0.672595676749836,3.71168977522813,0.00020588022324863,0.000969504816069308,"ENSG00000123576.5","ESX1","protein_coding","Up_in_MUT","ENSG00000123576","80712"
12168.5914054692,-1.09405405603646,0.229295142735493,-4.77137911856479,1.82968777127155e-06,1.62661029172093e-05,"ENSG00000123838.11","C4BPA","protein_coding","Down_in_MUT","ENSG00000123838","722"
535.731296715312,-1.21824536995394,0.234580182807493,-5.19330045434266,2.06598361754902e-07,2.41013776994527e-06,"ENSG00000123843.13","C4BPB","protein_coding","Down_in_MUT","ENSG00000123843","725"
638.355267421608,2.6291920520427,0.32194334379817,8.16662963434638,3.17124595708207e-16,2.99913293466358e-14,"ENSG00000123999.5","INHA","protein_coding","Up_in_MUT","ENSG00000123999","3623"
6.79371072775932,-1.45511092567041,0.376146928200923,-3.86846419996057,0.000109523012559425,0.000564549237147249,"ENSG00000124092.12","CTCFL","protein_coding","Down_in_MUT","ENSG00000124092","140690"
20949.7630145421,1.95669685007514,0.20410263151082,9.5868281344105,9.08345329642448e-22,2.03872352119961e-19,"ENSG00000124107.5","SLPI","protein_coding","Up_in_MUT","ENSG00000124107","6590"
9.10474252995369,-1.38897821773966,0.353400494589668,-3.93032335552444,8.48316981501374e-05,0.000452043312446586,"ENSG00000124205.18","EDN3","protein_coding","Down_in_MUT","ENSG00000124205","1908"
398.120506097454,-1.94439844058932,0.323943107246615,-6.00228372542303,1.9456132812723e-09,3.86149341045051e-08,"ENSG00000124237.6","C20orf85","protein_coding","Down_in_MUT","ENSG00000124237","128602"
72.4681102884033,1.77064192669137,0.238637387321904,7.41980100671696,1.1729643187121e-13,6.93572278324184e-12,"ENSG00000124343.14","XG","protein_coding","Up_in_MUT","ENSG00000124343","7499"
976.170147974158,1.13283017255425,0.211729527298125,5.35036462325432,8.77771949040518e-08,1.12804313660768e-06,"ENSG00000124466.9","LYPD3","protein_coding","Up_in_MUT","ENSG00000124466","27076"
22.5477710035714,-2.19702344046905,0.297679995441605,-7.38048734920797,1.57711162988206e-13,9.04031020790851e-12,"ENSG00000124469.12","CEACAM8","protein_coding","Down_in_MUT","ENSG00000124469","1088"
41.0134562679507,-2.57993046874267,0.286603173035274,-9.00175124169036,2.22145434765096e-19,3.53999857569919e-17,"ENSG00000124479.11","NDP","protein_coding","Down_in_MUT","ENSG00000124479","4693"
111.644483045215,1.02190813018885,0.182719041794868,5.59278398217583,2.23457241852904e-08,3.36251452081865e-07,"ENSG00000124635.9","H2BC11","protein_coding","Up_in_MUT","ENSG00000124635","8970"
45.7046981213535,-1.09419398718072,0.280395280765851,-3.90232668749672,9.52724519273409e-05,0.000499002188229463,"ENSG00000124678.20","TCP11","protein_coding","Down_in_MUT","ENSG00000124678","6954"
33.485911552391,-1.60191635594723,0.211490377836392,-7.57441720202734,3.60743377706004e-14,2.3803834763702e-12,"ENSG00000124701.5","APOBEC2","protein_coding","Down_in_MUT","ENSG00000124701","10930"
559.913172362118,-1.19123346659165,0.168823350771609,-7.05609420229553,1.71247755462302e-12,7.48674514998494e-11,"ENSG00000124749.17","COL21A1","protein_coding","Down_in_MUT","ENSG00000124749","81578"
254.650713164372,-1.31480430012627,0.257883087131766,-5.09845106458829,3.424440323919e-07,3.75957070491293e-06,"ENSG00000124875.10","CXCL6","protein_coding","Down_in_MUT","ENSG00000124875","6372"
1607.5468043066,-2.7187834290489,0.306695268424613,-8.86477135110153,7.66612285814187e-19,1.12593088300387e-16,"ENSG00000124882.4","EREG","protein_coding","Down_in_MUT","ENSG00000124882","2069"
16.0787679515869,-2.01140283759566,0.465360357633235,-4.3222479194949,1.54447498383268e-05,0.000103651215434263,"ENSG00000125255.7","SLC10A2","protein_coding","Down_in_MUT","ENSG00000125255","6555"
27.7312725597239,-1.23636862700879,0.178880170010192,-6.91171428861201,4.78831520821665e-12,1.84634382770339e-10,"ENSG00000125409.13","TEKT3","protein_coding","Down_in_MUT","ENSG00000125409","64518"
207.763552022787,1.93689635946104,0.243761943521345,7.94585213541113,1.92860365928616e-15,1.5923970783707e-13,"ENSG00000125462.19","MIR9-1HG","lncRNA","Up_in_MUT","ENSG00000125462","10485"
516.9267283863,-4.33074600430342,0.325970206527195,-13.2857111404202,2.80183817945953e-40,5.58108653859717e-37,"ENSG00000125571.9","IL37","protein_coding","Down_in_MUT","ENSG00000125571","27178"
1020.25621093827,1.08411075874328,0.188129441943909,5.76257893257617,8.28382799764425e-09,1.39616013809053e-07,"ENSG00000125775.15","SDCBP2","protein_coding","Up_in_MUT","ENSG00000125775","27111"
5.30611540372107,-1.60052096063235,0.399476154634336,-4.00654943246212,6.16122353138984e-05,0.000343054429016292,"ENSG00000125813.13","PAX1","protein_coding","Down_in_MUT","ENSG00000125813","5075"
4.70172956354969,-1.8802341082798,0.56873725658409,-3.30598019826015,0.000946447760156733,0.00356466988465555,"ENSG00000125816.5","NKX2-4","protein_coding","Down_in_MUT","ENSG00000125816","644524"
4247.60150881609,4.75345802730613,0.397221484000908,11.966769721084,5.30542116265299e-33,4.56997507770036e-30,"ENSG00000125851.10","PCSK2","protein_coding","Up_in_MUT","ENSG00000125851","5126"
1173.72187862521,-1.55373278398819,0.219457068787476,-7.07989399736692,1.44264770548089e-12,6.44861501001143e-11,"ENSG00000125872.8","LRRN4","protein_coding","Down_in_MUT","ENSG00000125872","164312"
52.736061329918,-1.51415040362275,0.209118176194795,-7.24064464971379,4.46557026122509e-13,2.29692705361871e-11,"ENSG00000125965.9","GDF5","protein_coding","Down_in_MUT","ENSG00000125965","8200"
6.1957058682964,-1.00788574036056,0.194745265676207,-5.17540560927585,2.27416381791923e-07,2.6194389244996e-06,"ENSG00000125997.5","BPIFB9P","transcribed_unitary_pseudogene","Down_in_MUT","ENSG00000125997","402016"
8767.65956864601,-1.34248850668252,0.290200193281877,-4.62607723137708,3.72656387136864e-06,3.02596986355134e-05,"ENSG00000125999.11","BPIFB1","protein_coding","Down_in_MUT","ENSG00000125999","92747"
2.0904835079024,-1.05144822254263,0.371488972255949,-2.83036187092575,0.00464953829228414,0.0137871002370505,"ENSG00000126233.2","SLURP1","protein_coding","Down_in_MUT","ENSG00000126233","57152"
15.3107347035424,2.17373328395837,0.714221685506538,3.04349941771471,0.00233843893670388,0.00767384548514101,"ENSG00000126752.8","SSX1","protein_coding","Up_in_MUT","ENSG00000126752","6756"
78.6560119285245,-1.17774081340815,0.228064966395362,-5.16405843485177,2.4165220278143e-07,2.76542095326641e-06,"ENSG00000126838.10","PZP","protein_coding","Down_in_MUT","ENSG00000126838","5858"
171.816053987887,-1.40214147499452,0.204779436070206,-6.84708143504123,7.5371817592063e-12,2.78351703183852e-10,"ENSG00000126861.5","OMG","protein_coding","Down_in_MUT","ENSG00000126861","4974"
59.1752444093313,-1.04453935869513,0.165950520446356,-6.29428190936455,3.08826130911656e-10,7.53644534325067e-09,"ENSG00000127074.15","RGS13","protein_coding","Down_in_MUT","ENSG00000127074","6003"
196.216635018818,-1.08758677552298,0.18520460767093,-5.87235268711779,4.29653452531515e-09,7.81145760731997e-08,"ENSG00000127083.7","OMD","protein_coding","Down_in_MUT","ENSG00000127083","4958"
3103.42095313265,-1.65164291380513,0.201303714023947,-8.20473145174388,2.31106885663597e-16,2.2503031390751e-14,"ENSG00000127249.15","ATP13A4","protein_coding","Down_in_MUT","ENSG00000127249","84239"
57.7489950164593,-1.56982927595986,0.213105950972622,-7.3664262719793,1.75262799604981e-13,9.95996633460279e-12,"ENSG00000127377.10","CRYGN","protein_coding","Down_in_MUT","ENSG00000127377","155051"
59.6626628460726,-1.26359932756677,0.215819923460003,-5.85487802659216,4.7736022742305e-09,8.55677604510688e-08,"ENSG00000128040.11","SPINK2","protein_coding","Down_in_MUT","ENSG00000128040","6691"
423.224388840497,-1.15190814176163,0.175755059978656,-6.55405393108753,5.59957289859667e-11,1.67571819578568e-09,"ENSG00000128268.12","MGAT3","protein_coding","Down_in_MUT","ENSG00000128268","4248"
6518.68208354641,-1.03697860035598,0.116887256074255,-8.87161385409901,7.20933893530204e-19,1.06374463521764e-16,"ENSG00000128283.7","CDC42EP1","protein_coding","Down_in_MUT","ENSG00000128283","11135"
106.730698170341,1.98510899147918,0.259620966261889,7.64618135453951,2.07035619186317e-14,1.4168586320808e-12,"ENSG00000128564.7","VGF","protein_coding","Up_in_MUT","ENSG00000128564","7425"
98.6358579672041,-1.53072061403975,0.233434854495933,-6.55737814879918,5.47620240492902e-11,1.64188190825487e-09,"ENSG00000128645.15","HOXD1","protein_coding","Down_in_MUT","ENSG00000128645","3231"
54.8382914258347,-1.0289682088093,0.226716878955059,-4.53856022344621,5.66396206036049e-06,4.3508347752651e-05,"ENSG00000129151.9","BBOX1","protein_coding","Down_in_MUT","ENSG00000129151","8424"
130.873197703435,-1.43101833212679,0.301876024165703,-4.74041731562388,2.13278476977649e-06,1.85417303321185e-05,"ENSG00000129437.11","KLK14","protein_coding","Down_in_MUT","ENSG00000129437","43847"
56.0184102472932,1.56511176969722,0.471743202417665,3.31771981382261,0.000907554732203118,0.00344054679077502,"ENSG00000129455.15","KLK8","protein_coding","Up_in_MUT","ENSG00000129455","11202"
75.4551007874601,1.55678678360409,0.27874880390935,5.58490928667938,2.33822229803489e-08,3.49537912104456e-07,"ENSG00000129990.15","SYT5","protein_coding","Up_in_MUT","ENSG00000129990","6861"
17.7802045195585,1.19822043358441,0.177153347277253,6.7637470699842,1.34467753073903e-11,4.68373962646815e-10,"ENSG00000130045.16","NXNL2","protein_coding","Up_in_MUT","ENSG00000130045","158046"
10.9643997615003,-1.26402253764847,0.204367835303015,-6.18503658256355,6.20880697899471e-10,1.39647767979916e-08,"ENSG00000130055.14","GDPD2","protein_coding","Down_in_MUT","ENSG00000130055","54857"
79.670560969383,-1.34781737545951,0.304671683657196,-4.42383538660593,9.69639132353983e-06,6.94457725556265e-05,"ENSG00000130433.7","CACNG6","protein_coding","Down_in_MUT","ENSG00000130433","59285"
152.054037969147,1.08484881992456,0.235720972930873,4.60225836689846,4.17934300736258e-06,3.34420891256974e-05,"ENSG00000130477.15","UNC13A","protein_coding","Up_in_MUT","ENSG00000130477","23025"
27.0356207338949,-1.47051014470294,0.229879465199819,-6.39687474226864,1.5858931557481e-10,4.20149632309623e-09,"ENSG00000130595.19","TNNT3","protein_coding","Down_in_MUT","ENSG00000130595","7140"
107.810470337448,-1.24797548709466,0.174557711289897,-7.14935752693322,8.71849835934318e-13,4.13492948230099e-11,"ENSG00000130598.16","TNNI2","protein_coding","Down_in_MUT","ENSG00000130598","7136"
1946.32939395399,-1.09658907430286,0.277710758859483,-3.94867335643165,7.85854961301356e-05,0.000423933369526668,"ENSG00000130600.19","H19","lncRNA","Down_in_MUT","ENSG00000130600","283120"
59.65813851592,-1.4226112367446,0.198105712184146,-7.18107126271168,6.91672855296057e-13,3.35019841506697e-11,"ENSG00000131044.17","TTLL9","protein_coding","Down_in_MUT","ENSG00000131044","164395"
1097.3597990571,-1.18965722856822,0.156539624187421,-7.59971946236357,2.96773392548834e-14,1.97462730562085e-12,"ENSG00000131435.13","PDLIM4","protein_coding","Down_in_MUT","ENSG00000131435","8572"
1277.89482674404,-1.18683478134437,0.162957022826585,-7.28311527025978,3.26198274610864e-13,1.72982782198384e-11,"ENSG00000131620.17","ANO1","protein_coding","Down_in_MUT","ENSG00000131620","55107"
839.328362669701,1.15118980367732,0.348948243273396,3.29902736542902,0.000970204527816203,0.00364285068115911,"ENSG00000131668.14","BARX1","protein_coding","Up_in_MUT","ENSG00000131668","56033"
1.25566714676784,-1.96657360498536,0.479895502614392,-4.09792047283584,4.16878447698105e-05,0.000244864227913496,"ENSG00000131738.11","KRT33B","protein_coding","Down_in_MUT","ENSG00000131738","3884"
3390.69232191729,-1.25855595655908,0.232539390064738,-5.41222696167176,6.22457233980905e-08,8.34595477669559e-07,"ENSG00000131771.14","PPP1R1B","protein_coding","Down_in_MUT","ENSG00000131771","84152"
47.4542322620761,-1.19781259856043,0.229807720966878,-5.21223827259079,1.86575692640514e-07,2.20316928497437e-06,"ENSG00000132259.13","CNGA4","protein_coding","Down_in_MUT","ENSG00000132259","1262"
110.095188047834,1.67218006667748,0.291010777445608,5.74611044084106,9.13196731854667e-09,1.52299806598326e-07,"ENSG00000132429.10","POPDC3","protein_coding","Up_in_MUT","ENSG00000132429","64208"
534.456931945333,2.07195162185275,0.302786280482234,6.84295080527706,7.75782991989161e-12,2.85837916042619e-10,"ENSG00000132437.18","DDC","protein_coding","Up_in_MUT","ENSG00000132437","1644"
99.8667142110588,-1.06027433082271,0.202178124996081,-5.24425840255104,1.56912162702525e-07,1.89071740547908e-06,"ENSG00000132554.20","RGS22","protein_coding","Down_in_MUT","ENSG00000132554","26166"
147.237625519716,1.78990375896975,0.197112513318863,9.08061963612772,1.07958473837265e-19,1.81091816824603e-17,"ENSG00000132639.13","SNAP25","protein_coding","Up_in_MUT","ENSG00000132639","6616"
102.932161431727,1.50160784655178,0.196142471257531,7.65569963977971,1.92262614501765e-14,1.33498949603175e-12,"ENSG00000132692.19","BCAN","protein_coding","Up_in_MUT","ENSG00000132692","63827"
3882.46606764357,-1.08740752241036,0.189363884866368,-5.74242297140098,9.3331338441966e-09,1.55241258969171e-07,"ENSG00000132821.12","VSTM2L","protein_coding","Down_in_MUT","ENSG00000132821","128434"
1034.3908228072,1.87702076626808,0.244346674393682,7.68179379124223,1.56876216946441e-14,1.11106709117778e-12,"ENSG00000132840.10","BHMT2","protein_coding","Up_in_MUT","ENSG00000132840","23743"
24.160110149824,2.37947704132368,0.403113689897878,5.90274431495115,3.57504119992889e-09,6.62828028405665e-08,"ENSG00000132872.12","SYT4","protein_coding","Up_in_MUT","ENSG00000132872","6860"
379.835513526099,2.57525983157472,0.350043192874951,7.35697732163785,1.88121293961426e-13,1.05742747087207e-11,"ENSG00000132874.15","SLC14A2","protein_coding","Up_in_MUT","ENSG00000132874","8170"
2041.96890825112,-1.16481013559883,0.129142509587925,-9.01957178403588,1.88825941834228e-19,3.03943009707004e-17,"ENSG00000132965.10","ALOX5AP","protein_coding","Down_in_MUT","ENSG00000132965","241"
16.2160512086714,-2.71428392465508,0.376254226164445,-7.21396262395411,5.43466787933617e-13,2.72768976350115e-11,"ENSG00000132975.8","GPR12","protein_coding","Down_in_MUT","ENSG00000132975","2835"
9613.11429975443,-1.01363374642292,0.198794168049098,-5.09891088038644,3.4161333002644e-07,3.75250306396486e-06,"ENSG00000133048.13","CHI3L1","protein_coding","Down_in_MUT","ENSG00000133048","1116"
171.573238032447,-2.89748590503458,0.265306785022638,-10.9212657519759,9.12156488344514e-28,4.09455485070817e-25,"ENSG00000133055.9","MYBPH","protein_coding","Down_in_MUT","ENSG00000133055","4608"
4.88288642285572,-1.80403973447691,0.358700400412705,-5.02937753178212,4.92074674426569e-07,5.15885261468723e-06,"ENSG00000133105.8","RXFP2","protein_coding","Down_in_MUT","ENSG00000133105","122042"
86.6501952613826,-1.60234238015896,0.290799730854018,-5.51012332595085,3.58582374097213e-08,5.13173724510655e-07,"ENSG00000133115.12","STOML3","protein_coding","Down_in_MUT","ENSG00000133115","161003"
4.97548024425581,2.93406254812385,0.362412496556261,8.09591991447339,5.68332061637175e-16,5.17523175326812e-14,"ENSG00000133124.11","IRS4","protein_coding","Up_in_MUT","ENSG00000133124","8471"
29.151200972778,-1.22078161951709,0.199733792812007,-6.11204344708012,9.83633939978014e-10,2.10964988566886e-08,"ENSG00000133317.16","LGALS12","protein_coding","Down_in_MUT","ENSG00000133317","85329"
40.3021376086973,-1.10198299025305,0.212907262302776,-5.17588258067928,2.26836090567242e-07,2.6136995815143e-06,"ENSG00000133475.17","GGT2","protein_coding","Down_in_MUT","ENSG00000133475",NA
552.188298391734,1.57060739237394,0.236049754896589,6.65371329473317,2.8578914077258e-11,9.15415648800292e-10,"ENSG00000133477.17","FAM83F","protein_coding","Up_in_MUT","ENSG00000133477","113828"
548.598693053318,1.82193295089967,0.391403700599914,4.65486899614681,3.24186764149443e-06,2.67950113075905e-05,"ENSG00000133636.11","NTS","protein_coding","Up_in_MUT","ENSG00000133636","4922"
175.952764826669,-1.13847965366694,0.204558531193828,-5.56554472220073,2.61334745694883e-08,3.86631058050194e-07,"ENSG00000133640.20","LRRIQ1","protein_coding","Down_in_MUT","ENSG00000133640","84125"
1433.75528034869,-1.76488539728161,0.249725242096526,-7.06730878490622,1.57967190390211e-12,6.9827632800644e-11,"ENSG00000133710.16","SPINK5","protein_coding","Down_in_MUT","ENSG00000133710","11005"
39.2778541223962,1.05170805889186,0.380797234196744,2.76185844970839,0.00574733897569702,0.0164576316706595,"ENSG00000133863.9","TEX15","protein_coding","Up_in_MUT","ENSG00000133863","56154"
176.716626830894,-2.97652691542224,0.424806041571365,-7.00679045055955,2.43847053476508e-12,1.0033800076219e-10,"ENSG00000134193.15","REG4","protein_coding","Down_in_MUT","ENSG00000134193","83998"
11.4737433832699,-1.16866956073408,0.215244710634366,-5.4294925867855,5.65145004163235e-08,7.66130856132985e-07,"ENSG00000134207.17","SYT6","protein_coding","Down_in_MUT","ENSG00000134207","148281"
541.079378561623,-1.23939319917285,0.250974435823133,-4.93832447559032,7.87966560681095e-07,7.78947960777518e-06,"ENSG00000134258.17","VTCN1","protein_coding","Down_in_MUT","ENSG00000134258","79679"
164.426960244492,-1.30591538331629,0.255044786317864,-5.12033749903328,3.04989329446208e-07,3.39990028638689e-06,"ENSG00000134323.12","MYCN","protein_coding","Down_in_MUT","ENSG00000134323","4613"
1.39821592190198,1.25413965951526,0.364554502806702,3.44019796727143,0.000581288831138145,0.00235164462264583,"ENSG00000134389.10","CFHR5","protein_coding","Up_in_MUT","ENSG00000134389","81494"
156.267706000645,1.64554528335732,0.304096235116685,5.41126490015869,6.25811159616684e-08,8.38739590754556e-07,"ENSG00000134548.11","SPX","protein_coding","Up_in_MUT","ENSG00000134548","80763"
766.821888614695,1.29118356492256,0.176359329066166,7.32132273217107,2.45538523654216e-13,1.35156447105069e-11,"ENSG00000134569.10","LRP4","protein_coding","Up_in_MUT","ENSG00000134569","4038"
50.2292393308962,-2.32416334341528,0.348509944247445,-6.66885803914136,2.57801465554043e-11,8.32461044445077e-10,"ENSG00000134757.5","DSG3","protein_coding","Down_in_MUT","ENSG00000134757","1830"
119.731540212055,-1.56262147374099,0.258561698337154,-6.04351488944581,1.50792452835007e-09,3.08070914378495e-08,"ENSG00000134762.17","DSC3","protein_coding","Down_in_MUT","ENSG00000134762","1825"
1245.47986025415,-1.68718252056159,0.341834210043052,-4.93567487101158,7.98740751862385e-07,7.88620399708986e-06,"ENSG00000134827.8","TCN1","protein_coding","Down_in_MUT","ENSG00000134827","6947"
411.878832510759,1.14154517222928,0.139238475084805,8.19848947307132,2.43426378077728e-16,2.33681990834797e-14,"ENSG00000134830.6","C5AR2","protein_coding","Up_in_MUT","ENSG00000134830","27202"
177.671184193194,1.51140609619447,0.241324929322594,6.26295053908039,3.77760468038494e-10,8.9780789536576e-09,"ENSG00000134962.7","KLB","protein_coding","Up_in_MUT","ENSG00000134962","152831"
226.608734403756,1.00593468981005,0.243905454298128,4.12428124128984,3.7189425784364e-05,0.000221751953072678,"ENSG00000135097.7","MSI1","protein_coding","Up_in_MUT","ENSG00000135097","4440"
348.739926691202,1.05062481606069,0.149081358074813,7.04732522984837,1.82389685310688e-12,7.86595623888626e-11,"ENSG00000135119.15","RNFT2","protein_coding","Up_in_MUT","ENSG00000135119","84900"
6.44544815448487,-2.43859437654573,0.590326441392193,-4.13092520605156,3.6130613149533e-05,0.000216207054391432,"ENSG00000135220.11","UGT2A3","protein_coding","Down_in_MUT","ENSG00000135220","79799"
3.23151855255117,1.09253803859562,0.259758735170138,4.20597227608159,2.59962102447398e-05,0.00016312762683798,"ENSG00000135248.15","FAM71F1","protein_coding","Up_in_MUT","ENSG00000135248","84691"
23.23674841338,-1.14611442616371,0.226625020723228,-5.05731636562509,4.25197536232015e-07,4.5474733816277e-06,"ENSG00000135312.7","HTR1B","protein_coding","Down_in_MUT","ENSG00000135312","3351"
106.856733889416,2.59293170471911,0.467620855952644,5.5449445244198,2.9404738392254e-08,4.29495149999783e-07,"ENSG00000135346.9","CGA","protein_coding","Up_in_MUT","ENSG00000135346","1081"
0.892215162930346,1.33378475439224,0.519468742574562,2.56759386095459,0.0102407060950743,0.0266238309777399,"ENSG00000135355.4","GJA10","protein_coding","Up_in_MUT","ENSG00000135355","84694"
241.032538985016,1.35778580848434,0.202001970252313,6.72164636210423,1.79682621238985e-11,6.04078567669588e-10,"ENSG00000135454.14","B4GALNT1","protein_coding","Up_in_MUT","ENSG00000135454","2583"
260.361168356303,-1.63362664801336,0.215631539507455,-7.57600976065414,3.56345011773815e-14,2.35623897722889e-12,"ENSG00000135472.9","FAIM2","protein_coding","Down_in_MUT","ENSG00000135472","23017"
25.9650515888799,-1.15812591328145,0.248573756170496,-4.65908361012614,3.17620183261817e-06,2.63136804282229e-05,"ENSG00000135625.8","EGR4","protein_coding","Down_in_MUT","ENSG00000135625","1961"
9.84932206071628,-1.13277339317229,0.278741321097313,-4.06388758119151,4.82620772379365e-05,0.00027774659870897,"ENSG00000135638.14","EMX1","protein_coding","Down_in_MUT","ENSG00000135638","2016"
2.85556718304634,-1.19817350308901,0.28729875431198,-4.17047928369332,3.03959687374765e-05,0.000186226435915439,"ENSG00000135702.14","CHST5","protein_coding","Down_in_MUT","ENSG00000135702","23563"
94.7394739782936,-1.79779165519751,0.21013116578553,-8.55556884423526,1.17288904495471e-17,1.41060931138686e-15,"ENSG00000135914.6","HTR2B","protein_coding","Down_in_MUT","ENSG00000135914","3357"
302.751397327815,-1.19886762623212,0.190596210215792,-6.2900916281324,3.17278640609666e-10,7.67804673870209e-09,"ENSG00000135925.9","WNT10A","protein_coding","Down_in_MUT","ENSG00000135925","80326"
15.6004981171623,-1.34082786377999,0.42268269945695,-3.17218534258119,0.00151296414728268,0.00530644660922707,"ENSG00000136099.13","PCDH8","protein_coding","Down_in_MUT","ENSG00000136099","5100"
164.706455297638,-2.63763407340604,0.455452920601755,-5.79123319688265,6.98714838690201e-09,1.19724411956427e-07,"ENSG00000136110.13","CNMD","protein_coding","Down_in_MUT","ENSG00000136110","11061"
2430.92525215466,-1.16275900579706,0.161762807494571,-7.188049118374,6.57236200444599e-13,3.20470714145985e-11,"ENSG00000136286.16","MYO1G","protein_coding","Down_in_MUT","ENSG00000136286","64005"
2273.46536488045,-1.10162192137586,0.156347305472006,-7.04599236968051,1.84144345628439e-12,7.91634527798448e-11,"ENSG00000136542.9","GALNT5","protein_coding","Down_in_MUT","ENSG00000136542","11227"
21.4045998982384,-2.17725799855289,0.388586114500858,-5.60302573175986,2.10641939531551e-08,3.20208799800219e-07,"ENSG00000136574.18","GATA4","protein_coding","Down_in_MUT","ENSG00000136574","2626"
32.9012630894495,-2.47224002924247,0.263632598815989,-9.37759609526909,6.74939510247575e-21,1.31969307552764e-18,"ENSG00000136688.11","IL36G","protein_coding","Down_in_MUT","ENSG00000136688","56300"
0.877833167509339,-1.52158576973451,0.455560089284978,-3.34003308350102,0.000837684101376396,0.00321389550920514,"ENSG00000136694.9","IL36A","protein_coding","Down_in_MUT","ENSG00000136694","27179"
148.235866042075,-1.02456613688948,0.31139407902376,-3.29025567891838,0.00100096385379198,0.00373862873364633,"ENSG00000136695.15","IL36RN","protein_coding","Down_in_MUT","ENSG00000136695","26525"
1.87815508096896,-1.57861449675026,0.396985817247319,-3.97650099365338,6.99367068131418e-05,0.000382652838256076,"ENSG00000136696.11","IL36B","protein_coding","Down_in_MUT","ENSG00000136696","27177"
0.959425973618863,-1.07161708359775,0.400887712206307,-2.67311032732843,0.00751515299535077,0.020569859250672,"ENSG00000136697.13","IL1F10","protein_coding","Down_in_MUT","ENSG00000136697","84639"
10375.1583451536,1.10140666029163,0.09368318448054,11.7567167085403,6.52215353990689e-32,5.19668888675932e-29,"ENSG00000136810.13","TXN","protein_coding","Up_in_MUT","ENSG00000136810","7295"
63.6018907100858,-1.63702326812326,0.235550436004089,-6.94977812775027,3.65861153455746e-12,1.45209972874073e-10,"ENSG00000136872.20","ALDOB","protein_coding","Down_in_MUT","ENSG00000136872","229"
212.31915179226,-2.35268763877502,0.243887449310653,-9.64661217879347,5.0806490600094e-22,1.17337221877942e-19,"ENSG00000136881.12","BAAT","protein_coding","Down_in_MUT","ENSG00000136881","570"
146.919791441894,-1.91012632368884,0.269648677054392,-7.08375929952564,1.40295506153994e-12,6.28546180419370e-11,"ENSG00000136918.8","WDR38","protein_coding","Down_in_MUT","ENSG00000136918","401551"
256.119232488353,-1.91701187714642,0.25777226004339,-7.4368431918304,1.0311983540091e-13,6.18932631650169e-12,"ENSG00000136928.7","GABBR2","protein_coding","Down_in_MUT","ENSG00000136928","9568"
6.81101101660601,-1.45613732495914,0.278760817168058,-5.22360832398216,1.75469736794036e-07,2.0873001864457e-06,"ENSG00000136931.10","NR5A1","protein_coding","Down_in_MUT","ENSG00000136931","2516"
94.8284154710646,-1.15734379334122,0.162887894091777,-7.1051553572737,1.20187264891991e-12,5.49567908087895e-11,"ENSG00000137098.14","SPAG8","protein_coding","Down_in_MUT","ENSG00000137098","26206"
65.9185899333672,1.45743322172783,0.440133472547653,3.31134374600431,0.000928490769776421,0.00350823109941248,"ENSG00000137251.16","TINAG","protein_coding","Up_in_MUT","ENSG00000137251","27283"
382.354647477139,1.85171550363228,0.221145222427317,8.37330096172832,5.60262763316293e-17,6.0529269592046e-15,"ENSG00000137261.14","KIAA0319","protein_coding","Up_in_MUT","ENSG00000137261","9856"
17.1213520716226,-1.04644405439343,0.216416241263384,-4.83533051070727,1.32924591212665e-06,1.23045008612804e-05,"ENSG00000137270.11","GCM1","protein_coding","Down_in_MUT","ENSG00000137270","8521"
544.100818533724,-1.18068921288525,0.248370705484823,-4.75373780728501,1.99689972123534e-06,1.7561130563269e-05,"ENSG00000137440.5","FGFBP1","protein_coding","Down_in_MUT","ENSG00000137440","9982"
2385.4915850879,-1.00089064072289,0.125231096526267,-7.99234909288651,1.32391519048299e-15,1.13731808722058e-13,"ENSG00000137462.9","TLR2","protein_coding","Down_in_MUT","ENSG00000137462","7097"
9.03072563080066,-1.16622568751854,0.191871376356176,-6.07816397456616,1.21566410378656e-09,2.5489757007751e-08,"ENSG00000137463.5","MGARP","protein_coding","Down_in_MUT","ENSG00000137463","84709"
62.4471237952304,-2.01866342932842,0.278303400620539,-7.25346303648235,4.06248284498528e-13,2.09846662483835e-11,"ENSG00000137473.18","TTC29","protein_coding","Down_in_MUT","ENSG00000137473","83894"
1.85813659695268,-1.23400627224302,0.386458504219828,-3.19311454857022,0.00140747102077696,0.0049963810317646,"ENSG00000137674.4","MMP20","protein_coding","Down_in_MUT","ENSG00000137674","9313"
6.56153472335871,-1.15397303386011,0.272524828313653,-4.23437761983281,2.2918555170225e-05,0.000145999854453376,"ENSG00000137707.13","BTG4","protein_coding","Down_in_MUT","ENSG00000137707","54766"
434.355949021082,-1.45616189138235,0.156004155039051,-9.33412248550586,1.0183125344933e-20,1.97894138944121e-18,"ENSG00000137727.12","ARHGAP20","protein_coding","Down_in_MUT","ENSG00000137727","57569"
1540.39570898731,-1.70504026886487,0.273825326553373,-6.22674421802446,4.76227648436715e-10,1.10949206018469e-08,"ENSG00000137745.12","MMP13","protein_coding","Down_in_MUT","ENSG00000137745","4322"
337.951942216682,1.34387191801764,0.365770637987079,3.67408364272562,0.000238704534723204,0.00110257278640047,"ENSG00000137948.18","BRDT","protein_coding","Up_in_MUT","ENSG00000137948","676"
2212.84097187751,-1.07422420865901,0.16718775524318,-6.42525648541971,1.31647354543542e-10,3.5800116810822e-09,"ENSG00000137959.16","IFI44L","protein_coding","Down_in_MUT","ENSG00000137959","10964"
87.9864288797617,-2.51283361196815,0.258408250952369,-9.72427777637535,2.3758536854746e-22,5.69329569998204e-20,"ENSG00000137975.8","CLCA2","protein_coding","Down_in_MUT","ENSG00000137975","9635"
34.3695625725751,-1.05707093162488,0.332207012025828,-3.18196453825213,0.00146279727913,0.00516002347350882,"ENSG00000138083.5","SIX3","protein_coding","Down_in_MUT","ENSG00000138083","6496"
959.209876918999,-1.29209035959712,0.180773266187205,-7.14757434464371,8.83246872311275e-13,4.17036460258261e-11,"ENSG00000138131.4","LOXL4","protein_coding","Down_in_MUT","ENSG00000138131","84171"
11.1987956519786,1.11137290086149,0.294609085119786,3.77236465878033,0.000161707685626132,0.000790700467718693,"ENSG00000138347.16","MYPN","protein_coding","Up_in_MUT","ENSG00000138347","84665"
33.9287674864554,-1.04058386604657,0.144052351636929,-7.22365066742731,5.06101675838505e-13,2.56846600488041e-11,"ENSG00000138395.17","CDK15","protein_coding","Down_in_MUT","ENSG00000138395","65061"
1042.33244041075,-1.06875902150484,0.206005347924227,-5.18801590480042,2.12546454411293e-07,2.46688566953471e-06,"ENSG00000138615.6","CILP","protein_coding","Down_in_MUT","ENSG00000138615","8483"
69.4667247413415,1.70965355904788,0.260024290609494,6.57497634178895,4.86609045260755e-11,1.47983939709022e-09,"ENSG00000138622.4","HCN4","protein_coding","Up_in_MUT","ENSG00000138622","10021"
531.569188403562,1.14349168202191,0.144377304929799,7.92016226219153,2.37200829056267e-15,1.92362026026776e-13,"ENSG00000138678.11","GPAT3","protein_coding","Up_in_MUT","ENSG00000138678","84803"
30.9630184860443,1.66773591872081,0.146413901843885,11.3905571651184,4.66000348091764e-30,3.03099940694543e-27,"ENSG00000138741.11","TRPC3","protein_coding","Up_in_MUT","ENSG00000138741","7222"
149.813005505838,-1.44549050127649,0.204968608784198,-7.0522530735347,1.76043639516239e-12,7.66487272543997e-11,"ENSG00000138829.12","FBN2","protein_coding","Down_in_MUT","ENSG00000138829","2201"
3264.52132330177,-1.13098255739269,0.139591769848738,-8.10207191024387,5.40309889684843e-16,4.96259841329845e-14,"ENSG00000139263.12","LRIG3","protein_coding","Down_in_MUT","ENSG00000139263","121227"
9001.78187646114,-1.01277032028697,0.12668813471618,-7.99420026631446,1.304176243387e-15,1.1233892176483e-13,"ENSG00000139318.8","DUSP6","protein_coding","Down_in_MUT","ENSG00000139318","1848"
9.41028531034065,-1.15100982113827,0.195694875955097,-5.88165538581795,4.06183367253102e-09,7.4186075058588e-08,"ENSG00000139330.6","KERA","protein_coding","Down_in_MUT","ENSG00000139330","11081"
1719.77175520864,1.91422844841327,0.431160468637339,4.43971232906182,9.00792037988098e-06,6.52658020715241e-05,"ENSG00000139352.4","ASCL1","protein_coding","Up_in_MUT","ENSG00000139352","429"
85.4270679396445,1.50811515039593,0.28712798215602,5.25241440792926,1.50118231256675e-07,1.81365358164575e-06,"ENSG00000139540.12","SLC39A5","protein_coding","Up_in_MUT","ENSG00000139540","283375"
1.38276119175167,1.34515812452384,0.282367854750312,4.76385006966645,1.89933652428603e-06,1.6819603880389e-05,"ENSG00000139656.7","SMIM2","protein_coding","Up_in_MUT","ENSG00000139656",NA
5.93199789312691,1.22182871150457,0.269759637945674,4.52932366312944,5.91727952592501e-06,4.51603486041083e-05,"ENSG00000139767.10","SRRM4","protein_coding","Up_in_MUT","ENSG00000139767","84530"
215.244260208297,1.20944989483657,0.214144614899303,5.64781839321663,1.62496699048379e-08,2.5386923016524e-07,"ENSG00000139874.6","SSTR1","protein_coding","Up_in_MUT","ENSG00000139874","6751"
41.4831769363437,1.24296587839075,0.28648539042028,4.33867108045997,1.43346873821354e-05,9.72458113146099e-05,"ENSG00000140067.6","FAM181A","protein_coding","Up_in_MUT","ENSG00000140067","90050"
53.2517035962186,-1.04004774976663,0.251542834126345,-4.13467453119429,3.55458030907893e-05,0.000213367279741366,"ENSG00000140274.14","DUOXA2","protein_coding","Down_in_MUT","ENSG00000140274","405753"
63.3424291244184,1.17118349027132,0.198724820804493,5.89349375447942,3.78114398889809e-09,6.9779293613301e-08,"ENSG00000140459.18","CYP11A1","protein_coding","Up_in_MUT","ENSG00000140459","1583"
32.7057272872612,-3.13104569087422,0.381844288012243,-8.19979711408916,2.40793074554375e-16,2.31852449520317e-14,"ENSG00000140465.14","CYP1A1","protein_coding","Down_in_MUT","ENSG00000140465","1543"
127.672581945851,-1.36344855682526,0.222443021375684,-6.12942832907548,8.81953933160299e-10,1.91476524548718e-08,"ENSG00000140481.15","CCDC33","protein_coding","Down_in_MUT","ENSG00000140481","80125"
4.46269962909501,-1.16918585824874,0.294601836738853,-3.96869846838447,7.22662554802465e-05,0.000393440011686187,"ENSG00000140505.7","CYP1A2","protein_coding","Down_in_MUT","ENSG00000140505","1544"
24.4761968099312,-1.16657578011613,0.254933574537646,-4.57599899201923,4.73952825005356e-06,3.72787524327386e-05,"ENSG00000140557.12","ST8SIA2","protein_coding","Down_in_MUT","ENSG00000140557","8128"
10.4223017398924,-2.11567625055351,0.291293657795068,-7.26303575082276,3.78497842920546e-13,1.97755815601979e-11,"ENSG00000140798.16","ABCC12","protein_coding","Down_in_MUT","ENSG00000140798","94160"
87.7592399439015,-1.00979785803244,0.235615890113064,-4.28577995120735,1.82099169609803e-05,0.000119638891664276,"ENSG00000140835.10","CHST4","protein_coding","Down_in_MUT","ENSG00000140835","10164"
5077.5762003562,-1.01996905241925,0.122167824544804,-8.34891720647108,6.8891606366424e-17,7.34329226255618e-15,"ENSG00000140937.14","CDH11","protein_coding","Down_in_MUT","ENSG00000140937","1009"
1275.84884227054,2.21771767426068,0.15242953989517,14.5491331653029,5.91477896561336e-48,2.09455467125626e-44,"ENSG00000140961.14","OSGIN1","protein_coding","Up_in_MUT","ENSG00000140961","29948"
14.2680830126752,1.37827974641449,0.146744335196973,9.39238809160464,5.86550097677836e-21,1.16837113519314e-18,"ENSG00000140986.8","RPL3L","protein_coding","Up_in_MUT","ENSG00000140986","6123"
315.687535275484,-1.17266723721295,0.185682777740722,-6.31543351236594,2.6940519462505e-10,6.65597903712788e-09,"ENSG00000141294.10","LRRC46","protein_coding","Down_in_MUT","ENSG00000141294","90506"
9.01713930724127,-1.02019331814419,0.253696953561688,-4.02130693262787,5.78761335421133e-05,0.000324919896445428,"ENSG00000141316.13","SPACA3","protein_coding","Down_in_MUT","ENSG00000141316","124912"
466.359802671405,1.3303632955053,0.174587858541424,7.62002184241035,2.5363279489774e-14,1.70899171378137e-12,"ENSG00000141527.18","CARD14","protein_coding","Up_in_MUT","ENSG00000141527","79092"
738.513372384342,-1.02578922383894,0.18843175037503,-5.44382367513615,5.21488423346258e-08,7.12402809278551e-07,"ENSG00000141579.7","ZNF750","protein_coding","Down_in_MUT","ENSG00000141579","79755"
233.006577001214,1.25214152849305,0.283540954620087,4.41608701702643,1.00503639222126e-05,7.16108089793957e-05,"ENSG00000141639.12","MAPK4","protein_coding","Up_in_MUT","ENSG00000141639","5596"
50.4505383036122,-1.05742964596572,0.213853206231506,-4.94465182261986,7.62800740201811e-07,7.58067427220827e-06,"ENSG00000141750.7","STAC2","protein_coding","Down_in_MUT","ENSG00000141750","342667"
299.328398449652,1.0265116010007,0.24158755231954,4.24902521319875,2.14702755020753e-05,0.000137931697344616,"ENSG00000142178.9","SIK1","protein_coding","Up_in_MUT","ENSG00000142178","150094"
234.751663960104,-1.38726941731033,0.258684943689207,-5.36277603762298,8.19525930052978e-08,1.059169136931e-06,"ENSG00000142449.13","FBN3","protein_coding","Down_in_MUT","ENSG00000142449","84467"
124.777741907437,-1.5425578880135,0.219744685929538,-7.01977334054001,2.22228456302562e-12,9.31926727739334e-11,"ENSG00000142609.18","CFAP74","protein_coding","Down_in_MUT","ENSG00000142609","85452"
81.0951291941924,-2.22485376215339,0.400203759945708,-5.55930249744582,2.7085490279197e-08,3.98626829054389e-07,"ENSG00000142619.4","PADI3","protein_coding","Down_in_MUT","ENSG00000142619","51702"
272.136975514918,-1.04771270488008,0.15419281691713,-6.79482174220327,1.0844653462674e-11,3.83181763313617e-10,"ENSG00000142621.19","FHAD1","protein_coding","Down_in_MUT","ENSG00000142621","114827"
183.368831543654,-3.09894938339792,0.315616814489947,-9.81870813317084,9.35344746670814e-23,2.38482979369164e-20,"ENSG00000142623.11","PADI1","protein_coding","Down_in_MUT","ENSG00000142623","29943"
14165.185670911,1.75313246161601,0.0961432682763378,18.2345835859991,2.74335336923453e-74,2.91444717436246e-70,"ENSG00000142657.21","PGD","protein_coding","Up_in_MUT","ENSG00000142657","5226"
67.1588018289975,-1.31502205264189,0.234810649680419,-5.60035098251146,2.13918233074013e-08,3.24347669186577e-07,"ENSG00000143171.13","RXRG","protein_coding","Down_in_MUT","ENSG00000143171","6258"
52.1948227935314,1.19508095326887,0.310577383998203,3.84793296242005,0.000119118636527492,0.000607526014525153,"ENSG00000143469.20","SYT14","protein_coding","Up_in_MUT","ENSG00000143469","255928"
484.328319293696,1.42520006227957,0.281080885027585,5.07042683510726,3.96924487728059e-07,4.2810085781323e-06,"ENSG00000143512.13","HHIPL2","protein_coding","Up_in_MUT","ENSG00000143512","79802"
1.37740982573114,-1.14625286063779,0.32765692052412,-3.4983325205042,0.000468177026955609,0.0019566312648967,"ENSG00000143520.6","FLG2","protein_coding","Down_in_MUT","ENSG00000143520","388698"
0.787956443149732,-1.76827013305183,0.550161417084397,-3.21409331541796,0.00130857138767372,0.00469550537002355,"ENSG00000143536.7","CRNN","protein_coding","Down_in_MUT","ENSG00000143536","49860"
41.4211118180193,-1.17353476855039,0.407857719916921,-2.87731410058741,0.00401076150435541,0.0121739980862201,"ENSG00000143556.9","S100A7","protein_coding","Down_in_MUT","ENSG00000143556","6278"
4.85507702942032,-1.36129635366655,0.243583340342337,-5.58862667600074,2.28872390649345e-08,3.43265504112249e-07,"ENSG00000143595.13","AQP10","protein_coding","Down_in_MUT","ENSG00000143595","89872"
39.8442335395481,-1.00052512320045,0.210916674151258,-4.7436985588106,2.09851051524716e-06,1.8298667204225e-05,"ENSG00000143768.13","LEFTY2","protein_coding","Down_in_MUT","ENSG00000143768","7044"
19693.9980340702,1.54219461814127,0.138624204186558,11.1250025000383,9.48032166237811e-29,5.12114121528225e-26,"ENSG00000143819.12","EPHX1","protein_coding","Up_in_MUT","ENSG00000143819","2052"
33.7675016670807,-1.16801350082319,0.196929970149214,-5.9311109423222,3.00891810461116e-09,5.7183797800872e-08,"ENSG00000143839.15","REN","protein_coding","Down_in_MUT","ENSG00000143839","5972"
77.7578559178107,-1.1413996401065,0.18410658761377,-6.19966756703456,5.65825463090478e-10,1.28718225083202e-08,"ENSG00000143869.7","GDF7","protein_coding","Down_in_MUT","ENSG00000143869","151449"
69.3395328628578,-1.09974119061906,0.37011978221471,-2.97131156848323,0.00296530779442627,0.00940745816406129,"ENSG00000144119.4","C1QL2","protein_coding","Down_in_MUT","ENSG00000144119","165257"
6.21550656283652,-1.1992798913261,0.258060309796869,-4.64728532748841,3.36331808885695e-06,2.76439722193133e-05,"ENSG00000144355.15","DLX1","protein_coding","Down_in_MUT","ENSG00000144355","1745"
9.02462443854925,1.00399962333101,0.192785274806256,5.20786467918781,1.91026149750958e-07,2.24573752073508e-06,"ENSG00000144406.19","UNC80","protein_coding","Up_in_MUT","ENSG00000144406","285175"
1429.2125935371,1.2144255303084,0.161601804861003,7.51492553782398,5.69433351764734e-14,3.60803386761309e-12,"ENSG00000144476.6","ACKR3","protein_coding","Up_in_MUT","ENSG00000144476","57007"
383.964828219336,-1.30688929897547,0.280824936777566,-4.65375088826469,3.25950567611476e-06,2.6895507578861e-05,"ENSG00000144481.17","TRPM8","protein_coding","Down_in_MUT","ENSG00000144481","79054"
5.47463286700208,-1.15529008601806,0.235378636843087,-4.90821980071294,9.19068180791993e-07,8.92493052712419e-06,"ENSG00000144644.14","GADL1","protein_coding","Down_in_MUT","ENSG00000144644","339896"
358.188562790081,-1.19500439079809,0.167661355852309,-7.12748853021777,1.02216787916052e-12,4.75584123747811e-11,"ENSG00000144681.10","STAC","protein_coding","Down_in_MUT","ENSG00000144681","6769"
40.236266480997,-1.50196775159165,0.239246387760507,-6.27791192858119,3.43150187543429e-10,8.23534610481673e-09,"ENSG00000144852.19","NR1I2","protein_coding","Down_in_MUT","ENSG00000144852","8856"
40.3000107580979,2.96049493731394,0.355253926041721,8.3334615617063,7.85123504511211e-17,8.23114184614368e-15,"ENSG00000145087.13","STXBP5L","protein_coding","Up_in_MUT","ENSG00000145087","9515"
127.444960214746,-1.37622224608589,0.224124603045735,-6.14043361319443,8.22965233823596e-10,1.80266150977264e-08,"ENSG00000145491.12","ROPN1L","protein_coding","Down_in_MUT","ENSG00000145491","83853"
4.82267907778019,-1.3742429957641,0.31070989565312,-4.42291351189637,9.73787305601912e-06,6.96396145113174e-05,"ENSG00000145642.12","SHISAL2B","protein_coding","Down_in_MUT","ENSG00000145642","100132916"
4.63689128759461,-1.07431801390998,0.220800885524945,-4.86555120173468,1.14138256525622e-06,1.08039809139534e-05,"ENSG00000145721.12","LIX1","protein_coding","Down_in_MUT","ENSG00000145721","167410"
60.3270565802948,-1.44772514706921,0.224394314154719,-6.45170156170271,1.10601220546312e-10,3.05086244512097e-09,"ENSG00000145794.17","MEGF10","protein_coding","Down_in_MUT","ENSG00000145794","84466"
8087.62196480948,-1.45697864809685,0.270409083131472,-5.38805365272613,7.12247922306942e-08,9.38406512271375e-07,"ENSG00000145824.13","CXCL14","protein_coding","Down_in_MUT","ENSG00000145824","9547"
144.529924554219,-1.12246417272872,0.241780121047989,-4.64249983771798,3.44218909316791e-06,2.82165659949471e-05,"ENSG00000145864.14","GABRB2","protein_coding","Down_in_MUT","ENSG00000145864","2561"
2.4699200900353,-1.21788865936082,0.28300863328781,-4.30336221624119,1.68225482721862e-05,0.000111721491140414,"ENSG00000145879.11","SPINK7","protein_coding","Down_in_MUT","ENSG00000145879","84651"
1405.93334411892,4.13986988803794,0.444034103700067,9.32331515426642,1.12760816650146e-20,2.16493975147999e-18,"ENSG00000145920.15","CPLX2","protein_coding","Up_in_MUT","ENSG00000145920","10814"
37.3390552735954,-1.23576110259832,0.214038796233585,-5.77353790221148,7.76241351570541e-09,1.31593553808004e-07,"ENSG00000145934.16","TENM2","protein_coding","Down_in_MUT","ENSG00000145934","57451"
12.2210942033813,-1.2080365081201,0.186397386181442,-6.48097343459623,9.1132718551774e-11,2.57355027148933e-09,"ENSG00000146005.4","PSD2","protein_coding","Down_in_MUT","ENSG00000146005","84249"
921.02184412904,-1.38200292614967,0.191918035313433,-7.20100601224182,5.97699117589096e-13,2.9488031852449e-11,"ENSG00000146197.9","SCUBE3","protein_coding","Down_in_MUT","ENSG00000146197","222663"
14.4694114293397,1.39041337105679,0.180870501498375,7.68734182488728,1.50223391274123e-14,1.07349096486492e-12,"ENSG00000146215.14","CRIP3","protein_coding","Up_in_MUT","ENSG00000146215","401262"
47.1091890247168,-1.80756628818022,0.257543730659473,-7.01848297200527,2.24290084062121e-12,9.38978960408442e-11,"ENSG00000146221.10","TCTE1","protein_coding","Down_in_MUT","ENSG00000146221","202500"
1.17402322673887,2.23018821015081,0.481692310930968,4.62990203401945,3.65838774160121e-06,2.97972082066374e-05,"ENSG00000146352.13","CLVS2","protein_coding","Up_in_MUT","ENSG00000146352","134829"
455.48362158356,1.81952575074538,0.247498009516454,7.35167831975805,1.95733412356366e-13,1.09634790601225e-11,"ENSG00000146374.14","RSPO3","protein_coding","Up_in_MUT","ENSG00000146374","84870"
0.946352962185304,1.62637351410425,0.415394494888294,3.91525052478513,9.0310384031043e-05,0.000476693405250111,"ENSG00000146399.2","TAAR1","protein_coding","Up_in_MUT","ENSG00000146399","134864"
8818.09518269669,-1.19955691958819,0.142285090639675,-8.4306578728334,3.43727319123958e-17,3.92649942215042e-15,"ENSG00000146648.19","EGFR","protein_coding","Down_in_MUT","ENSG00000146648","1956"
41.2452497974523,1.34138190854317,0.313261803772661,4.28198360728533,1.85234631095612e-05,0.000121448527620824,"ENSG00000146678.10","IGFBP1","protein_coding","Up_in_MUT","ENSG00000146678","3484"
13.2865438666528,-1.41477171939631,0.24341344995268,-5.81221670236936,6.16509604854044e-09,1.07243552116784e-07,"ENSG00000146755.11","TRIM50","protein_coding","Down_in_MUT","ENSG00000146755","135892"
1.84315113566712,-1.09855568247887,0.389968455382604,-2.81703729446799,0.00484688971846892,0.0142860651269142,"ENSG00000147183.10","CPXCR1","protein_coding","Down_in_MUT","ENSG00000147183","53336"
51.0072723848117,-1.35363908542324,0.225188065524862,-6.01114931321167,1.84212639123702e-09,3.68783983763286e-08,"ENSG00000147206.17","NXF3","protein_coding","Down_in_MUT","ENSG00000147206","56000"
3.19832210787411,-1.35130763516311,0.499096504933836,-2.70750771004147,0.00677904961314709,0.0188628505518256,"ENSG00000147256.12","ARHGAP36","protein_coding","Down_in_MUT","ENSG00000147256","158763"
169.307488029994,2.09647363535506,0.712204458555397,2.94364014458356,0.00324376923307554,0.0101511895530259,"ENSG00000147381.11","MAGEA4","protein_coding","Up_in_MUT","ENSG00000147381","4103"
1.61372429967928,-1.18032593191874,0.323999802213809,-3.64298349521779,0.000269496124578092,0.00122474133558083,"ENSG00000147432.7","CHRNB3","protein_coding","Down_in_MUT","ENSG00000147432","1142"
1.36096586341581,-1.11695265503434,0.464851871530904,-2.40281415100225,0.0162694535237686,0.039148624996301,"ENSG00000147481.17","SNTG1","protein_coding","Down_in_MUT","ENSG00000147481","54212"
37.5325963322566,1.22148614089888,0.193906859882541,6.299344652576,2.98906700650634e-10,7.32241003569282e-09,"ENSG00000147488.11","ST18","protein_coding","Up_in_MUT","ENSG00000147488","9705"
1.68561946607061,-1.46561387460905,0.415528669132914,-3.52710651148899,0.000420127718491244,0.00178484277739728,"ENSG00000147571.5","CRH","protein_coding","Down_in_MUT","ENSG00000147571","1392"
62.8429165363799,-1.91673917787467,0.236585372759311,-8.10168082464107,5.42050013567436e-16,4.96427470758843e-14,"ENSG00000147573.17","TRIM55","protein_coding","Down_in_MUT","ENSG00000147573","84675"
1552.61770821943,1.4169666655384,0.184339546690966,7.68672100465702,1.50953819782032e-14,1.07629735800294e-12,"ENSG00000147642.17","SYBU","protein_coding","Up_in_MUT","ENSG00000147642","55638"
435.039412573385,-1.23428899974574,0.146862048374552,-8.40441089721051,4.3001463463189e-17,4.82986085399611e-15,"ENSG00000148082.10","SHC3","protein_coding","Down_in_MUT","ENSG00000148082","53358"
0.675634309894576,3.03401122893175,0.951245571335684,3.18951417000719,0.00142512152257443,0.00504891596776007,"ENSG00000148386.9","LCN9","protein_coding","Up_in_MUT","ENSG00000148386","392399"
19.3275890914727,1.52354713582461,0.348692914223617,4.36930913614023,1.24640221752628e-05,8.62629426162434e-05,"ENSG00000148584.15","A1CF","protein_coding","Up_in_MUT","ENSG00000148584","29974"
1133.47125680295,-1.21207667064159,0.243393764255747,-4.97990026304861,6.36170499633725e-07,6.49644024153363e-06,"ENSG00000148702.15","HABP2","protein_coding","Down_in_MUT","ENSG00000148702","3026"
7.79542897364546,2.05146434653855,0.567858077626275,3.61263566966232,0.000303100430801891,0.0013572255199344,"ENSG00000148704.13","VAX1","protein_coding","Up_in_MUT","ENSG00000148704","11023"
183.253416843996,1.53592240984517,0.318272967125064,4.82580227821118,1.39440795125668e-06,1.28361728131332e-05,"ENSG00000148798.11","INA","protein_coding","Up_in_MUT","ENSG00000148798","9118"
1749.08960332896,-1.49377410916274,0.336873829576457,-4.43422426443996,9.24043997193158e-06,6.65992904444666e-05,"ENSG00000149021.7","SCGB1A1","protein_coding","Down_in_MUT","ENSG00000149021","7356"
646.942635520747,-1.51388492212327,0.242917956025884,-6.23208323867981,4.60272781418954e-10,1.07625486548815e-08,"ENSG00000149043.16","SYT8","protein_coding","Down_in_MUT","ENSG00000149043","90019"
53.3485948915487,-1.07609420228453,0.165880440729919,-6.48716748972584,8.74650903094778e-11,2.48670820093967e-09,"ENSG00000149201.10","CCDC81","protein_coding","Down_in_MUT","ENSG00000149201","60494"
7.89675565987415,1.37474728781001,0.357925621056395,3.84087421222468,0.00012259692749516,0.000622377616469932,"ENSG00000149305.7","HTR3B","protein_coding","Up_in_MUT","ENSG00000149305","9177"
838.480050484628,-1.60943243499212,0.254734763881344,-6.31807143426171,2.64847594004311e-10,6.55353856250884e-09,"ENSG00000149435.12","GGTLC1","protein_coding","Down_in_MUT","ENSG00000149435","92086"
124.243526291274,-1.22442130039001,0.159733740501251,-7.66538926934111,1.78289626563456e-14,1.24338483330501e-12,"ENSG00000149451.18","ADAM33","protein_coding","Down_in_MUT","ENSG00000149451","80332"
15.4386603406353,1.87713463419739,0.196597987262743,9.54808673442161,1.32113516404078e-21,2.86434685803698e-19,"ENSG00000149488.13","TMC2","protein_coding","Up_in_MUT","ENSG00000149488","117532"
1.77861627369576,-1.06303897891049,0.305030487800273,-3.48502533820993,0.000492090440566471,0.00204051710009029,"ENSG00000149516.14","MS4A3","protein_coding","Down_in_MUT","ENSG00000149516","932"
354.929001018159,-1.04747212840449,0.17869089364571,-5.86192226718231,4.57539217393047e-09,8.24786900312998e-08,"ENSG00000149527.18","PLCH2","protein_coding","Down_in_MUT","ENSG00000149527","9651"
213.7516097574,-1.12213742816441,0.169087385616119,-6.63643490657549,3.21360753809455e-11,1.01206408939339e-09,"ENSG00000149534.9","MS4A2","protein_coding","Down_in_MUT","ENSG00000149534","2206"
65.2480272684092,-1.47225976935352,0.173261991428307,-8.49730374917639,1.94045184286098e-17,2.25708542641688e-15,"ENSG00000149575.9","SCN2B","protein_coding","Down_in_MUT","ENSG00000149575","6327"
2.1682183900062,-1.04063069742267,0.271441112077437,-3.83372544217177,0.000126217016059634,0.00063791032648852,"ENSG00000149635.3","OCSTAMP","protein_coding","Down_in_MUT","ENSG00000149635","128506"
1.36794142680897,-1.23747564429775,0.32566057512498,-3.799893935036,0.000144758031012632,0.00071762065739673,"ENSG00000149651.4","SPINT4","protein_coding","Down_in_MUT","ENSG00000149651","391253"
136.999945938862,-1.11375054854682,0.218430329012592,-5.09888234651982,3.41664822597854e-07,3.75250306396486e-06,"ENSG00000149927.18","DOC2A","protein_coding","Down_in_MUT","ENSG00000149927","8448"
175.07997159661,2.8952466934715,0.307718462023773,9.40875199502271,5.0206252441813e-21,1.0127363744133e-18,"ENSG00000150201.15","FXYD4","protein_coding","Up_in_MUT","ENSG00000150201","53828"
6.09054324899114,-4.0838847838105,0.938067300067232,-4.35350937349357,1.33975364192085e-05,9.16490412570498e-05,"ENSG00000150244.12","TRIM48","protein_coding","Down_in_MUT","ENSG00000150244","79097"
46.3751756225295,1.61411666771318,0.370442011864121,4.35727216681148,1.31693467852536e-05,9.02818351027787e-05,"ENSG00000150750.8","C11orf53","protein_coding","Up_in_MUT","ENSG00000150750","341032"
2090.73329140736,1.88340663519858,0.191150846482399,9.85298610943899,6.65371688211944e-23,1.75256703099197e-20,"ENSG00000151012.13","SLC7A11","protein_coding","Up_in_MUT","ENSG00000151012","23657"
177.845972752142,-1.55973209879669,0.202188044186994,-7.71426473344868,1.21681668328952e-14,8.91521023290121e-13,"ENSG00000151023.17","ENKUR","protein_coding","Down_in_MUT","ENSG00000151023","219670"
1.15665546385633,1.64591995590437,0.609106162868094,2.70218897171265,0.00688845993297502,0.0191238768748996,"ENSG00000151033.10","LYZL2","protein_coding","Up_in_MUT","ENSG00000151033","119180"
250.81898930377,1.70222648720572,0.179006532096537,9.50929816509557,1.9195318167739e-21,4.07849323549339e-19,"ENSG00000151136.15","BTBD11","protein_coding","Up_in_MUT","ENSG00000151136","121551"
250.556572362992,2.13682061278255,0.264682975776008,8.07313204227711,6.85174399846788e-16,6.13404306110028e-14,"ENSG00000151322.19","NPAS3","protein_coding","Up_in_MUT","ENSG00000151322","64067"
112.485089916672,-1.06627507059605,0.146792983053476,-7.26380136445357,3.76360573974145e-13,1.96962033713136e-11,"ENSG00000151364.17","KCTD14","protein_coding","Down_in_MUT","ENSG00000151364","65987"
3.08483504739887,-1.5103656096562,0.258540125727219,-5.84190019018463,5.16087257977568e-09,9.17357334021365e-08,"ENSG00000151365.2","THRSP","protein_coding","Down_in_MUT","ENSG00000151365","7069"
4.07810333476247,1.43130509007988,0.17999536374106,7.95189976192361,1.83672844743766e-15,1.52443677990327e-13,"ENSG00000151631.8","AKR1C6P","unprocessed_pseudogene","Up_in_MUT","ENSG00000151631",NA
17588.0847328255,3.37550672902482,0.314221134601524,10.7424560518675,6.43103878359424e-27,2.69688996147279e-24,"ENSG00000151632.17","AKR1C2","protein_coding","Up_in_MUT","ENSG00000151632","1646"
30.9173605478967,-1.27707802555093,0.236937188968871,-5.38994334789172,7.04798983498623e-08,9.30901301412541e-07,"ENSG00000151704.16","KCNJ1","protein_coding","Down_in_MUT","ENSG00000151704","3758"
30.945998118841,2.66071990188176,0.335053743371211,7.94117348193275,2.00277324427522e-15,1.63667656585373e-13,"ENSG00000151834.16","GABRA2","protein_coding","Up_in_MUT","ENSG00000151834","2555"
254.492310845726,-1.05408850821664,0.205068444362703,-5.14017898508209,2.74476883080767e-07,3.10097580314326e-06,"ENSG00000151892.15","GFRA1","protein_coding","Down_in_MUT","ENSG00000151892","2674"
1199.92184356297,1.91363025568374,0.193299137693215,9.89983855344905,4.16947578854953e-23,1.14556347290398e-20,"ENSG00000152049.6","KCNE4","protein_coding","Up_in_MUT","ENSG00000152049","23704"
2.34353902146392,1.25185454099597,0.269104319684309,4.65193030890231,3.28842222394473e-06,2.70795838843914e-05,"ENSG00000152086.9","TUBA3E","protein_coding","Up_in_MUT","ENSG00000152086","112714"
9.55753512093137,-1.03097611325871,0.282859646925114,-3.64483278002415,0.00026756571655527,0.00121770483397587,"ENSG00000152595.16","MEPE","protein_coding","Down_in_MUT","ENSG00000152595","56955"
112.097434297364,-1.99109638493103,0.277894951837703,-7.16492462984311,7.7829361678136e-13,3.72447385291873e-11,"ENSG00000152611.12","CAPSL","protein_coding","Down_in_MUT","ENSG00000152611","133690"
34.9743035354332,-1.66702924300893,0.201647006004792,-8.26706667278417,1.37295188292253e-16,1.38472624875392e-14,"ENSG00000152672.8","CLEC4F","protein_coding","Down_in_MUT","ENSG00000152672","165530"
68.8202856451707,-1.36066353333967,0.174155439016054,-7.81292586109949,5.58754663663515e-15,4.33286371912893e-13,"ENSG00000152760.10","TCTEX1D1","protein_coding","Down_in_MUT","ENSG00000152760","200132"
191.209906456675,1.81458002860302,0.224520275412437,8.08203190232904,6.36964356805942e-16,5.7185045114823e-14,"ENSG00000152779.14","SLC16A12","protein_coding","Up_in_MUT","ENSG00000152779","387700"
1478.15535594608,-1.69574844101814,0.20835545450263,-8.1387283335879,3.99451138766453e-16,3.73340388376118e-14,"ENSG00000152785.8","BMP3","protein_coding","Down_in_MUT","ENSG00000152785","651"
46.4507294465237,2.25671454104587,0.343483802335276,6.57007557766315,5.02897298650743e-11,1.52211204228849e-09,"ENSG00000152931.9","PART1","lncRNA","Up_in_MUT","ENSG00000152931","25859"
48.3956813804826,1.51276959706742,0.212615338864267,7.11505390508613,1.11869104748248e-12,5.18223871719684e-11,"ENSG00000152932.8","RAB3C","protein_coding","Up_in_MUT","ENSG00000152932","115827"
11.8799512439293,-2.03969885878594,0.321070455128325,-6.35280769752146,2.11419954726126e-10,5.38192122769679e-09,"ENSG00000152936.10","LMNTD1","protein_coding","Down_in_MUT","ENSG00000152936","160492"
1.37755028602412,1.70634065814028,0.3672695428234,4.64601732292506,3.38404599200326e-06,2.7782825814306e-05,"ENSG00000152954.12","NRSN1","protein_coding","Up_in_MUT","ENSG00000152954","140767"
9.03384719151602,1.19953247840931,0.161701361641905,7.41819652122489,1.18725849873005e-13,7.00724363204172e-12,"ENSG00000152969.20","JAKMIP1","protein_coding","Up_in_MUT","ENSG00000152969","152789"
805.529385834523,1.05614091686781,0.222771185328029,4.74092246406396,2.12747344665702e-06,1.85056512604819e-05,"ENSG00000153162.9","BMP6","protein_coding","Up_in_MUT","ENSG00000153162","654"
4005.9504985683,-1.53725736863619,0.234119244460901,-6.56612988896315,5.16397757443594e-11,1.55558723322162e-09,"ENSG00000153292.16","ADGRF1","protein_coding","Down_in_MUT","ENSG00000153292","266977"
451.054686642195,1.4225484965688,0.140563300481624,10.1203407411081,4.48850269339514e-24,1.40248107197252e-21,"ENSG00000153531.13","ADPRHL1","protein_coding","Up_in_MUT","ENSG00000153531","113622"
175.386453664667,-1.4843857229278,0.236078044594507,-6.28769068922702,3.22223099888895e-10,7.78587749549582e-09,"ENSG00000153789.13","CIBAR2","protein_coding","Down_in_MUT","ENSG00000153789","339145"
16.6888677176491,-1.8102144133256,0.300009052692722,-6.03386596863685,1.60082856411869e-09,3.25382698769304e-08,"ENSG00000153802.12","TMPRSS11D","protein_coding","Down_in_MUT","ENSG00000153802","9407"
460.953128641675,2.38366665544229,0.196448901673901,12.1337744071438,6.99494518512232e-34,6.75563327257677e-31,"ENSG00000154040.21","CABYR","protein_coding","Up_in_MUT","ENSG00000154040","26256"
288.46917125112,-1.26997640984246,0.323851666099053,-3.92147560992948,8.80083579073976e-05,0.000466210551645935,"ENSG00000154080.14","CHST9","protein_coding","Down_in_MUT","ENSG00000154080","83539"
269.127590637638,-1.22964090656336,0.212423814606586,-5.78862077606826,7.09667130060492e-09,1.21406720080336e-07,"ENSG00000154099.18","DNAAF1","protein_coding","Down_in_MUT","ENSG00000154099","123872"
158.179526383317,1.00655096442395,0.187897040660065,5.35692824585223,8.46487174143147e-08,1.09047666641537e-06,"ENSG00000154102.11","C16orf74","protein_coding","Up_in_MUT","ENSG00000154102","404550"
1.45336089788113,-1.23678789077978,0.468235370979545,-2.6413807401872,0.00825688709947846,0.022276750084439,"ENSG00000154143.3","PANX3","protein_coding","Down_in_MUT","ENSG00000154143","116337"
1324.12986760055,-1.10094481740083,0.179990990158432,-6.11666626441555,9.55531860849961e-10,2.05585336144072e-08,"ENSG00000154146.13","NRGN","protein_coding","Down_in_MUT","ENSG00000154146","4900"
19.8633977615851,1.28340495324712,0.257289508044447,4.98817446153073,6.09525138905941e-07,6.26853039757059e-06,"ENSG00000154252.12","GAL3ST2","protein_coding","Up_in_MUT","ENSG00000154252","64090"
3672.5904187804,2.47180095838353,0.227210213953789,10.8789165564813,1.45279427368387e-27,6.25702787791602e-25,"ENSG00000154277.13","UCHL1","protein_coding","Up_in_MUT","ENSG00000154277","7345"
66.3292771526153,-1.13626902928508,0.174060680542815,-6.52800520911203,6.66513794779946e-11,1.95602773051857e-09,"ENSG00000154479.13","CCDC173","protein_coding","Down_in_MUT","ENSG00000154479","129881"
10.4052257211742,1.44342824154308,0.344245457436587,4.19302044619999,2.75264622601601e-05,0.000171405043878142,"ENSG00000154493.19","C10orf90","protein_coding","Up_in_MUT","ENSG00000154493","118611"
134.213462149717,-5.01510536436807,0.394100025356095,-12.7254631862472,4.26935516181193e-37,5.91602688530904e-34,"ENSG00000154975.14","CA10","protein_coding","Down_in_MUT","ENSG00000154975","56934"
5.48584105758755,-1.05825911991161,0.204893857543917,-5.16491383683759,2.40549705676236e-07,2.75478248997748e-06,"ENSG00000155026.16","RSPH10B","protein_coding","Down_in_MUT","ENSG00000155026","222967"
36.1831422443621,-1.20424479687949,0.174283403556811,-6.90969290421815,4.85703987910331e-12,1.86954973414132e-10,"ENSG00000155749.13","FLACC1","protein_coding","Down_in_MUT","ENSG00000155749","130540"
164.279816345255,-1.07286233153449,0.163306180170825,-6.56963704871569,5.04380532107263e-11,1.52515293536913e-09,"ENSG00000156042.18","CFAP70","protein_coding","Down_in_MUT","ENSG00000156042","118491"
1839.73714066638,2.0995774286277,0.299557671759671,7.00892558115535,2.40155140899451e-12,9.91448768860933e-11,"ENSG00000156076.10","WIF1","protein_coding","Up_in_MUT","ENSG00000156076","11197"
31.1955450541848,-1.28058536534338,0.217005235052686,-5.90117268384088,3.60926888788254e-09,6.68784934451771e-08,"ENSG00000156206.14","CFAP161","protein_coding","Down_in_MUT","ENSG00000156206","161502"
982.70733814202,2.08120950401629,0.170813185875451,12.1841267309059,3.77677093279828e-34,3.88288601287787e-31,"ENSG00000156298.13","TSPAN7","protein_coding","Up_in_MUT","ENSG00000156298","7102"
134.940683191312,-1.63751126150135,0.221240349837103,-7.40150367103937,1.34650955277486e-13,7.87423962504362e-12,"ENSG00000156414.19","TDRD9","protein_coding","Down_in_MUT","ENSG00000156414","122402"
690.342257892329,-1.10883370813535,0.189646210617194,-5.84685401583665,5.009567731665e-09,8.93952593370073e-08,"ENSG00000156463.18","SH3RF2","protein_coding","Down_in_MUT","ENSG00000156463","153769"
43.1735923888977,-3.80090491403408,0.33524061920173,-11.3378412290394,8.52207766378877e-30,5.32563014161984e-27,"ENSG00000156689.7","GLYATL2","protein_coding","Down_in_MUT","ENSG00000156689","219970"
1.1423294562854,-1.2580510142513,0.376563471429945,-3.34087374294176,0.000835151920150633,0.00320533801145482,"ENSG00000156920.11","ADGRG4","protein_coding","Down_in_MUT","ENSG00000156920","139378"
5.80682190411688,1.58995306214297,0.602803977065389,2.63759550805103,0.00834961096843286,0.022476241991466,"ENSG00000156925.12","ZIC3","protein_coding","Up_in_MUT","ENSG00000156925","7547"
135.929918844119,-1.37229069339077,0.345962426547985,-3.96658882030485,7.29086130054711e-05,0.000396598464771696,"ENSG00000156959.9","LHFPL4","protein_coding","Down_in_MUT","ENSG00000156959","375323"
737.014838046392,1.06653908697837,0.116902931208339,9.12328780770797,7.28791073934314e-20,1.24210162124923e-17,"ENSG00000157193.18","LRP8","protein_coding","Up_in_MUT","ENSG00000157193","7804"
87.8739578619195,1.37503106040542,0.185959112565279,7.39426555352448,1.42191993280885e-13,8.25464666275972e-12,"ENSG00000157315.5","TMED6","protein_coding","Up_in_MUT","ENSG00000157315","146456"
48.3240395329574,-2.27855172058585,0.313577536425474,-7.26631042057243,3.69439081517872e-13,1.93657779063423e-11,"ENSG00000157330.10","C1orf158","protein_coding","Down_in_MUT","ENSG00000157330","93190"
205.630423006487,-1.67586527866538,0.233356972878614,-7.18155218587412,6.89243651754845e-13,3.34351361112308e-11,"ENSG00000157423.18","HYDIN","protein_coding","Down_in_MUT","ENSG00000157423","54768"
2552.44368668516,-1.41420558749177,0.185069990180157,-7.64146356799993,2.14766300059256e-14,1.46256768145055e-12,"ENSG00000157551.19","KCNJ15","protein_coding","Down_in_MUT","ENSG00000157551","3772"
96447.770521398,-1.20101977947555,0.169060406118935,-7.10408668148253,1.21120822518584e-12,5.52252036407694e-11,"ENSG00000157765.13","SLC34A2","protein_coding","Down_in_MUT","ENSG00000157765","10568"
11.8804039325798,1.35145482954207,0.420852737296153,3.21122974802241,0.0013216822128858,0.00473774983768794,"ENSG00000157851.17","DPYSL5","protein_coding","Up_in_MUT","ENSG00000157851","56896"
171.666103624623,-1.28880986353703,0.239598117467793,-5.37904837132234,7.48805896211669e-08,9.78081668777136e-07,"ENSG00000157856.12","DRC1","protein_coding","Down_in_MUT","ENSG00000157856","92749"
180.317260741493,-2.55610707343125,0.260819229583332,-9.8003014483047,1.12250147758504e-22,2.79494098375882e-20,"ENSG00000157890.17","MEGF11","protein_coding","Down_in_MUT","ENSG00000157890","84465"
492.762375461918,-1.97180633468251,0.236263650009046,-8.34578799831042,7.07406070407292e-17,7.5152462899836e-15,"ENSG00000158477.7","CD1A","protein_coding","Down_in_MUT","ENSG00000158477","909"
290.834899753183,-1.34169425392109,0.175219290279698,-7.65722913144652,1.89987495260006e-14,1.32207237149163e-12,"ENSG00000158481.13","CD1C","protein_coding","Down_in_MUT","ENSG00000158481","911"
200.262456560485,-1.42088432582706,0.195422744025974,-7.27082373604483,3.57301918240964e-13,1.8791368706696e-11,"ENSG00000158488.16","CD1E","protein_coding","Down_in_MUT","ENSG00000158488","913"
18.6028708187384,-1.25143647811998,0.300989856843487,-4.15773638103267,3.21416622745325e-05,0.000195867479608341,"ENSG00000158786.5","PLA2G2F","protein_coding","Down_in_MUT","ENSG00000158786","64600"
9.15486325720117,-1.90139654234789,0.26289872202884,-7.23242976487086,4.74428021428998e-13,2.42704582198453e-11,"ENSG00000158816.15","VWA5B1","protein_coding","Down_in_MUT","ENSG00000158816","127731"
17.6167739570605,1.3254045583416,0.217435085671953,6.09563334383512,1.09005004011445e-09,2.31606565523251e-08,"ENSG00000158865.12","SLC5A11","protein_coding","Up_in_MUT","ENSG00000158865","115584"
7662.05262091244,2.82152806063051,0.153748557143733,18.3515742394434,3.20685003911667e-75,5.11027587983437e-71,"ENSG00000159228.13","CBR1","protein_coding","Up_in_MUT","ENSG00000159228","873"
142.746375022411,2.31298127407714,0.145619771491668,15.8837034997647,8.21795780707764e-57,4.36524222115619e-53,"ENSG00000159231.6","CBR3","protein_coding","Up_in_MUT","ENSG00000159231","874"
16.6472519370791,-1.33532740033053,0.190126182346734,-7.0233746023222,2.16572526413065e-12,9.11256002301502e-11,"ENSG00000159239.13","AC005041.1","protein_coding","Down_in_MUT","ENSG00000159239",NA
228.912084509236,-1.30386072573056,0.262071827111821,-4.97520370693731,6.51790601613574e-07,6.62411296684509e-06,"ENSG00000159387.8","IRX6","protein_coding","Down_in_MUT","ENSG00000159387","79190"
126.947877753875,1.64030264649361,0.294272911570515,5.57408644152606,2.48832165073935e-08,3.69377267492845e-07,"ENSG00000159409.15","CELF3","protein_coding","Up_in_MUT","ENSG00000159409","11189"
0.952464766588369,-1.11809907992768,0.464668186279215,-2.40623118376309,0.0161180612686834,0.0388665151467207,"ENSG00000159516.9","SPRR2G","protein_coding","Down_in_MUT","ENSG00000159516","6706"
84.854354185327,-1.37965989352788,0.232994195826661,-5.92143460326492,3.19145215628704e-09,6.03648496575812e-08,"ENSG00000159625.15","DRC7","protein_coding","Down_in_MUT","ENSG00000159625","84229"
101.399673544142,-1.30047059344238,0.237765379198514,-5.469554052933,4.51169315857032e-08,6.29562927569153e-07,"ENSG00000159648.11","TEPP","protein_coding","Down_in_MUT","ENSG00000159648","374739"
183.832913209524,-1.01201863545018,0.207097352175194,-4.8866807075064,1.02550201794684e-06,9.84154616500564e-06,"ENSG00000159708.18","LRRC36","protein_coding","Down_in_MUT","ENSG00000159708","55282"
21.1929625633531,-1.27353935410329,0.190078269525622,-6.70007864276995,2.08307403825176e-11,6.92280007018999e-10,"ENSG00000159723.5","AGRP","protein_coding","Down_in_MUT","ENSG00000159723","181"
107.846733551399,-1.33988929722486,0.305196406725505,-4.39025253147874,1.13219098515635e-05,7.91838026945757e-05,"ENSG00000159763.4","PIP","protein_coding","Down_in_MUT","ENSG00000159763","5304"
154.094698305376,-1.32916194693462,0.172751791163944,-7.69405595148486,1.42542672513864e-14,1.02319313416427e-12,"ENSG00000160097.20","FNDC5","protein_coding","Down_in_MUT","ENSG00000160097","252995"
638.180746623084,-1.03059987746694,0.173702085210281,-5.93314626142402,2.97183883197261e-09,5.65803317884104e-08,"ENSG00000160161.9","CILP2","protein_coding","Down_in_MUT","ENSG00000160161","148113"
462.484112078114,-4.37030600902944,0.577963879471798,-7.56155559932823,3.98277106139118e-14,2.59580565434761e-12,"ENSG00000160181.9","TFF2","protein_coding","Down_in_MUT","ENSG00000160181","7032"
395.73298412627,-1.28689229774114,0.191076146877438,-6.73497094625106,1.63962694324895e-11,5.58893586184892e-10,"ENSG00000160188.10","RSPH1","protein_coding","Down_in_MUT","ENSG00000160188","89765"
8486.47260389342,1.90677697468251,0.134990404302301,14.1252779005864,2.65351016564811e-45,7.04750187411424e-42,"ENSG00000160211.19","G6PD","protein_coding","Up_in_MUT","ENSG00000160211","2539"
534.693740871605,-1.19165620768977,0.182957722204584,-6.51328729572428,7.35236927062982e-11,2.13607439402227e-09,"ENSG00000160307.10","S100B","protein_coding","Down_in_MUT","ENSG00000160307","6285"
4.40328139535948,1.18139159376334,0.299675482610462,3.94223639342224,8.07253527697501e-05,0.000433422796180038,"ENSG00000160505.16","NLRP4","protein_coding","Up_in_MUT","ENSG00000160505","147945"
24.8675848859376,2.54378493902292,0.218391504412593,11.6478200279124,2.3540380666559e-31,1.70512607323614e-28,"ENSG00000160716.6","CHRNB2","protein_coding","Up_in_MUT","ENSG00000160716","1141"
65.9131470866471,-1.64426260749238,0.262618932697482,-6.26102082817635,3.82465432705363e-10,9.07529922320641e-09,"ENSG00000160838.14","LRRC71","protein_coding","Down_in_MUT","ENSG00000160838","149499"
13656.1235701399,-2.58498371507294,0.298661381141366,-8.65523257541416,4.91907559590146e-18,6.34720074157796e-16,"ENSG00000161055.4","SCGB3A1","protein_coding","Down_in_MUT","ENSG00000161055","92304"
42.7486343605714,-1.04214924145189,0.178815164704897,-5.82808087430268,5.60684070919866e-09,9.87814373924104e-08,"ENSG00000161132.6","AC007663.1","unprocessed_pseudogene","Down_in_MUT","ENSG00000161132","440792"
10.4289882569511,1.29082775386171,0.258691866224067,4.98982736760519,6.04332760505964e-07,6.22316297579502e-06,"ENSG00000161133.16","USP41","protein_coding","Up_in_MUT","ENSG00000161133","373856"
32.4884182313046,-1.09872812213671,0.152006937355908,-7.22814459161263,4.89637269075389e-13,2.49683670443228e-11,"ENSG00000161640.15","SIGLEC11","protein_coding","Down_in_MUT","ENSG00000161640","114132"
21.4725381868078,2.55384407931644,0.333883825358346,7.648900262166,2.02705381009596e-14,1.39771265029953e-12,"ENSG00000161652.12","IZUMO2","protein_coding","Up_in_MUT","ENSG00000161652","126123"
3767.9309383738,-2.04156252481594,0.289124601166474,-7.0611857883392,1.65087689418588e-12,7.2372898892157e-11,"ENSG00000161798.7","AQP5","protein_coding","Down_in_MUT","ENSG00000161798","362"
267.596102778162,-1.06505113014547,0.250430027678836,-4.25288908050334,2.11030118212677e-05,0.000135873553485984,"ENSG00000161905.13","ALOX15","protein_coding","Down_in_MUT","ENSG00000161905","246"
4.63875428081995,-1.00803989073322,0.191800973163098,-5.25565576706449,1.4749795113237e-07,1.78673781852518e-06,"ENSG00000161973.11","CCDC42","protein_coding","Down_in_MUT","ENSG00000161973","146849"
167.694125417253,1.39466312955404,0.296904281385665,4.69734933779025,2.63559459986573e-06,2.2387802636546e-05,"ENSG00000162006.9","MSLNL","protein_coding","Up_in_MUT","ENSG00000162006","401827"
43.6032124948355,1.00241078025652,0.195919639251515,5.11643847490788,3.11358782935336e-07,3.4624269961382e-06,"ENSG00000162374.18","ELAVL4","protein_coding","Up_in_MUT","ENSG00000162374","1996"
1667.21763471926,-4.73993890120365,0.263979950105555,-17.9556776918411,4.33261073118047e-72,3.45211591533632e-68,"ENSG00000162383.13","SLC1A7","protein_coding","Down_in_MUT","ENSG00000162383","6512"
179.765921327778,-1.85118739715043,0.201605137634125,-9.18224316539979,4.22203144722082e-20,7.4755757919097e-18,"ENSG00000162595.7","DIRAS3","protein_coding","Down_in_MUT","ENSG00000162595","9077"
83.3781250300952,-1.81493053101818,0.305669700802838,-5.93755457688899,2.89304753579687e-09,5.52121664750791e-08,"ENSG00000162598.13","C1orf87","protein_coding","Down_in_MUT","ENSG00000162598","127795"
86.6564546896314,-1.57123329964603,0.197140636940502,-7.97011374230387,1.58528394072161e-15,1.34373894879624e-13,"ENSG00000162643.13","DNAI3","protein_coding","Down_in_MUT","ENSG00000162643","126820"
19.2909397274539,-1.53970014499204,0.291414424909382,-5.28354128478994,1.2671029216624e-07,1.55982376269997e-06,"ENSG00000162763.4","LRRC52","protein_coding","Down_in_MUT","ENSG00000162763","440699"
119.938250038757,-1.15511315955949,0.185481595553618,-6.22764299666364,4.73504504316498e-10,1.10395479568918e-08,"ENSG00000162873.15","KLHDC8A","protein_coding","Down_in_MUT","ENSG00000162873","55220"
2.16810197855367,-1.50390154181788,0.34053509855691,-4.41628938746985,1.00409639687797e-05,7.15620114223856e-05,"ENSG00000162891.10","IL20","protein_coding","Down_in_MUT","ENSG00000162891","50604"
45705.8211429278,-1.62804264561826,0.249377640313413,-6.52842269087224,6.64659032072571e-11,1.95238230517833e-09,"ENSG00000162896.6","PIGR","protein_coding","Down_in_MUT","ENSG00000162896","5284"
50.1957905976482,-3.58508135220801,0.354758928168459,-10.1056832331662,5.21309143703988e-24,1.61307220572716e-21,"ENSG00000162951.11","LRRTM1","protein_coding","Down_in_MUT","ENSG00000162951","347730"
70.3340497984784,1.16809613005099,0.238618662795519,4.89524212551626,9.81847654092902e-07,9.47108552772242e-06,"ENSG00000162975.5","KCNF1","protein_coding","Up_in_MUT","ENSG00000162975","3754"
5.64085019339758,1.3604753573745,0.268928409640795,5.05887555424759,4.21735974351431e-07,4.51803268522839e-06,"ENSG00000162989.5","KCNJ3","protein_coding","Up_in_MUT","ENSG00000162989","3760"
1918.86931351845,1.15532877757009,0.214113648481786,5.39586703492361,6.81934352447615e-08,9.05203238103204e-07,"ENSG00000163053.11","SLC16A14","protein_coding","Up_in_MUT","ENSG00000163053","151473"
22.2331433445699,-1.40720707253911,0.230392698741935,-6.10786314072972,1.00973878276593e-09,2.16272746945785e-08,"ENSG00000163060.8","TEKT4","protein_coding","Down_in_MUT","ENSG00000163060","150483"
156.382597004273,-1.39139107026247,0.157833270644692,-8.81557522428028,1.19072120887527e-18,1.68664336213617e-16,"ENSG00000163106.11","HPGDS","protein_coding","Down_in_MUT","ENSG00000163106","27306"
167.138042889164,-1.01632408648513,0.171747459613689,-5.91754945762307,3.26773617136406e-09,6.15499570387629e-08,"ENSG00000163145.13","C1QTNF7","protein_coding","Down_in_MUT","ENSG00000163145","114905"
457.595641754956,-2.51742201434535,0.336132515071842,-7.48937368884798,6.92030470983534e-14,4.29041282946941e-12,"ENSG00000163207.7","IVL","protein_coding","Down_in_MUT","ENSG00000163207","3713"
65.5774044653241,-3.31930435292704,0.405578855655449,-8.18411587942073,2.74310028857286e-16,2.62538586477795e-14,"ENSG00000163209.15","SPRR3","protein_coding","Down_in_MUT","ENSG00000163209","6707"
128.772711442428,-3.8394115278887,0.387514345282547,-9.90779199435644,3.85061716244602e-23,1.06715669203754e-20,"ENSG00000163216.7","SPRR2D","protein_coding","Down_in_MUT","ENSG00000163216","6703"
16472.5848274577,1.29526100893672,0.222066419713038,5.83276395688505,5.45166649840944e-09,9.62604226985081e-08,"ENSG00000163220.11","S100A9","protein_coding","Up_in_MUT","ENSG00000163220","6280"
32.2692333546027,-1.40571382546337,0.236839595777419,-5.93529904004928,2.93310392243746e-09,5.5909662148328e-08,"ENSG00000163263.7","C1orf189","protein_coding","Down_in_MUT","ENSG00000163263","388701"
116.205112100393,1.60566562584847,0.291000409375737,5.51774352927199,3.43380061391115e-08,4.9363400706343e-07,"ENSG00000163283.7","ALPP","protein_coding","Up_in_MUT","ENSG00000163283","250"
166.40569245562,1.01889003623274,0.320311865775113,3.18093128947052,0.00146802443287552,0.00517388109036557,"ENSG00000163286.9","ALPG","protein_coding","Up_in_MUT","ENSG00000163286","251"
3.84064576568677,-1.05159442108351,0.436221439736771,-2.4106894464382,0.0159223996928719,0.0384587192581674,"ENSG00000163288.14","GABRB1","protein_coding","Down_in_MUT","ENSG00000163288","2560"
2.55063089778932,-1.24656112318436,0.403787232928769,-3.0871731979804,0.00202069823316822,0.00679414214466763,"ENSG00000163440.12","PDCL2","protein_coding","Down_in_MUT","ENSG00000163440","132954"
494.044370761314,-1.66908948498628,0.189432005913679,-8.81102154272102,1.24010530384962e-18,1.74111877264279e-16,"ENSG00000163485.17","ADORA1","protein_coding","Down_in_MUT","ENSG00000163485","134"
10.0852715456183,2.00308859895299,0.308820284456363,6.48625980796296,8.79933789220768e-11,2.49949819930972e-09,"ENSG00000163499.12","CRYBA2","protein_coding","Up_in_MUT","ENSG00000163499","1412"
6.02981133384168,1.54384021152093,0.35472133747255,4.35226203904467,1.34740082322859e-05,9.20871526635975e-05,"ENSG00000163515.6","RETNLB","protein_coding","Up_in_MUT","ENSG00000163515","84666"
91.0881734709351,-1.07057252218252,0.186593630263632,-5.73745481381084,9.61099100158578e-09,1.58957910851863e-07,"ENSG00000163576.18","EFHB","protein_coding","Down_in_MUT","ENSG00000163576","151651"
3735.99910460732,-1.45875182160297,0.16550130571894,-8.81414086291421,1.20606338186696e-18,1.70081619661424e-16,"ENSG00000163629.13","PTPN13","protein_coding","Down_in_MUT","ENSG00000163629","5783"
3.31837056924166,-1.43385147696258,0.290937680752771,-4.92838010275133,8.29141912005487e-07,8.14347669569396e-06,"ENSG00000163630.11","SYNPR","protein_coding","Down_in_MUT","ENSG00000163630","132204"
359.781582043624,-3.97694560909847,0.35839561849828,-11.0965240751612,1.30417856887735e-28,6.70410889817579e-26,"ENSG00000163631.17","ALB","protein_coding","Down_in_MUT","ENSG00000163631","213"
66.8371806418734,-1.31112940214292,0.266021893701902,-4.9286522394737,8.27988029013474e-07,8.13465057727757e-06,"ENSG00000163736.4","PPBP","protein_coding","Down_in_MUT","ENSG00000163736","5473"
1208.11444778475,-1.0192544773815,0.1724083935834,-5.91186111184577,3.3826371244853e-09,6.31973312577955e-08,"ENSG00000163751.4","CPA3","protein_coding","Down_in_MUT","ENSG00000163751","1359"
453.694038259887,-1.71493116701832,0.247107141603618,-6.94003077324742,3.92014538898413e-12,1.54436283921277e-10,"ENSG00000163817.16","SLC6A20","protein_coding","Down_in_MUT","ENSG00000163817","54716"
31.667016770408,-1.18905303184372,0.25162964640871,-4.72540914321518,2.29652498270845e-06,1.97924682866147e-05,"ENSG00000163873.10","GRIK3","protein_coding","Down_in_MUT","ENSG00000163873","2899"
59.2039291660177,-1.86551575934722,0.239268347617465,-7.796751128694,6.35213409099908e-15,4.90190957903709e-13,"ENSG00000163885.12","CFAP100","protein_coding","Down_in_MUT","ENSG00000163885","348807"
12378.6744175577,1.85196814715866,0.265150716810709,6.98458661335914,2.85695946093679e-12,1.16288831391464e-10,"ENSG00000163993.7","S100P","protein_coding","Up_in_MUT","ENSG00000163993","6286"
23.9915458445718,-1.0459953590565,0.203862272253986,-5.1308922808107,2.88371909894354e-07,3.23958446959568e-06,"ENSG00000164047.6","CAMP","protein_coding","Down_in_MUT","ENSG00000164047","820"
4.02965217228702,1.22151727683769,0.248598003892054,4.91362463782331,8.94078495916292e-07,8.70613374376662e-06,"ENSG00000164076.17","CAMKV","protein_coding","Up_in_MUT","ENSG00000164076","79012"
70.1338526919308,1.31061604722915,0.476376130770652,2.75122106791732,0.00593735600511572,0.016900015471916,"ENSG00000164089.9","ETNPPL","protein_coding","Up_in_MUT","ENSG00000164089","64850"
2.39080139030654,-1.13166715896069,0.377607648988377,-2.9969391827535,0.00272705111952064,0.00875529830061876,"ENSG00000164107.9","HAND2","protein_coding","Down_in_MUT","ENSG00000164107","9464"
6674.73805573529,-1.41383684017207,0.220871458558998,-6.40117491592698,1.54185808487898e-10,4.10530985991461e-09,"ENSG00000164120.14","HPGD","protein_coding","Down_in_MUT","ENSG00000164120","3248"
634.379243570107,-1.57255617068768,0.249324265598861,-6.30727284771298,2.83994932183018e-10,6.98395253364581e-09,"ENSG00000164161.10","HHIP","protein_coding","Down_in_MUT","ENSG00000164161","64399"
44.8490209692318,-1.35120947079641,0.189517652989389,-7.12972881144776,1.0056686972728e-12,4.69277702061220e-11,"ENSG00000164185.6","ZNF474","protein_coding","Down_in_MUT","ENSG00000164185","133923"
7.60095530295029,-1.85898471742622,0.253011757441604,-7.34742423128412,2.02062766996341e-13,1.12750847674471e-11,"ENSG00000164270.18","HTR4","protein_coding","Down_in_MUT","ENSG00000164270","3360"
72.9237761981299,-1.93931355152496,0.287195671849096,-6.75258627345871,1.45232647994583e-11,5.00401051268687e-10,"ENSG00000164287.13","CDC20B","protein_coding","Down_in_MUT","ENSG00000164287","166979"
7.28972868456256,1.3215220913313,0.172827210830878,7.64649319385527,2.06534388585983e-14,1.4168586320808e-12,"ENSG00000164304.16","CAGE1","protein_coding","Up_in_MUT","ENSG00000164304","285782"
102.84533369711,-1.59087902327449,0.207021866883199,-7.68459413116999,1.53482791363671e-14,1.08945435268409e-12,"ENSG00000164400.6","CSF2","protein_coding","Down_in_MUT","ENSG00000164400","1437"
79.8127507670562,-1.07032527702033,0.211904508897443,-5.05097924810247,4.39550827373341e-07,4.68056278623981e-06,"ENSG00000164485.15","IL22RA2","protein_coding","Down_in_MUT","ENSG00000164485","116379"
533.587243754481,1.10506907166336,0.269879614791974,4.09467411058504,4.22762615139695e-05,0.000247726922359206,"ENSG00000164488.12","DACT2","protein_coding","Up_in_MUT","ENSG00000164488","168002"
17.3855214029124,-1.15766529791619,0.164721536218354,-7.02801421413159,2.09493560870894e-12,8.85513166911973e-11,"ENSG00000164512.18","ANKRD55","protein_coding","Down_in_MUT","ENSG00000164512","79722"
52.7487264907349,-1.42998579219746,0.223199843516679,-6.4067508725229,1.48653418929283e-10,3.98799083728551e-09,"ENSG00000164530.15","PI16","protein_coding","Down_in_MUT","ENSG00000164530","221476"
137.988556985339,-1.01255643675209,0.211724468871617,-4.78242520644164,1.73192837489225e-06,1.55094940253416e-05,"ENSG00000164619.10","BMPER","protein_coding","Down_in_MUT","ENSG00000164619","168667"
3215.17727538292,-1.11533395395193,0.13373022536385,-8.34017852671192,7.41784583435813e-17,7.85429118228664e-15,"ENSG00000164626.9","KCNK5","protein_coding","Down_in_MUT","ENSG00000164626","8645"
113.474997917302,-1.56999082541838,0.363194815266688,-4.32272367177257,1.54114710681959e-05,0.000103515067316011,"ENSG00000164651.17","SP8","protein_coding","Down_in_MUT","ENSG00000164651","221833"
34.3515205995168,-1.87169689245099,0.30126700146329,-6.21275109241948,5.20648885025232e-10,1.19636630242532e-08,"ENSG00000164744.13","SUN3","protein_coding","Down_in_MUT","ENSG00000164744","256979"
130.369339482697,-1.80348346811765,0.187654353611167,-9.61066681061177,7.20806604789725e-22,1.64091623580381e-19,"ENSG00000164746.14","C7orf57","protein_coding","Down_in_MUT","ENSG00000164746","136288"
39.4716660809404,-1.21339771567837,0.289961857283506,-4.18468045089113,2.85567524430676e-05,0.000176724710119031,"ENSG00000164778.4","EN2","protein_coding","Down_in_MUT","ENSG00000164778","2020"
25.6802476820412,1.64078930419035,0.354449664828447,4.62911794537735,3.67226574580297e-06,2.9894963367685e-05,"ENSG00000164794.9","KCNV1","protein_coding","Up_in_MUT","ENSG00000164794","27012"
3.14573940454228,3.04294564641501,1.15573022291503,2.63292037024,0.00846541921514965,0.0227376622815497,"ENSG00000164816.8","DEFA5","protein_coding","Up_in_MUT","ENSG00000164816","1670"
390.811961531056,2.06298181886061,0.2733551081982,7.54689324248814,4.45763687566659e-14,2.88173113315152e-12,"ENSG00000164825.4","DEFB1","protein_coding","Up_in_MUT","ENSG00000164825","1672"
173.680168806913,-1.20103263667439,0.173604771354561,-6.91820061916078,4.57416225213614e-12,1.77136239535639e-10,"ENSG00000164946.20","FREM1","protein_coding","Down_in_MUT","ENSG00000164946","158326"
196.487098474754,-1.74667068283332,0.250574366871762,-6.97066784858812,3.15439921455736e-12,1.26616948825136e-10,"ENSG00000164972.13","C9orf24","protein_coding","Down_in_MUT","ENSG00000164972","84688"
27.634904271991,1.46298423209262,0.255382699591084,5.7285956896655,1.01265425680456e-08,1.66191059828105e-07,"ENSG00000165023.7","DIRAS2","protein_coding","Up_in_MUT","ENSG00000165023","54769"
146.002961957878,-1.09442328598454,0.178043986605407,-6.14692642448,7.89987501739042e-10,1.7340008035761e-08,"ENSG00000165084.16","C8orf34","protein_coding","Down_in_MUT","ENSG00000165084","116328"
26.7811221647521,1.14946191880789,0.179332396237101,6.40967244584271,1.45832612876845e-10,3.91561179865032e-09,"ENSG00000165091.18","TMC1","protein_coding","Up_in_MUT","ENSG00000165091","117531"
6369.30157578432,1.6772421333391,0.183026168620403,9.16394713379873,5.0032983073827e-20,8.66631088883662e-18,"ENSG00000165092.13","ALDH1A1","protein_coding","Up_in_MUT","ENSG00000165092","216"
70.8043426290394,-1.45437597141315,0.233386137829315,-6.23162962864914,4.61607793165102e-10,1.07858518885374e-08,"ENSG00000165125.22","TRPV6","protein_coding","Down_in_MUT","ENSG00000165125","55503"
64.3293631710012,-1.36619274828972,0.251759662723225,-5.42657522460881,5.74456206199457e-08,7.77100753301481e-07,"ENSG00000165164.14","CFAP47","protein_coding","Down_in_MUT","ENSG00000165164","286464"
12.5023421000563,-2.40083554014676,0.272229844234782,-8.81914893238591,1.1533295411277e-18,1.64097168773576e-16,"ENSG00000165192.14","ASB11","protein_coding","Down_in_MUT","ENSG00000165192","140456"
247.422241744617,-1.41458061995891,0.207111559468682,-6.83004185564453,8.48898611992836e-12,3.09911198886869e-10,"ENSG00000165309.14","ARMC3","protein_coding","Down_in_MUT","ENSG00000165309","219681"
27.1333689043463,-1.84645611386586,0.237381982842596,-7.77841726551848,7.3437503995025e-15,5.61277383651185e-13,"ENSG00000165383.11","LRRC18","protein_coding","Down_in_MUT","ENSG00000165383","474354"
1302.08761736481,-1.10709342437894,0.224075100084664,-4.94072489072028,7.78326624692082e-07,7.70852947655729e-06,"ENSG00000165449.11","SLC16A9","protein_coding","Down_in_MUT","ENSG00000165449","220963"
10.1957261718594,-1.24587142298435,0.344993743392505,-3.61128700692667,0.000304681254469705,0.00136364222176716,"ENSG00000165509.13","MAGEC3","protein_coding","Down_in_MUT","ENSG00000165509","139081"
60.5389750907558,1.84920388542713,0.37122574822705,4.98134597144408,6.31435330712418e-07,6.45636041871527e-06,"ENSG00000165556.10","CDX2","protein_coding","Up_in_MUT","ENSG00000165556","1045"
172.216915519295,1.01886357245064,0.147252889549314,6.91914145500979,4.5438897301952e-12,1.76177992203225e-10,"ENSG00000165568.18","AKR1E2","protein_coding","Up_in_MUT","ENSG00000165568","83592"
7.81811719789496,-2.64221595156397,0.712717211284933,-3.70724308284967,0.000209527804872101,0.000983919355986259,"ENSG00000165583.15","SSX5","protein_coding","Down_in_MUT","ENSG00000165583","6758"
5.82108339073936,1.41600711584909,0.572327230455242,2.47412151737524,0.0133564258162114,0.0332201223028307,"ENSG00000165588.18","OTX2","protein_coding","Up_in_MUT","ENSG00000165588","5015"
120.57185976492,-2.71048975596558,0.300284603506798,-9.02640270034429,1.7740777011103e-19,2.88477706184114e-17,"ENSG00000165606.9","DRGX","protein_coding","Down_in_MUT","ENSG00000165606","644168"
4.64409033845988,1.3738326058364,0.365989026687229,3.75375354357403,0.000174206152007063,0.000841741096212416,"ENSG00000165643.11","SOHLH1","protein_coding","Up_in_MUT","ENSG00000165643","402381"
663.493452087786,1.19770107515861,0.269716630625449,4.4405903795448,8.97124166566624e-06,6.5085919218404e-05,"ENSG00000165731.20","RET","protein_coding","Up_in_MUT","ENSG00000165731","5979"
7.64218894594263,-2.23960076106458,0.31274318404891,-7.16114970778813,8.00032198213949e-13,3.81703984869413e-11,"ENSG00000165799.5","RNASE7","protein_coding","Down_in_MUT","ENSG00000165799","84659"
10.9786611340407,1.1084851818436,0.399132540233395,2.77723580541793,0.00548233892469098,0.0158153171496041,"ENSG00000165863.17","C10orf82","protein_coding","Up_in_MUT","ENSG00000165863","143379"
294.068940831659,1.23749117889126,0.14735712995592,8.39790500304558,4.54514655080359e-17,5.06497782240074e-15,"ENSG00000165996.14","HACD1","protein_coding","Up_in_MUT","ENSG00000165996","9200"
48.3911199726789,-1.01748506034672,0.251698798413799,-4.04247086898664,5.28908853370986e-05,0.000300585842827865,"ENSG00000166104.15","AC126323.1","transcribed_unprocessed_pseudogene","Down_in_MUT","ENSG00000166104",NA
1117.64817077464,-3.51962240014769,0.293055138159611,-12.0101030210593,3.14453079512298e-33,2.86340974203899e-30,"ENSG00000166105.16","GLB1L3","protein_coding","Down_in_MUT","ENSG00000166105","112937"
4.46983365500685,1.57648428682178,0.308359057101413,5.11249548380641,3.17930590108416e-07,3.52444029125054e-06,"ENSG00000166111.10","SVOP","protein_coding","Up_in_MUT","ENSG00000166111","55530"
721.669882690224,-1.13459045291134,0.246576908266498,-4.60136539503157,4.19730365961476e-06,3.35605280821831e-05,"ENSG00000166143.10","PPP1R14D","protein_coding","Down_in_MUT","ENSG00000166143","54866"
1.17645677333807,1.47733549484288,0.291350683564664,5.07064365447074,3.96472515832512e-07,4.27758143266689e-06,"ENSG00000166159.11","LRTM2","protein_coding","Up_in_MUT","ENSG00000166159","654429"
206.629391876079,1.4641283963452,0.27798309332855,5.26696922037175,1.38694450053584e-07,1.68972890583249e-06,"ENSG00000166183.16","ASPG","protein_coding","Up_in_MUT","ENSG00000166183","374569"
438.586944325054,1.01435985036639,0.254100465088102,3.99196376919143,6.55283861075719e-05,0.000361950640144614,"ENSG00000166206.15","GABRB3","protein_coding","Up_in_MUT","ENSG00000166206","2562"
78.4475704590243,-1.39671282149672,0.238668884045224,-5.85209432341447,4.85421182539313e-09,8.68661342431804e-08,"ENSG00000166342.19","NETO1","protein_coding","Down_in_MUT","ENSG00000166342","81832"
50.3789577605657,-1.04147677980219,0.327141621672755,-3.18356549825994,0.00145473197214382,0.00513668986086813,"ENSG00000166396.13","SERPINB7","protein_coding","Down_in_MUT","ENSG00000166396","8710"
273.442212475522,-1.14888145900729,0.144448432371523,-7.95357512812847,1.81204809057667e-15,1.50787949594697e-13,"ENSG00000166428.14","PLD4","protein_coding","Down_in_MUT","ENSG00000166428","122618"
911.370370846374,-1.57429728441881,0.209692418429586,-7.50764999616545,6.01981920284199e-14,3.80669955979716e-12,"ENSG00000166448.15","TMEM130","protein_coding","Down_in_MUT","ENSG00000166448","222865"
223.56361735055,1.54786504347725,0.227526558222483,6.8030082095458,1.02456807213079e-11,3.65666394477945e-10,"ENSG00000166473.17","PKD1L2","polymorphic_pseudogene","Up_in_MUT","ENSG00000166473","114780"
2.52820144800665,2.38586229955098,0.394179172865158,6.05273556745511,1.42406528611902e-09,2.92438045965847e-08,"ENSG00000166573.6","GALR1","protein_coding","Up_in_MUT","ENSG00000166573","2587"
131.557341544936,-1.5375190962837,0.223516901953612,-6.87875987384071,6.03758302336329e-12,2.27720483476463e-10,"ENSG00000166596.15","CFAP52","protein_coding","Down_in_MUT","ENSG00000166596","146845"
0.847563371232803,-1.72471406732055,0.621683887693534,-2.77426213138529,0.00553270780172835,0.0159332186092784,"ENSG00000166634.6","SERPINB12","protein_coding","Down_in_MUT","ENSG00000166634","89777"
273.983361921946,-1.40191749679783,0.252797564646514,-5.54561314211284,2.92925843249902e-08,4.28053165988886e-07,"ENSG00000166670.10","MMP10","protein_coding","Down_in_MUT","ENSG00000166670","4319"
2830.39209966007,-1.55657306109842,0.189722313101366,-8.20448072582145,2.31589667602722e-16,2.2503031390751e-14,"ENSG00000166825.15","ANPEP","protein_coding","Down_in_MUT","ENSG00000166825","290"
684.537268489228,-1.12067350706219,0.196989239892751,-5.68900873810329,1.27778931096138e-08,2.05057518276184e-07,"ENSG00000166897.16","ELFN2","protein_coding","Down_in_MUT","ENSG00000166897","114794"
939.207601959549,-2.00371044398196,0.290543123032854,-6.89643046122068,5.33254495294599e-12,2.03293708367634e-10,"ENSG00000166961.15","MS4A15","protein_coding","Down_in_MUT","ENSG00000166961","219995"
459.523544923652,1.13728665387246,0.334648858128904,3.39844773483252,0.000677694104204713,0.00267344829745122,"ENSG00000167080.9","B4GALNT2","protein_coding","Up_in_MUT","ENSG00000167080","124872"
63.0396992281268,-1.2296657642482,0.177807074007465,-6.91573027176957,4.65459287400857e-12,1.80032195980009e-10,"ENSG00000167094.16","TTC16","protein_coding","Down_in_MUT","ENSG00000167094","158248"
172.25381791446,2.32326033929779,0.426052789207327,5.45298704327279,4.95306794199232e-08,6.8396546091524e-07,"ENSG00000167165.19","UGT1A6","protein_coding","Up_in_MUT","ENSG00000167165","54578"
55.6331084698796,-1.50514980220488,0.252061859655907,-5.97135085910888,2.35297100769218e-09,4.57823803334295e-08,"ENSG00000167244.21","IGF2","protein_coding","Down_in_MUT","ENSG00000167244","3481"
8.17665373579823,1.02260047532413,0.325441276267411,3.14219661086836,0.00167685393889322,0.00578700724271421,"ENSG00000167355.8","OR51B5","protein_coding","Up_in_MUT","ENSG00000167355","282763"
14.8999659177237,-1.40881883191237,0.295885031850332,-4.76137242597995,1.9228083262539e-06,1.70085551390613e-05,"ENSG00000167580.8","AQP2","protein_coding","Down_in_MUT","ENSG00000167580","359"
243.274313421413,1.06417784762556,0.392824712267053,2.70903997226657,0.00674782095609286,0.0187923629580248,"ENSG00000167755.15","KLK6","protein_coding","Up_in_MUT","ENSG00000167755","5653"
17.6753060690643,-1.50803190779627,0.246420742930857,-6.11974418167956,9.37257035571264e-10,2.02106353049335e-08,"ENSG00000167768.4","KRT1","protein_coding","Down_in_MUT","ENSG00000167768","3848"
236.805662337968,-1.86758700500687,0.287763838858008,-6.48999892557172,8.58369863190456e-11,2.44915898923393e-09,"ENSG00000167858.13","TEKT1","protein_coding","Down_in_MUT","ENSG00000167858","83659"
13.831410583541,1.40332751349439,0.300269334469843,4.67356254001799,2.96019508991618e-06,2.47688048597319e-05,"ENSG00000167941.3","SOST","protein_coding","Up_in_MUT","ENSG00000167941","50964"
197.353890163271,1.13138121400855,0.15912572825426,7.10998294506321,1.16057295252472e-12,5.35291180461871e-11,"ENSG00000167964.13","RAB26","protein_coding","Up_in_MUT","ENSG00000167964","25837"
2.11059366911483,1.13575536326692,0.476653811743668,2.38276781866522,0.0171830280071524,0.0409481296258377,"ENSG00000168124.2","OR1F1","protein_coding","Up_in_MUT","ENSG00000168124","4992"
576.139333085591,1.74308865146474,0.269392325079777,6.47044659103984,9.77136870459032e-11,2.72461322820646e-09,"ENSG00000168243.11","GNG4","protein_coding","Up_in_MUT","ENSG00000168243","2786"
1.04520833218996,3.5342358171572,0.555262731675883,6.3649793431845,1.95316020237236e-10,5.05269227352349e-09,"ENSG00000168267.7","PTF1A","protein_coding","Up_in_MUT","ENSG00000168267","256297"
244.593516662052,-1.19316209095136,0.166777521082946,-7.15421408834794,8.41536444191139e-13,4.00307582280832e-11,"ENSG00000168329.14","CX3CR1","protein_coding","Down_in_MUT","ENSG00000168329","1524"
152.143038940105,-1.22160774361847,0.17986272620218,-6.79188940039353,1.10674384973549e-11,3.90188420740264e-10,"ENSG00000168453.15","HR","protein_coding","Down_in_MUT","ENSG00000168453","55806"
65.7729531567691,-1.01465073315594,0.225454289237146,-4.5004720761319,6.78027118264286e-06,5.09669029693557e-05,"ENSG00000168589.15","DYNLRB2","protein_coding","Down_in_MUT","ENSG00000168589","83657"
21.7788637848773,-1.12663236121427,0.202356026907153,-5.5675750232594,2.58308874261551e-08,3.82554002397301e-07,"ENSG00000168621.15","GDNF","protein_coding","Down_in_MUT","ENSG00000168621","2668"
741.305143112203,-2.32762987706384,0.266398916868803,-8.73738491290547,2.38568529950079e-18,3.24117876040911e-16,"ENSG00000168631.13","MUCL3","protein_coding","Down_in_MUT","ENSG00000168631","135656"
14.6153793945315,-1.24897619004023,0.198491661617246,-6.29233580828526,3.12724040103292e-10,7.60826555887941e-09,"ENSG00000168634.5","WFDC13","protein_coding","Down_in_MUT","ENSG00000168634","164237"
226.253658508199,-1.19437928758035,0.221873314438682,-5.38315881115317,7.31899093185214e-08,9.59932345633991e-07,"ENSG00000168658.19","VWA3B","protein_coding","Down_in_MUT","ENSG00000168658","200403"
1857.97851625236,1.58437521625727,0.172580703058892,9.18048882740159,4.29138878755364e-20,7.51488198066604e-18,"ENSG00000168679.18","SLC16A4","protein_coding","Up_in_MUT","ENSG00000168679","9122"
31.9392032058583,2.25546877657092,0.3127019267002,7.21283939747941,5.47970314179425e-13,2.74596884956171e-11,"ENSG00000168702.18","LRP1B","protein_coding","Up_in_MUT","ENSG00000168702","53353"
17.6212531190438,2.31093826605089,0.306145119151931,7.54850599105597,4.40279460985765e-14,2.85787101854935e-12,"ENSG00000168703.5","WFDC12","protein_coding","Up_in_MUT","ENSG00000168703","128488"
85.6166248993088,1.91627009940154,0.609125135388645,3.14593831065417,0.00165554921117028,0.00572339829799415,"ENSG00000168875.3","SOX14","protein_coding","Up_in_MUT","ENSG00000168875","8403"
0.796347215387454,-1.59692531803673,0.544698372937442,-2.93176076408096,0.003370462757566,0.0104851165003793,"ENSG00000168930.13","TRIM49","protein_coding","Down_in_MUT","ENSG00000168930","57093"
10.824334046242,2.49306353629178,0.370570816093804,6.72763053111204,1.72448116366956e-11,5.84690842205452e-10,"ENSG00000168955.4","TM4SF20","protein_coding","Up_in_MUT","ENSG00000168955","79853"
0.918221803900168,1.05215808521551,0.409875230722115,2.56702041585149,0.0102576572837872,0.0266613762266825,"ENSG00000169006.7","NTSR2","protein_coding","Up_in_MUT","ENSG00000169006","23620"
224.592379778284,-1.47726547840773,0.343033513809819,-4.3064756618117,1.65876170583574e-05,0.000110437422867539,"ENSG00000169035.12","KLK7","protein_coding","Down_in_MUT","ENSG00000169035","5650"
3.65736993263378,1.55931223912652,0.496829502711747,3.13852585366939,0.00169799955333853,0.00585111295972022,"ENSG00000169059.12","VCX3A","protein_coding","Up_in_MUT","ENSG00000169059","51481"
101.365259011644,-1.82132946373476,0.272829919480698,-6.67569549264047,2.46062413155449e-11,7.99414390385046e-10,"ENSG00000169064.13","ZBBX","protein_coding","Down_in_MUT","ENSG00000169064","79740"
20.4118549637723,-1.11185901341588,0.223014772483959,-4.98558459169271,6.17747437370174e-07,6.33687220602191e-06,"ENSG00000169067.4","ACTBL2","protein_coding","Down_in_MUT","ENSG00000169067","345651"
4.46535399245484,-1.02573662295877,0.302125984758734,-3.39506257225072,0.000686129174979982,0.00270270954588889,"ENSG00000169085.13","VXN","protein_coding","Down_in_MUT","ENSG00000169085","254778"
136.446441370723,-1.56725081106158,0.214571057326496,-7.30411095787639,2.79105988226456e-13,1.50259914708875e-11,"ENSG00000169126.16","ARMC4","protein_coding","Down_in_MUT","ENSG00000169126","55130"
4.01447113435131,-1.66653830764495,0.267923418290353,-6.22020396081575,4.96509031085918e-10,1.14751554240314e-08,"ENSG00000169181.13","GSG1L","protein_coding","Down_in_MUT","ENSG00000169181","146395"
439.308669912857,1.90383137469073,0.247930330730245,7.67889660407122,1.60464681048829e-14,1.13396227266236e-12,"ENSG00000169213.7","RAB3B","protein_coding","Up_in_MUT","ENSG00000169213","5865"
258.717618054927,-1.08011017680847,0.138702223224796,-7.78725929329855,6.84783294487596e-15,5.25897069364197e-13,"ENSG00000169252.6","ADRB2","protein_coding","Down_in_MUT","ENSG00000169252","154"
277.603946003504,3.65382821814976,0.530820937183344,6.8833536173946,5.84596674373321e-12,2.21172159905628e-10,"ENSG00000169297.8","NR0B1","protein_coding","Up_in_MUT","ENSG00000169297","190"
2.1557342729049,-1.07204839632071,0.299481669845455,-3.57967950717628,0.000344015866745255,0.00151062685161725,"ENSG00000169306.10","IL1RAPL1","protein_coding","Down_in_MUT","ENSG00000169306","11141"
45.1004257579665,-1.45638354199955,0.222311913042608,-6.55108186541679,5.71217318928194e-11,1.70621060651926e-09,"ENSG00000169314.15","C22orf15","protein_coding","Down_in_MUT","ENSG00000169314","150248"
0.869384545131877,2.20980198836207,0.729253439699347,3.03022497812711,0.00244371632308366,0.00796519563642864,"ENSG00000169344.15","UMOD","protein_coding","Up_in_MUT","ENSG00000169344","7369"
5.7342701544883,-1.341015255644,0.254065258674626,-5.27823151673563,1.30436601747784e-07,1.60074891578884e-06,"ENSG00000169402.15","RSPH10B2","protein_coding","Down_in_MUT","ENSG00000169402","222967"
46.4047460600958,1.38514374135,0.294936556441618,4.69641253719657,2.6477053060738e-06,2.24727072729369e-05,"ENSG00000169427.8","KCNK9","protein_coding","Up_in_MUT","ENSG00000169427","51305"
329.249066690765,-3.68366010475894,0.37658739272822,-9.78168726805309,1.34941937055979e-22,3.28300341672604e-20,"ENSG00000169469.9","SPRR1B","protein_coding","Down_in_MUT","ENSG00000169469","6699"
17.6407661514554,-1.73547236415873,0.350938501786909,-4.94523215697921,7.60531731517215e-07,7.56284143999537e-06,"ENSG00000169474.4","SPRR1A","protein_coding","Down_in_MUT","ENSG00000169474","6698"
2.76082973210594,-2.31884008073262,0.627798186533735,-3.69360748481235,0.000221094993149086,0.00103185217845285,"ENSG00000169509.6","CRCT1","protein_coding","Down_in_MUT","ENSG00000169509","54544"
20.0791008257262,-1.16438089823658,0.272490459680448,-4.27310702768111,1.92767870420524e-05,0.000125509801801277,"ENSG00000169594.13","BNC1","protein_coding","Down_in_MUT","ENSG00000169594","646"
8.6123439011222,-1.08398188276258,0.224624297781943,-4.82575524316106,1.39473711059836e-06,1.28361728131332e-05,"ENSG00000169676.6","DRD5","protein_coding","Down_in_MUT","ENSG00000169676","1816"
127.453078641679,1.47157322695229,0.182565050080886,8.06054185234414,7.59570011624683e-16,6.76208263700846e-14,"ENSG00000169684.13","CHRNA5","protein_coding","Up_in_MUT","ENSG00000169684","1138"
18833.4216713283,1.06354158041236,0.129251107520043,8.22849104211694,1.89586478072685e-16,1.86491069217733e-14,"ENSG00000169710.9","FASN","protein_coding","Up_in_MUT","ENSG00000169710","2194"
64.8441924764895,1.39401325172087,0.19709383373008,7.07284051123572,1.51793916546314e-12,6.74731368793247e-11,"ENSG00000169752.17","NRG4","protein_coding","Up_in_MUT","ENSG00000169752","145957"
7.662739555573,1.18948110285234,0.443054479790751,2.68472875709125,0.00725886896593647,0.0199833646724852,"ENSG00000169836.5","TACR3","protein_coding","Up_in_MUT","ENSG00000169836","6870"
15.0313855787158,-4.38499125379158,0.677771009785983,-6.46972383073187,9.818219435311e-11,2.73528384285662e-09,"ENSG00000169876.14","MUC17","protein_coding","Down_in_MUT","ENSG00000169876","140453"
900.118077553726,-1.45736242998382,0.343840814966648,-4.23848003654011,2.25038189425501e-05,0.000143587430133736,"ENSG00000169903.7","TM4SF4","protein_coding","Down_in_MUT","ENSG00000169903","7104"
1.09781261740052,-1.05323831511549,0.379272155065321,-2.77699878846653,0.00548633834763247,0.0158225580922445,"ENSG00000169906.5","S100G","protein_coding","Down_in_MUT","ENSG00000169906","795"
35.7470934102657,-2.26892346263671,0.230362661407835,-9.84935426935271,6.89857549462609e-23,1.78913182149736e-20,"ENSG00000170044.8","ZPLD1","protein_coding","Down_in_MUT","ENSG00000170044","131368"
18.2423569751611,2.93917706197637,0.276494954186491,10.6301291125694,2.15813496743127e-26,8.38803896914659e-24,"ENSG00000170091.11","NSG2","protein_coding","Up_in_MUT","ENSG00000170091","51617"
6.56218225233529,-4.30600149369548,0.606380295866911,-7.10115668837724,1.23717012628135e-12,5.62480015616445e-11,"ENSG00000170162.14","VGLL2","protein_coding","Down_in_MUT","ENSG00000170162","245806"
207.704757850575,-1.02539995656379,0.206250243954977,-4.97163027253259,6.63922287622173e-07,6.74310619146153e-06,"ENSG00000170231.16","FABP6","protein_coding","Down_in_MUT","ENSG00000170231","2172"
2.47575202707804,-1.18545382567064,0.388727754797424,-3.04957341234462,0.00229166617235816,0.00754521617553996,"ENSG00000170370.12","EMX2","protein_coding","Down_in_MUT","ENSG00000170370","2018"
1.36176207945701,1.40348432138969,0.493144541440096,2.84598977267637,0.00442736168068154,0.0132206918509324,"ENSG00000170419.11","VSTM2A","protein_coding","Up_in_MUT","ENSG00000170419","222008"
16.5390563076174,-3.44928650188441,0.424443072044756,-8.12661751143081,4.41435538565873e-16,4.08982327024213e-14,"ENSG00000170454.6","KRT75","protein_coding","Down_in_MUT","ENSG00000170454","9119"
113.709135675113,1.1398799684317,0.241554704853171,4.71893093170998,2.37087292433171e-06,2.0372631698942e-05,"ENSG00000170509.12","HSD17B13","protein_coding","Up_in_MUT","ENSG00000170509","345275"
39.2249549337282,2.0116363721601,0.314081112154935,6.40483077240175,1.50536256405243e-10,4.02832999822964e-09,"ENSG00000170523.3","KRT83","protein_coding","Up_in_MUT","ENSG00000170523","3889"
3.88517580954087,-1.44548192696851,0.317308718979477,-4.55544345461873,5.22751770025944e-06,4.05762826656036e-05,"ENSG00000170788.14","DYDC1","protein_coding","Down_in_MUT","ENSG00000170788","143241"
78.4508727976357,1.04305051315776,0.210557152319915,4.95376434220092,7.27913560501807e-07,7.27708064201791e-06,"ENSG00000170835.16","CEL","protein_coding","Up_in_MUT","ENSG00000170835","1056"
39.0403588606878,-1.1354248468902,0.199142685601104,-5.70156440073595,1.18712869071355e-08,1.91958287680018e-07,"ENSG00000171094.18","ALK","protein_coding","Down_in_MUT","ENSG00000171094","238"
2.92261536659665,-1.00257050053691,0.31227566378947,-3.21053036400819,0.00132490270261559,0.00474555788211526,"ENSG00000171402.15","XAGE3","protein_coding","Down_in_MUT","ENSG00000171402","170626"
79.8261820951413,-2.37623970277923,0.436846821556139,-5.43952613484648,5.34224724358512e-08,7.2855268250022e-07,"ENSG00000171431.4","KRT20","protein_coding","Down_in_MUT","ENSG00000171431","54474"
71.604278135425,2.76386969785254,0.292009013730835,9.46501500943457,2.93518903606641e-21,6.03531675925629e-19,"ENSG00000171450.6","CDK5R2","protein_coding","Up_in_MUT","ENSG00000171450","8941"
1.61122788286383,-2.12646235431466,0.621243355673307,-3.42291363745853,0.000619537575811098,0.00247962854184045,"ENSG00000171483.13","SSX6P","transcribed_unprocessed_pseudogene","Down_in_MUT","ENSG00000171483",NA
183.792465431807,-1.00615058999557,0.252890205778921,-3.97860639520043,6.93203898052885e-05,0.000379876046438638,"ENSG00000171551.12","ECEL1","protein_coding","Down_in_MUT","ENSG00000171551","9427"
20352.3425301712,1.69661681936113,0.368373265294437,4.60570019381031,4.11080290728165e-06,3.29681427926456e-05,"ENSG00000171560.16","FGA","protein_coding","Up_in_MUT","ENSG00000171560","2243"
93.6942265243915,-1.81022127099652,0.274340085402442,-6.59845705136756,4.15458794607696e-11,1.28548021265362e-09,"ENSG00000171595.14","DNAI2","protein_coding","Down_in_MUT","ENSG00000171595","64446"
291.445861534462,2.97472290472162,0.24900464526024,11.9464554631608,6.77537618753523e-33,5.68257932823514e-30,"ENSG00000171658.8","NMRAL2P","transcribed_unprocessed_pseudogene","Up_in_MUT","ENSG00000171658",NA
9.88036412698217,-1.27153322492387,0.389317211898293,-3.26605961941403,0.00109055286411188,0.00402297356589612,"ENSG00000171711.3","DEFB4A","protein_coding","Down_in_MUT","ENSG00000171711","1673"
1736.44399553026,-1.37681111662543,0.341821141176297,-4.02786999039165,5.62844509735201e-05,0.000317213392922557,"ENSG00000171747.9","LGALS4","protein_coding","Down_in_MUT","ENSG00000171747","3960"
211.505429564656,2.94058472773815,0.332355436190795,8.84771063606149,8.93329179174788e-19,1.2941497395218e-16,"ENSG00000171759.10","PAH","protein_coding","Up_in_MUT","ENSG00000171759","5053"
1.51627322319611,1.25850670482433,0.472135968725268,2.6655598983958,0.00768602382310258,0.020969120464484,"ENSG00000171772.17","SYCE1","protein_coding","Up_in_MUT","ENSG00000171772","93426"
120.632296281807,-1.8980342881278,0.230006665792182,-8.25208383239959,1.55656165403537e-16,1.54065765452675e-14,"ENSG00000171811.14","CFAP46","protein_coding","Down_in_MUT","ENSG00000171811","54777"
1447.74971871171,-1.19681486039383,0.138398682313741,-8.64758854915056,5.25990845499337e-18,6.72408736884972e-16,"ENSG00000171812.13","COL8A2","protein_coding","Down_in_MUT","ENSG00000171812","1296"
673.432280897673,2.51773023253213,0.286915399110203,8.77516592117483,1.70652067967911e-18,2.38546142903741e-16,"ENSG00000171903.16","CYP4F11","protein_coding","Up_in_MUT","ENSG00000171903","57834"
13.4318198415051,1.54176596809413,0.210093881663608,7.33846200510841,2.16062226135188e-13,1.19550680714489e-11,"ENSG00000171931.13","FBXW10","protein_coding","Up_in_MUT","ENSG00000171931","10517"
275.970349117435,2.52120930671598,0.203471869798179,12.3909477473064,2.92565189295017e-35,3.33012326715053e-32,"ENSG00000171951.5","SCG2","protein_coding","Up_in_MUT","ENSG00000171951","7857"
63.6743174177429,-1.13653724699838,0.292191326234131,-3.88970220864008,0.000100367308359224,0.000521998447244912,"ENSG00000171956.7","FOXB1","protein_coding","Down_in_MUT","ENSG00000171956","27023"
36.1639117910483,-1.80815367376471,0.234412023799758,-7.713570509119,1.22345712484797e-14,8.94330321697929e-13,"ENSG00000172232.10","AZU1","protein_coding","Down_in_MUT","ENSG00000172232","566"
43.2261331054231,-1.01669431074882,0.202852258365375,-5.01199404404738,5.38688718096804e-07,5.59783114915658e-06,"ENSG00000172548.14","NIPAL4","protein_coding","Down_in_MUT","ENSG00000172548","348938"
2049.14228004959,1.02841614719081,0.183550795083581,5.6028967170778,2.10798844965218e-08,3.20208799800219e-07,"ENSG00000172602.11","RND1","protein_coding","Up_in_MUT","ENSG00000172602","27289"
1.70537009941422,-1.41399611772043,0.377616881086789,-3.74452570460017,0.000180734873791954,0.000868677599551104,"ENSG00000172689.2","MS4A10","protein_coding","Down_in_MUT","ENSG00000172689","341116"
58.7544361043244,-3.31529988448703,0.344692262872197,-9.61814418711294,6.70295457433337e-22,1.53690550531352e-19,"ENSG00000172782.12","FADS6","protein_coding","Down_in_MUT","ENSG00000172782","283985"
394.768172751219,-1.0647739658079,0.197856017701815,-5.38155967241086,7.38432163200716e-08,9.67704419135281e-07,"ENSG00000173175.15","ADCY5","protein_coding","Down_in_MUT","ENSG00000173175","111"
380.366482063588,-1.25075118025781,0.135468252066407,-9.23279928085793,2.63649828974177e-20,4.74733542329718e-18,"ENSG00000173198.6","CYSLTR1","protein_coding","Down_in_MUT","ENSG00000173198","10800"
1584.66843577555,-1.91968041942531,0.228116351146373,-8.41535650460028,3.91701818320556e-17,4.44267923547845e-15,"ENSG00000173227.14","SYT12","protein_coding","Down_in_MUT","ENSG00000173227","91683"
1403.11750632171,1.25881396624452,0.210216768959449,5.98817103162378,2.12213844637995e-09,4.18531401142175e-08,"ENSG00000173267.14","SNCG","protein_coding","Up_in_MUT","ENSG00000173267","6623"
65.231726155012,3.39568446936814,0.304633672037066,11.146779824638,7.42448312948277e-29,4.22545896106688e-26,"ENSG00000173404.5","INSM1","protein_coding","Up_in_MUT","ENSG00000173404","3642"
1.4906853812738,-2.23596564339536,0.676350128651986,-3.30592920541288,0.000946620016038395,0.00356489738049861,"ENSG00000173572.11","NLRP13","protein_coding","Down_in_MUT","ENSG00000173572","126204"
9.06376890748622,-1.27610085066614,0.217193165510658,-5.8754189970288,4.21775169989118e-09,7.67698254867114e-08,"ENSG00000173585.16","CCR9","protein_coding","Down_in_MUT","ENSG00000173585","10803"
113.620386661594,-1.04403667010104,0.197607832037732,-5.28337697618018,1.26824041303143e-07,1.56001891947992e-06,"ENSG00000173597.9","SULT1B1","protein_coding","Down_in_MUT","ENSG00000173597","27284"
3.09334194666141,-1.53995319682872,0.487852678200681,-3.15659473779757,0.00159623024874354,0.00555387055215122,"ENSG00000173610.12","UGT2A1","protein_coding","Down_in_MUT","ENSG00000173610","10941"
48.8167391331871,-1.84829503733555,0.298137187448977,-6.1994783446861,5.66506110823308e-10,1.28781143067401e-08,"ENSG00000173627.8","APOBEC4","protein_coding","Down_in_MUT","ENSG00000173627","403314"
21.5474852363882,1.76596080336859,0.229039568697793,7.71028697534221,1.2553513182531e-14,9.11373618770943e-13,"ENSG00000173826.15","KCNH6","protein_coding","Up_in_MUT","ENSG00000173826","81033"
942.558267487738,1.66887195888097,0.149832508580886,11.1382501346831,8.1708987943332e-29,4.48990888748609e-26,"ENSG00000173894.11","CBX2","protein_coding","Up_in_MUT","ENSG00000173894","84733"
45.7282347323523,-1.11626586787294,0.216019215719874,-5.16743783256984,2.37324867082437e-07,2.72078447438286e-06,"ENSG00000174460.4","ZCCHC12","protein_coding","Down_in_MUT","ENSG00000174460","170261"
109.354403099328,1.25942489172129,0.255007438515253,4.93877707667716,7.8614018522767e-07,7.77624886511206e-06,"ENSG00000174473.16","GALNTL6","protein_coding","Up_in_MUT","ENSG00000174473","442117"
218.60309684649,-1.43986561019733,0.161129073300907,-8.93610060990297,4.03144935143269e-19,6.20706870915513e-17,"ENSG00000174501.14","ANKRD36C","protein_coding","Down_in_MUT","ENSG00000174501","400986"
2883.20886248196,1.12779851374274,0.227627805486488,4.95457271282126,7.24894057316184e-07,7.25827788272827e-06,"ENSG00000174502.19","SLC26A9","protein_coding","Up_in_MUT","ENSG00000174502","115019"
2200.20126110937,-1.84092641955467,0.188063559418943,-9.78885237120125,1.25714622937021e-22,3.08203903663523e-20,"ENSG00000174514.13","MFSD4A","protein_coding","Down_in_MUT","ENSG00000174514","148808"
109.582653210198,1.06775203492699,0.202666788421567,5.268510165099,1.37535427754393e-07,1.67753219210113e-06,"ENSG00000174672.16","BRSK2","protein_coding","Up_in_MUT","ENSG00000174672","9024"
181.584359166748,-1.88760266023275,0.23761097304727,-7.9440887599801,1.95623484948834e-15,1.60688558989801e-13,"ENSG00000174844.14","DNAH12","protein_coding","Down_in_MUT","ENSG00000174844","201625"
27.8619362283628,-1.69971229707262,0.287026900488941,-5.92178744980772,3.1846106081167e-09,6.02712141872253e-08,"ENSG00000174898.16","CATSPERD","protein_coding","Down_in_MUT","ENSG00000174898","257062"
10.6531726805034,1.17574227117195,0.262125117456122,4.48542391733508,7.27691098603419e-06,5.42889583417358e-05,"ENSG00000174990.8","CA5A","protein_coding","Up_in_MUT","ENSG00000174990","763"
9.76442327082467,-1.11374941271153,0.291842821862092,-3.81626454132157,0.000135487243125255,0.000678290747044664,"ENSG00000174992.8","ZG16","protein_coding","Down_in_MUT","ENSG00000174992","653808"
9.99756340223626,2.86295103922392,0.386885276031212,7.39999999119366,1.36184506843753e-13,7.9348014947299e-12,"ENSG00000175121.11","WFDC5","protein_coding","Up_in_MUT","ENSG00000175121","149708"
2.86586931156151,-1.65011466226887,0.362705266906976,-4.54946429739074,5.37826577537768e-06,4.1533973473967e-05,"ENSG00000175229.7","GAL3ST3","protein_coding","Down_in_MUT","ENSG00000175229","89792"
139.707638785008,-2.11840242981416,0.253025405475017,-8.37229141412569,5.65084901227937e-17,6.06391275657763e-15,"ENSG00000175267.15","VWA3A","protein_coding","Down_in_MUT","ENSG00000175267","146177"
664.132630509692,-1.17117891961278,0.204804771708375,-5.71851383072481,1.07459771533135e-08,1.75184162584784e-07,"ENSG00000175315.3","CST6","protein_coding","Down_in_MUT","ENSG00000175315","1474"
677.14261717167,1.90245023879639,0.326562500614881,5.82568493079973,5.6878834991676e-09,1.00098583656527e-07,"ENSG00000175426.11","PCSK1","protein_coding","Up_in_MUT","ENSG00000175426","5122"
203.640174748345,1.28422988816499,0.267922865456599,4.79328214848845,1.64074613371101e-06,1.48136600644486e-05,"ENSG00000175497.17","DPP10","protein_coding","Up_in_MUT","ENSG00000175497","57628"
13.8613015260056,-1.95736580135659,0.287057918105763,-6.81871384796785,9.18591620577757e-12,3.31556438725183e-10,"ENSG00000175664.10","TEX26","protein_coding","Down_in_MUT","ENSG00000175664","122046"
10.8486365624089,-4.01892492730015,0.5124655819447,-7.84233140506563,4.42257300720516e-15,3.46318978655125e-13,"ENSG00000175766.13","EIF4E1B","protein_coding","Down_in_MUT","ENSG00000175766","253314"
39.5039106617052,1.56941821005602,0.316598252905057,4.95712846061301,7.15426764875327e-07,7.17927154387328e-06,"ENSG00000175868.14","CALCB","protein_coding","Up_in_MUT","ENSG00000175868","797"
659.671574683974,-1.06613445974443,0.209088386191448,-5.09896546223399,3.41514851813427e-07,3.75250306396486e-06,"ENSG00000175928.6","LRRN1","protein_coding","Down_in_MUT","ENSG00000175928","57633"
1.53120962998916,-1.55473560662632,0.348795242884749,-4.45744498625529,8.2942313641476e-06,6.08845743505265e-05,"ENSG00000176009.3","ASCL3","protein_coding","Down_in_MUT","ENSG00000176009","56676"
5.65774889880807,-1.05498754154667,0.260467125886621,-4.05036734657216,5.11372922867938e-05,0.000292235367127919,"ENSG00000176136.6","MC5R","protein_coding","Down_in_MUT","ENSG00000176136","4161"
5596.89337303234,2.57501709911163,0.301127638775405,8.55124793454179,1.21764747388139e-17,1.45291939828041e-15,"ENSG00000176153.12","GPX2","protein_coding","Up_in_MUT","ENSG00000176153","2877"
11.3758405139593,1.58359302847273,0.521563260882681,3.03624343822203,0.00239545874614531,0.00783528972433564,"ENSG00000176165.12","FOXG1","protein_coding","Up_in_MUT","ENSG00000176165","2290"
2.33452492715769,1.52187034622485,0.388919577964865,3.91307209112095,9.11293141705933e-05,0.000480460276580807,"ENSG00000176194.18","CIDEA","protein_coding","Up_in_MUT","ENSG00000176194","1149"
3.52674949290055,-1.44420854212916,0.243956541372377,-5.91994186343507,3.22055443016357e-09,6.08070439832601e-08,"ENSG00000176320.2","AL138899.1","lncRNA","Down_in_MUT","ENSG00000176320",NA
53.9776071834866,-1.61493651713326,0.224033605404977,-7.2084565804938,5.6589609653314e-13,2.82248427114362e-11,"ENSG00000176358.15","TAC4","protein_coding","Down_in_MUT","ENSG00000176358","255061"
120.221909746692,1.34412640224598,0.29946726851832,4.48839169935444,7.17628905206886e-06,5.36235283670095e-05,"ENSG00000176406.23","RIMS2","protein_coding","Up_in_MUT","ENSG00000176406","9699"
0.805768149969522,-1.19638051716546,0.482725294375207,-2.47838787630539,0.0131977584601528,0.0328767984901931,"ENSG00000176584.18","DMBT1L1","transcribed_unitary_pseudogene","Down_in_MUT","ENSG00000176584",NA
99.7773352089667,-1.78045561116447,0.24099232887707,-7.38801778239453,1.49033816092795e-13,8.58925271734806e-12,"ENSG00000176601.13","MAP3K19","protein_coding","Down_in_MUT","ENSG00000176601","80122"
1.19536767534173,1.22764085751863,0.523603921325462,2.34459828797873,0.0190475893952172,0.044610943681288,"ENSG00000176746.6","MAGEB6","protein_coding","Up_in_MUT","ENSG00000176746","158809"
4690.43666105906,1.03480777317943,0.158660876945,6.52213572182727,6.93132502145258e-11,2.02668128219005e-09,"ENSG00000176788.9","BASP1","protein_coding","Up_in_MUT","ENSG00000176788","10409"
1.97657674993649,1.3012790830564,0.283683026734544,4.58708826550299,4.4947068640537e-06,3.55991059801827e-05,"ENSG00000176840.12","MIR7-3HG","lncRNA","Up_in_MUT","ENSG00000176840","284424"
155.501245577273,-1.89925344711132,0.285234158489432,-6.65857643828338,2.76492482056187e-11,8.87421137523941e-10,"ENSG00000176887.7","SOX11","protein_coding","Down_in_MUT","ENSG00000176887","6664"
50.5735362420542,1.10024075990153,0.172094844654107,6.39322323752867,1.62424855438891e-10,4.29240677254801e-09,"ENSG00000176919.13","C8G","protein_coding","Up_in_MUT","ENSG00000176919","733"
97.6006646323541,-1.18145348142675,0.212692664533137,-5.55474484284663,2.78017568903763e-08,4.08461285594316e-07,"ENSG00000177103.15","DSCAML1","protein_coding","Down_in_MUT","ENSG00000177103","57453"
12646.0364994004,1.44398379513889,0.0784758370403917,18.400361813225,1.30490571952396e-75,4.1588650186948e-71,"ENSG00000177156.11","TALDO1","protein_coding","Up_in_MUT","ENSG00000177156","6888"
122.060993561656,1.18955300585165,0.317052587575335,3.75191073174572,0.000175491955518498,0.000847311636771707,"ENSG00000177238.14","TRIM72","protein_coding","Up_in_MUT","ENSG00000177238","493829"
220.965157842593,-1.30216018179967,0.159700956094051,-8.15374067662314,3.52837034819271e-16,3.32700270317307e-14,"ENSG00000177272.9","KCNA3","protein_coding","Down_in_MUT","ENSG00000177272","3738"
495.199044417444,1.075285205091,0.109243682411079,9.84299669654808,7.34886387199826e-23,1.88883581019723e-20,"ENSG00000177337.8","DLGAP1-AS1","lncRNA","Up_in_MUT","ENSG00000177337",NA
15.2810441517558,-1.11079788771693,0.386320316664167,-2.87532868400126,0.00403607104699989,0.0122310183834681,"ENSG00000177354.12","C10orf71","protein_coding","Down_in_MUT","ENSG00000177354","118461"
2.03393667074991,1.47007501965768,0.388956195237448,3.77953876980988,0.000157119128887001,0.000770984412125881,"ENSG00000177511.6","ST8SIA3","protein_coding","Up_in_MUT","ENSG00000177511","51046"
28.5032262940427,-2.01251509578265,0.211867165395016,-9.4989475694849,2.12022206190596e-21,4.47507267119238e-19,"ENSG00000177699.4","AC011944.1","lncRNA","Down_in_MUT","ENSG00000177699","100129540"
1.86529939214086,-1.05442911139192,0.375426294214667,-2.80861816990633,0.00497546187371442,0.0146096319676757,"ENSG00000177725.5","AC105206.1","lncRNA","Down_in_MUT","ENSG00000177725",NA
96.633583985987,-1.16388892983592,0.176157233510976,-6.60710268115899,3.9191422451748e-11,1.21979475093717e-09,"ENSG00000177791.12","MYOZ1","protein_coding","Down_in_MUT","ENSG00000177791","58529"
13.5973623847419,1.5983646143784,0.446251136107057,3.58176032518817,0.000341286827584927,0.00150050386011301,"ENSG00000177984.7","LCN15","protein_coding","Up_in_MUT","ENSG00000177984","389812"
19.4092781850497,-1.35569480521733,0.237607704430333,-5.70560120711415,1.1593314634028e-08,1.87844702949215e-07,"ENSG00000177994.16","C2orf73","protein_coding","Down_in_MUT","ENSG00000177994","129852"
19.2655644848392,-1.43063596432163,0.252523656446053,-5.66535422643568,1.46721114297321e-08,2.32182156592349e-07,"ENSG00000178125.14","PPP1R42","protein_coding","Down_in_MUT","ENSG00000178125","286187"
951.758316521099,-3.94654055489854,0.279392195537878,-14.1254502377948,2.64702653378062e-45,7.04750187411424e-42,"ENSG00000178343.5","SHISA3","protein_coding","Down_in_MUT","ENSG00000178343","152573"
58.2691034917455,-2.89326050064524,0.455655520670639,-6.34966629261268,2.15782497527918e-10,5.449448477585e-09,"ENSG00000178372.8","CALML5","protein_coding","Down_in_MUT","ENSG00000178372","51806"
324.287321705075,1.01135977148238,0.232845500787179,4.34347998163284,1.40243262293148e-05,9.54247013779875e-05,"ENSG00000178445.10","GLDC","protein_coding","Up_in_MUT","ENSG00000178445","2731"
373.502273673079,1.78561244438012,0.213054916539247,8.38099619283456,5.24815981441231e-17,5.78768517111193e-15,"ENSG00000178538.10","CA8","protein_coding","Up_in_MUT","ENSG00000178538","767"
1.09206394535053,-1.46843999854404,0.404379007252717,-3.63134577267098,0.000281947130464738,0.00127243514514892,"ENSG00000178645.13","C10orf53","protein_coding","Down_in_MUT","ENSG00000178645","282966"
138.134818353322,1.00365367286926,0.161834248837068,6.20173838406558,5.58428528199717e-10,1.27308123192083e-08,"ENSG00000178662.16","CSRNP3","protein_coding","Up_in_MUT","ENSG00000178662","80034"
228.625515624275,-1.93739280115942,0.295155518888239,-6.56397281154352,5.23927586822208e-11,1.57677961469411e-09,"ENSG00000178965.14","ERICH3","protein_coding","Down_in_MUT","ENSG00000178965","127254"
61.5971146090078,-1.1582743808122,0.216704176425861,-5.34495642823233,9.04388061963203e-08,1.15990953411788e-06,"ENSG00000179031.8","NSA2P3","processed_pseudogene","Down_in_MUT","ENSG00000179031",NA
117.934344957457,2.40767676252293,0.442095567513473,5.44605496966344,5.14992271023385e-08,7.05074251329211e-07,"ENSG00000179059.10","ZFP42","protein_coding","Up_in_MUT","ENSG00000179059","132625"
46.3438241663503,-1.03772068573524,0.154952304747858,-6.69703291876713,2.12693722921163e-11,7.04652977465735e-10,"ENSG00000179071.5","CCDC89","protein_coding","Down_in_MUT","ENSG00000179071","220388"
27.9001341384379,1.19693674039901,0.179017592154106,6.6861403172524,2.29133339288878e-11,7.53633504280272e-10,"ENSG00000179088.15","C12orf42","protein_coding","Up_in_MUT","ENSG00000179088","374470"
22.5569709792606,-1.36924920504041,0.236298164546409,-5.79458248297772,6.84913560572023e-09,1.17739374805776e-07,"ENSG00000179133.15","C10orf67","protein_coding","Down_in_MUT","ENSG00000179133","256815"
120.092559726967,-1.1513648468847,0.215612153794866,-5.33998119595852,9.29562226649395e-08,1.18895608788276e-06,"ENSG00000179242.16","CDH4","protein_coding","Down_in_MUT","ENSG00000179242","1002"
13.3947723330593,1.43542628381389,0.266792892572213,5.38030181379499,7.43610630240066e-08,9.73290118947891e-07,"ENSG00000179270.7","PCARE","protein_coding","Up_in_MUT","ENSG00000179270","388939"
305.992011532025,-1.70017407327223,0.215446728958859,-7.89138958613237,2.98840157913468e-15,2.38705129645617e-13,"ENSG00000179639.10","FCER1A","protein_coding","Down_in_MUT","ENSG00000179639","2205"
40.9993564314497,1.10237091606288,0.16451755479702,6.70062788997182,2.07525882998788e-11,6.91061471703534e-10,"ENSG00000179766.19","ATP8B5P","transcribed_unprocessed_pseudogene","Up_in_MUT","ENSG00000179766",NA
305.21811751993,-1.93367355165546,0.274806747462242,-7.03648498267365,1.97149888652807e-12,8.36666325067059e-11,"ENSG00000179813.7","FAM216B","protein_coding","Down_in_MUT","ENSG00000179813","144809"
129.247466906754,-1.58627211386818,0.24893614420538,-6.37220488383341,1.86329732375317e-10,4.84776726574182e-09,"ENSG00000179902.13","C1orf194","protein_coding","Down_in_MUT","ENSG00000179902","127003"
58.9512513888463,-1.52091198338691,0.255973440372444,-5.94167887564416,2.82117664267395e-09,5.39051083804924e-08,"ENSG00000179914.5","ITLN1","protein_coding","Down_in_MUT","ENSG00000179914","55600"
13.5802273542388,1.33165005789112,0.241848215748543,5.50613968256719,3.66787541999449e-08,5.23505855399214e-07,"ENSG00000179915.24","NRXN1","protein_coding","Up_in_MUT","ENSG00000179915","9378"
6.86047257942821,1.11128316526695,0.281916770777047,3.94188384821491,8.08441269286201e-05,0.000433914309421026,"ENSG00000179930.6","ZNF648","protein_coding","Up_in_MUT","ENSG00000179930","127665"
2.15914435117341,-1.42584288929479,0.356004262954191,-4.00512869554671,6.19837256530997e-05,0.00034470132966148,"ENSG00000180083.11","WFDC11","protein_coding","Down_in_MUT","ENSG00000180083","259239"
0.884956262075748,-1.27302057732259,0.382859731170669,-3.32503126779639,0.000884086194927299,0.00336811756255778,"ENSG00000180090.5","OR3A1","protein_coding","Down_in_MUT","ENSG00000180090","4994"
16.9633999395418,-1.35918808984382,0.38653122587154,-3.51637331959186,0.000437485373656121,0.00184799156312713,"ENSG00000180251.5","SLC9A4","protein_coding","Down_in_MUT","ENSG00000180251","389015"
291.289872024148,-1.11560905474218,0.247390227820458,-4.50951140863911,6.49771004896575e-06,4.91157547074921e-05,"ENSG00000180287.17","PLD5","protein_coding","Down_in_MUT","ENSG00000180287","200150"
13.323873863454,1.00818022228509,0.206136815853457,4.89083048125574,1.00411415048389e-06,9.66539477199398e-06,"ENSG00000180316.12","PNPLA1","protein_coding","Up_in_MUT","ENSG00000180316","285848"
18.6000580260555,1.55125690062117,0.395894919481516,3.91835516013383,8.91552761984889e-05,0.000470987536502907,"ENSG00000180318.4","ALX1","protein_coding","Up_in_MUT","ENSG00000180318","8092"
197.648583829006,-2.01151182600145,0.329392752195972,-6.10672764531474,1.01694552471888e-09,2.17670052507156e-08,"ENSG00000180347.13","ITPRID1","protein_coding","Down_in_MUT","ENSG00000180347","223075"
2.8816608359845,-1.00286461493743,0.267994010690982,-3.74211577472083,0.000182477406521552,0.000875321250771756,"ENSG00000180383.3","DEFB124","protein_coding","Down_in_MUT","ENSG00000180383","245937"
21.0353914795278,-1.8137732004171,0.276165945607538,-6.56769319050897,5.11006922700082e-11,1.54226341225135e-09,"ENSG00000180532.10","ZSCAN4","protein_coding","Down_in_MUT","ENSG00000180532","201516"
347.492575176815,1.16278835545029,0.161993261388593,7.17800447674775,7.07362448756408e-13,3.42099371840903e-11,"ENSG00000180596.7","H2BC4","protein_coding","Up_in_MUT","ENSG00000180596","8347"
0.940703516784543,-1.27456843264055,0.396016906050102,-3.218469750075,0.00128876563722206,0.00463278249762062,"ENSG00000180613.11","GSX2","protein_coding","Down_in_MUT","ENSG00000180613","170825"
35.2058805868834,2.00073224676291,0.188601152147036,10.608271603787,2.72747695508738e-26,1.04731828958542e-23,"ENSG00000180638.19","SLC47A2","protein_coding","Up_in_MUT","ENSG00000180638","146802"
891.496133921951,-1.38506542159645,0.229050704934782,-6.04698170211188,1.47584511686618e-09,3.02098007191021e-08,"ENSG00000180730.5","SHISA2","protein_coding","Down_in_MUT","ENSG00000180730","387914"
5.85438869488259,1.1493029477915,0.22691573216266,5.06488878861712,4.08638839249679e-07,4.40139521653481e-06,"ENSG00000180999.11","C1orf105","protein_coding","Up_in_MUT","ENSG00000180999","92346"
13707.2117422977,2.09234945700243,0.162092755170503,12.9083465501065,4.03880449990241e-38,6.12955896268523e-35,"ENSG00000181019.13","NQO1","protein_coding","Up_in_MUT","ENSG00000181019","1728"
29.6163836656143,-1.40691020549197,0.254129114806079,-5.53620236140811,3.09100416501409e-08,4.49422416711515e-07,"ENSG00000181123.8","AC004832.1","lncRNA","Down_in_MUT","ENSG00000181123","107985579"
21.933862820292,1.42527473855852,0.183919786578325,7.74943667059738,9.2301098198649e-15,6.90546549457545e-13,"ENSG00000181215.15","C4orf50","protein_coding","Up_in_MUT","ENSG00000181215","389197"
61.0344120782494,-1.02321457203444,0.166442402448067,-6.1475594979693,7.86841890198489e-10,1.72828655289566e-08,"ENSG00000181322.15","NME9","protein_coding","Down_in_MUT","ENSG00000181322","347736"
162.005444048466,-1.26980166561311,0.233048220416686,-5.44866493012785,5.07493176385165e-08,6.97168751059121e-07,"ENSG00000181378.14","CFAP65","protein_coding","Down_in_MUT","ENSG00000181378","255101"
1.64064144252504,-1.01665043663759,0.329726474141055,-3.08331455424072,0.00204708651608178,0.00686476161132602,"ENSG00000181562.5","EDDM3A","protein_coding","Down_in_MUT","ENSG00000181562","10876"
27.8516177252967,-1.14128124817521,0.167021460288658,-6.83314135921676,8.30750201749715e-12,3.04331490574312e-10,"ENSG00000181656.7","GPR88","protein_coding","Down_in_MUT","ENSG00000181656","54112"
3.61706249822276,-1.19337637739846,0.355267906288172,-3.35908860968282,0.000781999884190204,0.00302932520615882,"ENSG00000181903.5","OR4C6","protein_coding","Down_in_MUT","ENSG00000181903","219432"
7.37204232856498,-1.1024520887558,0.364527756715938,-3.02432961124247,0.00249184790780689,0.00809806104514258,"ENSG00000182077.12","PTCHD3","polymorphic_pseudogene","Down_in_MUT","ENSG00000182077","374308"
1.79886464698591,-1.14749107516336,0.301685705034195,-3.80359777084331,0.000142609670845081,0.000708844794058575,"ENSG00000182230.12","FAM153B","protein_coding","Down_in_MUT","ENSG00000182230",NA
0.735053785026026,-1.09015433739552,0.44645520164441,-2.44180005828177,0.0146142379831016,0.0358312469235658,"ENSG00000182261.4","NLRP10","protein_coding","Down_in_MUT","ENSG00000182261","338322"
111.38020813578,1.31356323263926,0.209685853981607,6.26443418903444,3.74181543982829e-10,8.90630320259651e-09,"ENSG00000182327.8","GLTPD2","protein_coding","Up_in_MUT","ENSG00000182327","388323"
45.7007761804983,-1.50305238480346,0.237320837832193,-6.33341934291607,2.39786684534063e-10,5.97984461876769e-09,"ENSG00000182329.14","KIAA2012","protein_coding","Down_in_MUT","ENSG00000182329","100652824"
1.84873055344016,-1.38879838978463,0.459979368475336,-3.01926235167457,0.00253391001637109,0.00821214624077313,"ENSG00000182333.15","LIPF","protein_coding","Down_in_MUT","ENSG00000182333","8513"
787.457905226194,-1.07503844651165,0.18525032369034,-5.80316635942112,6.50741687099609e-09,1.12900317417265e-07,"ENSG00000182489.9","XKRX","protein_coding","Down_in_MUT","ENSG00000182489","402415"
2.62044883695017,-1.88709156337593,0.386056027863568,-4.88812873566327,1.0179895691232e-06,9.78713289819774e-06,"ENSG00000182601.7","HS3ST4","protein_coding","Down_in_MUT","ENSG00000182601","9951"
3865.55400623965,1.34222393695576,0.123714720954172,10.8493470025525,2.00855146704608e-27,8.53527250749676e-25,"ENSG00000182704.8","TSKU","protein_coding","Up_in_MUT","ENSG00000182704","25987"
4.54768036259212,-1.10449141894207,0.360793805610716,-3.06128154576407,0.00220391749753359,0.00730308323600468,"ENSG00000182798.10","MAGEB17","protein_coding","Down_in_MUT","ENSG00000182798","645864"
1.54115359194026,-2.52259819094187,0.600305423183132,-4.20219124052843,2.64343663933405e-05,0.000165616216104218,"ENSG00000182898.4","TCHHL1","protein_coding","Down_in_MUT","ENSG00000182898","126637"
59.1359823269913,-1.29821986783961,0.200407436018834,-6.47790268479658,9.30063032894037e-11,2.61624350585753e-09,"ENSG00000182931.9","WFDC10B","protein_coding","Down_in_MUT","ENSG00000182931","280664"
7.34819702702978,-2.97274389164384,0.57511435563808,-5.16896137698673,2.35398535252875e-07,2.70258887501598e-06,"ENSG00000182968.5","SOX1","protein_coding","Down_in_MUT","ENSG00000182968","6656"
326.434680939652,-1.47958487692814,0.203926887892548,-7.25546735017972,4.00277325857324e-13,2.07772616488579e-11,"ENSG00000183019.7","MCEMP1","protein_coding","Down_in_MUT","ENSG00000183019","199675"
93.7239384361501,1.02148032606226,0.182061738151944,5.61062602406753,2.0159599943783e-08,3.08156647390075e-07,"ENSG00000183032.12","SLC25A21","protein_coding","Up_in_MUT","ENSG00000183032","89874"
3.31557109728379,-1.3150894950105,0.308996417091394,-4.25600240737268,2.08114466057013e-05,0.000134376340107437,"ENSG00000183166.11","CALN1","protein_coding","Down_in_MUT","ENSG00000183166","83698"
1.9504499518141,2.13967235249535,0.30103567377568,7.10770363412061,1.17989578076541e-12,5.41850986005392e-11,"ENSG00000183185.9","GABRR3","protein_coding","Up_in_MUT","ENSG00000183185","200959"
596.111686749912,-1.13584718099056,0.180508654892398,-6.29248044459497,3.12432698379776e-10,7.60826555887941e-09,"ENSG00000183196.10","CHST6","protein_coding","Down_in_MUT","ENSG00000183196","4166"
3.80359742029254,1.6636958171972,0.197418254492237,8.42726434531725,3.53839907307874e-17,4.02758274493187e-15,"ENSG00000183324.11","REC114","protein_coding","Up_in_MUT","ENSG00000183324","283677"
109.421138206577,-1.25670448922399,0.209347343247834,-6.00296363797777,1.93748021065503e-09,3.85211676817133e-08,"ENSG00000183346.9","CABCOCO1","protein_coding","Down_in_MUT","ENSG00000183346","219621"
43.2215926492181,-1.49723799093452,0.214505711025441,-6.97994465404674,2.95296371356815e-12,1.19585649955693e-10,"ENSG00000183379.9","SYNDIG1L","protein_coding","Down_in_MUT","ENSG00000183379","646658"
1.18506612264345,-1.13207950097746,0.490069382087927,-2.31003923598383,0.0208859819952975,0.0481511090537284,"ENSG00000183434.10","TFDP3","protein_coding","Down_in_MUT","ENSG00000183434","51270"
112.43344257195,-3.55000770455293,0.291928076863529,-12.1605559242337,5.04144337082252e-34,5.02112005223389e-31,"ENSG00000183454.18","GRIN2A","protein_coding","Down_in_MUT","ENSG00000183454","2903"
804.258281299314,2.92873787728974,0.322819985085691,9.07235615078887,1.16470687837284e-19,1.93335275628233e-17,"ENSG00000183607.10","GKN2","protein_coding","Up_in_MUT","ENSG00000183607","200504"
50.0650512562757,1.02968824265526,0.165734369520953,6.21288297431319,5.20211928570611e-10,1.19622470241515e-08,"ENSG00000183625.15","CCR3","protein_coding","Up_in_MUT","ENSG00000183625","1232"
48.1696256480565,-1.54874820982908,0.301183046835014,-5.14221575916747,2.71517041883763e-07,3.07298282737124e-06,"ENSG00000183628.14","DGCR6","protein_coding","Down_in_MUT","ENSG00000183628","8214"
9.65737218540318,-1.83312956278964,0.351107392092741,-5.22099392970185,1.77965375262738e-07,2.11402701267191e-06,"ENSG00000183631.5","PRR32","protein_coding","Down_in_MUT","ENSG00000183631","100130613"
75.6113989381861,-1.6522891612968,0.260254444033534,-6.34874523442874,2.17078179129776e-10,5.46916889094473e-09,"ENSG00000183644.13","HOATZ","protein_coding","Down_in_MUT","ENSG00000183644","399949"
200.629869397408,-1.31722575107417,0.174528298587171,-7.54734768938493,4.44211558681027e-14,2.87753385909004e-12,"ENSG00000183690.13","EFHC2","protein_coding","Down_in_MUT","ENSG00000183690","80258"
116.736741815792,-1.17468293460318,0.278694720221402,-4.21494506128419,2.49839000191443e-05,0.00015770121808208,"ENSG00000183778.17","B3GALT5","protein_coding","Down_in_MUT","ENSG00000183778","10317"
4.87739422010953,-1.08429357552023,0.338198279723082,-3.20608838225921,0.00134552654216698,0.004805387317952,"ENSG00000183783.7","KCTD8","protein_coding","Down_in_MUT","ENSG00000183783","386617"
94.5090384191712,-1.23693489370622,0.196438013168232,-6.29682042572326,3.03812890946815e-10,7.43688221763896e-09,"ENSG00000183833.16","CFAP91","protein_coding","Down_in_MUT","ENSG00000183833","89876"
117.91707224643,-1.05531082127803,0.232969956653229,-4.52981507331797,5.9035335793585e-06,4.50770289189589e-05,"ENSG00000183837.9","PNMA3","protein_coding","Down_in_MUT","ENSG00000183837","29944"
33.8036569783983,-1.1114142633788,0.202697252969175,-5.4831244484,4.17878833028288e-08,5.86964137833608e-07,"ENSG00000183873.18","SCN5A","protein_coding","Down_in_MUT","ENSG00000183873","6331"
56.8115491297091,-1.07425997807072,0.216841353071193,-4.95412873446708,7.26550950682113e-07,7.26801800037339e-06,"ENSG00000183908.7","LRRC55","protein_coding","Down_in_MUT","ENSG00000183908","219527"
202.184323809135,1.48772336009896,0.278889410649713,5.33445625143347,9.58312883415315e-08,1.22365344180006e-06,"ENSG00000183971.10","NPW","protein_coding","Up_in_MUT","ENSG00000183971","283869"
38.4188024966431,1.10227613802082,0.232399751323008,4.74301771729863,2.10557846665402e-06,1.83502573997075e-05,"ENSG00000184106.8","TREML3P","transcribed_unprocessed_pseudogene","Up_in_MUT","ENSG00000184106",NA
102.218527357535,1.16818808472604,0.202760816739655,5.76140944542554,8.34144127911521e-09,1.40512724633552e-07,"ENSG00000184160.8","ADRA2C","protein_coding","Up_in_MUT","ENSG00000184160","152"
27.0402699126938,-1.27098165246521,0.268131623634089,-4.74014081307948,2.13569741364283e-06,1.85619886201829e-05,"ENSG00000184221.13","OLIG1","protein_coding","Down_in_MUT","ENSG00000184221","116448"
575.79907901535,-1.11944669169083,0.148113693811214,-7.55802291392233,4.09241965675891e-14,2.6618266710319e-12,"ENSG00000184254.17","ALDH1A3","protein_coding","Down_in_MUT","ENSG00000184254","220"
2.21832483100054,1.11731342383459,0.227496500032223,4.91134335550804,9.04545338553197e-07,8.80267617863479e-06,"ENSG00000184270.6","H2AC21","protein_coding","Up_in_MUT","ENSG00000184270","317772"
20.1862937859654,-1.48442258901539,0.240200807166038,-6.17992340046253,6.41327112485427e-10,1.4394180564805e-08,"ENSG00000184385.2","UMODL1-AS1","lncRNA","Down_in_MUT","ENSG00000184385","150147"
1.86866888134095,-1.62481254465515,0.343574810836633,-4.72913756598918,2.2547557428242e-06,1.94535247102193e-05,"ENSG00000184459.8","BPIFC","protein_coding","Down_in_MUT","ENSG00000184459","254240"
1.40245076537257,-1.47177161706454,0.414810437584628,-3.54805830256928,0.000388082306753215,0.0016684973962676,"ENSG00000184471.8","C1QTNF8","protein_coding","Down_in_MUT","ENSG00000184471","390664"
101.052628518097,-3.31552159610872,0.334609153588376,-9.90863985803376,3.81808393783779e-23,1.06715669203754e-20,"ENSG00000184486.10","POU3F2","protein_coding","Down_in_MUT","ENSG00000184486","5454"
1.93749921588711,2.55839108740814,0.47691059490407,5.36450880887383,8.11697987146389e-08,1.05118352492249e-06,"ENSG00000184502.4","GAST","protein_coding","Up_in_MUT","ENSG00000184502","2520"
908.472461834842,-1.59172434115874,0.24061550477228,-6.61521934201688,3.71001230459072e-11,1.16037097310707e-09,"ENSG00000184564.11","SLITRK6","protein_coding","Down_in_MUT","ENSG00000184564","84189"
18.807493263896,-3.41285785532757,0.537411496553363,-6.35054865259788,2.14548340531035e-10,5.44416414097501e-09,"ENSG00000184571.13","PIWIL3","protein_coding","Down_in_MUT","ENSG00000184571","440822"
6.95252906769178,1.00388010171549,0.196471616633357,5.10954263479632,3.22939613130929e-07,3.57872336929619e-06,"ENSG00000184611.12","KCNH7","protein_coding","Up_in_MUT","ENSG00000184611","90134"
16.220423116411,-1.22675196171297,0.267191050467295,-4.59129136087259,4.40511866113446e-06,3.49851823695531e-05,"ENSG00000184809.13","B3GALT5-AS1","lncRNA","Down_in_MUT","ENSG00000184809","114041"
45.2077588619485,-1.00107091327933,0.211167277126705,-4.74065360362942,2.13029876434543e-06,1.85251710555124e-05,"ENSG00000184905.9","TCEAL2","protein_coding","Down_in_MUT","ENSG00000184905","140597"
1152.00938956616,-1.03874074492379,0.374039044751845,-2.77709174883851,0.00548476942096797,0.0158194648158977,"ENSG00000184956.16","MUC6","protein_coding","Down_in_MUT","ENSG00000184956","4588"
20.858118379448,1.96504661796389,0.478313977308002,4.10827764018807,3.98620734342657e-05,0.00023531100989507,"ENSG00000185002.10","RFX6","protein_coding","Up_in_MUT","ENSG00000185002","222546"
6.73829620132315,1.29539679575576,0.201167456100346,6.4393954214423,1.19950328923399e-10,3.28431007999798e-09,"ENSG00000185186.10","LINC00313","lncRNA","Up_in_MUT","ENSG00000185186",NA
2.91517465447303,-1.00907388778129,0.347285932248345,-2.90559966321842,0.00366550095513657,0.0112611510450316,"ENSG00000185231.5","MC2R","protein_coding","Down_in_MUT","ENSG00000185231","4158"
551.758097287412,2.02907819515586,0.255398510501818,7.94475344107935,1.94577415374531e-15,1.60242294713222e-13,"ENSG00000185269.12","NOTUM","protein_coding","Up_in_MUT","ENSG00000185269","147111"
258.767224312807,-1.34367925170479,0.175027581101456,-7.67695721582259,1.62911810557356e-14,1.14617269630762e-12,"ENSG00000185274.12","GALNT17","protein_coding","Down_in_MUT","ENSG00000185274","64409"
2.84784816059496,2.43943368302757,0.348371989602149,7.00238180978176,2.51647153795309e-12,1.03088000496276e-10,"ENSG00000185296.8","AC026785.1","processed_pseudogene","Up_in_MUT","ENSG00000185296","646012"
33.8997754784027,-1.27798281839579,0.264359588067641,-4.83425938032856,1.33642242585448e-06,1.23673400506412e-05,"ENSG00000185352.8","HS6ST3","protein_coding","Down_in_MUT","ENSG00000185352","266722"
112.336694202201,-2.95970495224857,0.535511335619881,-5.52687638035256,3.25982481523091e-08,4.71174043928455e-07,"ENSG00000185559.16","DLK1","protein_coding","Down_in_MUT","ENSG00000185559","8788"
4.07335859316795,-1.16787188734141,0.273034694384882,-4.27737540817845,1.89109737522162e-05,0.00012353179841297,"ENSG00000185662.10","SMIM23","protein_coding","Down_in_MUT","ENSG00000185662","644994"
65.5948741737806,-1.53572096255241,0.279537729573426,-5.49378777918784,3.93403205130928e-08,5.55276950873685e-07,"ENSG00000185681.13","MORN5","protein_coding","Down_in_MUT","ENSG00000185681","254956"
237.465636110624,-1.24119461081652,0.199193165755556,-6.23111042042315,4.63140504755013e-10,1.08137370161517e-08,"ENSG00000185760.17","KCNQ5","protein_coding","Down_in_MUT","ENSG00000185760","56479"
3201.45005937007,1.05710394758109,0.146747243759756,7.20356935161048,5.86564258855528e-13,2.90285551148828e-11,"ENSG00000185950.9","IRS2","protein_coding","Up_in_MUT","ENSG00000185950","8660"
17.6896427730632,-1.3891803646678,0.224108849024198,-6.19868590962157,5.6936525156557e-10,1.29246723166996e-08,"ENSG00000185985.11","SLITRK2","protein_coding","Down_in_MUT","ENSG00000185985","84631"
3.95516151695446,-1.3109062439353,0.359511712455849,-3.64635197829971,0.000265989581069045,0.00121191621704811,"ENSG00000186075.13","ZPBP2","protein_coding","Down_in_MUT","ENSG00000186075","124626"
686.819230374632,-2.42491025427822,0.270815324883401,-8.95411016833062,3.42486704108818e-19,5.32458231544006e-17,"ENSG00000186081.12","KRT5","protein_coding","Down_in_MUT","ENSG00000186081","3852"
2.39565727727459,1.14489991141105,0.427000842711803,2.68125913789772,0.007334569379206,0.0201534667371907,"ENSG00000186115.13","CYP4F2","protein_coding","Up_in_MUT","ENSG00000186115","8529"
15.0796780491906,-2.30778065308487,0.365593858964304,-6.31241635081787,2.74711955847449e-10,6.78183171558021e-09,"ENSG00000186152.6","LILRP1","unprocessed_pseudogene","Down_in_MUT","ENSG00000186152",NA
774.232264056349,1.2905570390393,0.149868638589365,8.6112548374806,7.22651451333808e-18,8.99672828338273e-16,"ENSG00000186205.13","MTARC1","protein_coding","Up_in_MUT","ENSG00000186205","64757"
36.5037686179386,-2.04545241662326,0.322108321739409,-6.35020047162292,2.15034515477359e-10,5.44650310768481e-09,"ENSG00000186329.9","TMEM212","protein_coding","Down_in_MUT","ENSG00000186329","389177"
292.081710345516,-1.00259955550559,0.153492019143415,-6.53193280732605,6.49262851669641e-11,1.91244513360103e-09,"ENSG00000186417.14","GLDN","protein_coding","Down_in_MUT","ENSG00000186417","342035"
16.3689267291471,-1.23415285883477,0.224457574403666,-5.49837920201017,3.83297975811155e-08,5.43459348398074e-07,"ENSG00000186453.13","FAM228A","protein_coding","Down_in_MUT","ENSG00000186453","653140"
2.49194141104296,-1.08295198450001,0.270565333771154,-4.00255261605679,6.2662726264879e-05,0.000347840155142699,"ENSG00000186466.5","AQP7P1","unprocessed_pseudogene","Down_in_MUT","ENSG00000186466",NA
35.0445108322573,-1.77463699632183,0.285902222796304,-6.20714655158944,5.39552791490985e-10,1.2335786956678e-08,"ENSG00000186471.13","AKAP14","protein_coding","Down_in_MUT","ENSG00000186471","158798"
81.4445700647986,-1.05761745234596,0.198071893392588,-5.33956350005557,9.3170632372056e-08,1.19063401135918e-06,"ENSG00000186479.5","RGS7BP","protein_coding","Down_in_MUT","ENSG00000186479","401190"
1.16309084831802,1.61490138768515,0.363794628688068,4.43904681470662,9.03581625933536e-06,6.54501136366539e-05,"ENSG00000186526.13","CYP4F8","protein_coding","Up_in_MUT","ENSG00000186526","11283"
586.619344689452,2.50398763348889,0.310475903491069,8.06499829884837,7.3236886676551e-16,6.53818715761445e-14,"ENSG00000186529.16","CYP4F3","protein_coding","Up_in_MUT","ENSG00000186529","4051"
5.26248688709623,-1.07811419273442,0.217281746120388,-4.96182588728406,6.98335819338984e-07,7.03212034696769e-06,"ENSG00000186652.10","PRG2","protein_coding","Down_in_MUT","ENSG00000186652","5553"
15.2297484755284,-1.47583456350362,0.256873015555567,-5.74538575144483,9.17116636642748e-09,1.52873558192683e-07,"ENSG00000186675.7","MAGEE2","protein_coding","Down_in_MUT","ENSG00000186675","139599"
81.1418247030689,-1.70518006606516,0.235306959493381,-7.24661977587249,4.27301314519096e-13,2.20364404450455e-11,"ENSG00000186710.11","CFAP73","protein_coding","Down_in_MUT","ENSG00000186710","387885"
8.56944453861162,-1.27292900048297,0.299974787844068,-4.24345329029673,2.20106203610483e-05,0.000140920144943144,"ENSG00000186723.4","OR10H1","protein_coding","Down_in_MUT","ENSG00000186723","26539"
8.32916641405332,-1.85855804497992,0.264008537576817,-7.03976493350769,1.92564415042099e-12,8.22683709357473e-11,"ENSG00000186766.8","FOXI2","protein_coding","Down_in_MUT","ENSG00000186766","399823"
454.267231914794,1.13256932404736,0.180446440813998,6.2764846950614,3.46313457818905e-10,8.28008718240533e-09,"ENSG00000186806.5","VSIG10L","protein_coding","Up_in_MUT","ENSG00000186806","147645"
169.882389984373,-3.49323138637166,0.31347799731162,-11.1434659412448,7.70607856569143e-29,4.30877947310792e-26,"ENSG00000186847.6","KRT14","protein_coding","Down_in_MUT","ENSG00000186847","3861"
406.471157557219,-1.04837864037047,0.153346565326572,-6.83666202850913,8.10596684837427e-12,2.97290298532263e-10,"ENSG00000186854.11","TRABD2A","protein_coding","Down_in_MUT","ENSG00000186854","129293"
4.05761301040557,1.50392242440156,0.404326269376655,3.71957633799096,0.000199557228155358,0.000945175868411265,"ENSG00000186910.4","SERPINA11","protein_coding","Up_in_MUT","ENSG00000186910","256394"
85.9625185746073,-1.33717017743726,0.200676643326182,-6.66330747452164,2.67732705426836e-11,8.61040267876759e-10,"ENSG00000186952.15","TMEM232","protein_coding","Down_in_MUT","ENSG00000186952","642987"
15344.7272940057,3.59692317647375,0.273866231984024,13.1338688615089,2.10615054108259e-39,3.53290125762333e-36,"ENSG00000187134.14","AKR1C1","protein_coding","Up_in_MUT","ENSG00000187134","1645"
15.6009756959697,-1.04026483982306,0.27107623159515,-3.83753615616396,0.000124274941076651,0.000629492474102659,"ENSG00000187258.14","NPSR1","protein_coding","Down_in_MUT","ENSG00000187258","387129"
3.21877857636983,-2.29734222108551,0.35828737758777,-6.41200992497351,1.4361348490105e-10,3.85927940748851e-09,"ENSG00000187268.12","FAM9C","protein_coding","Down_in_MUT","ENSG00000187268","171484"
152.830249222046,-1.78517696042396,0.266472941495763,-6.69928042375869,2.09448324503659e-11,6.95346619818344e-10,"ENSG00000187492.9","CDHR4","protein_coding","Down_in_MUT","ENSG00000187492","389118"
2.16356878019477,-1.02036787081488,0.330574301417577,-3.08665212764367,0.0020242433775445,0.00680247371211732,"ENSG00000187581.3","COX8C","protein_coding","Down_in_MUT","ENSG00000187581","341947"
2.18429936190278,-1.77520774311357,0.311108827903682,-5.70606676472443,1.15616663287343e-08,1.87490034611551e-07,"ENSG00000187616.5","MYMK","protein_coding","Down_in_MUT","ENSG00000187616","389827"
270.536138382407,-1.03793011462555,0.163511694245758,-6.34774240101471,2.18497538687176e-10,5.50058061255845e-09,"ENSG00000187653.11","TMSB4XP8","processed_pseudogene","Down_in_MUT","ENSG00000187653",NA
6.3346864164658,-1.08843113131805,0.311062944670527,-3.49907036490925,0.000466883353283554,0.00195224866865654,"ENSG00000187689.10","AMTN","protein_coding","Down_in_MUT","ENSG00000187689","401138"
3.70489620458874,1.30551188180932,0.337758771751882,3.86521976923918,0.000110989216168212,0.000570927331637599,"ENSG00000187690.4","EZHIP","protein_coding","Up_in_MUT","ENSG00000187690","340602"
8.57642039340187,-1.71848852782666,0.513679338912084,-3.34544996780721,0.000821491786970764,0.0031597592013692,"ENSG00000187714.7","SLC18A3","protein_coding","Down_in_MUT","ENSG00000187714","6572"
40.1993997729837,1.58698362978508,0.649894621426689,2.44190916105943,0.0146098222580959,0.0358231762723323,"ENSG00000187772.8","LIN28B","protein_coding","Up_in_MUT","ENSG00000187772","389421"
7.50082371554839,-2.04334430905468,0.297284152855067,-6.8733711145742,6.27021613529117e-12,2.34827330726046e-10,"ENSG00000187773.8","DIPK1C","protein_coding","Down_in_MUT","ENSG00000187773","125704"
30.1613000886607,-1.4893174403337,0.296686321658335,-5.01983856892737,5.17149211313257e-07,5.39701253709871e-06,"ENSG00000187905.10","LRRC74B","protein_coding","Down_in_MUT","ENSG00000187905","400891"
9898.58918914248,-1.86911053238152,0.269041573936883,-6.94729258765046,3.72362927129748e-12,1.47423339758412e-10,"ENSG00000187908.20","DMBT1","protein_coding","Down_in_MUT","ENSG00000187908","1755"
409.677468841787,1.38697425743613,0.252513378398699,5.49267633355332,3.95887945385764e-08,5.57797579534479e-07,"ENSG00000187957.8","DNER","protein_coding","Up_in_MUT","ENSG00000187957","92737"
6.13559341788208,-1.49631487856425,0.277632023489747,-5.38956154897425,7.06297877551286e-08,9.32108474345219e-07,"ENSG00000188000.5","OR7D2","protein_coding","Down_in_MUT","ENSG00000188000","162998"
289.158320824082,-1.69460438186222,0.244508960180552,-6.93064328035621,4.18931215082422e-12,1.64026495772627e-10,"ENSG00000188039.16","NWD1","protein_coding","Down_in_MUT","ENSG00000188039","284434"
69.2346576676003,1.24351854778827,0.173385728039552,7.17197754306862,7.39220703957026e-13,3.55886753108979e-11,"ENSG00000188107.15","EYS","protein_coding","Up_in_MUT","ENSG00000188107","346007"
99.5717384255208,2.6768827884407,0.314265047630169,8.5179144439597,1.62452137995647e-17,1.91052106644253e-15,"ENSG00000188175.10","HEPACAM2","protein_coding","Up_in_MUT","ENSG00000188175","253012"
247.355506120138,-1.02790267982345,0.233414853826467,-4.40375864248832,1.06391305121559e-05,7.52006494905567e-05,"ENSG00000188257.12","PLA2G2A","protein_coding","Down_in_MUT","ENSG00000188257","5320"
60.3834126939175,1.29796788102812,0.240790757855209,5.39043895450756,7.02857889983176e-08,9.29107582399576e-07,"ENSG00000188338.15","SLC38A3","protein_coding","Up_in_MUT","ENSG00000188338","10991"
119.489082455525,2.05388435380448,0.195251170318757,10.5191910012699,7.04760957050502e-26,2.6425219367243e-23,"ENSG00000188385.12","JAKMIP3","protein_coding","Up_in_MUT","ENSG00000188385","282973"
2.68948803339067,1.37313095807148,0.526237726573928,2.60933583574719,0.00907181621290823,0.0240759309286034,"ENSG00000188393.9","CLEC2A","protein_coding","Up_in_MUT","ENSG00000188393","387836"
133.995765279431,-1.06927034756716,0.184443814563465,-5.79726867012524,6.7403661660393e-09,1.16182915131335e-07,"ENSG00000188452.14","CERKL","protein_coding","Down_in_MUT","ENSG00000188452","375298"
576.354277257029,1.37501828942636,0.336057442480016,4.09161683573823,4.28376029578378e-05,0.000250555559528216,"ENSG00000188517.16","COL25A1","protein_coding","Up_in_MUT","ENSG00000188517","84570"
74.8196129966795,-1.93086664539088,0.261730273698557,-7.3773148902703,1.61513699270312e-13,9.24165728805046e-12,"ENSG00000188523.9","CFAP77","protein_coding","Down_in_MUT","ENSG00000188523","389799"
1.75639464360062,-1.46614387017435,0.391777834811868,-3.74228386574855,0.000182355355415549,0.000875014684198878,"ENSG00000188525.4","AC010969.1","lncRNA","Down_in_MUT","ENSG00000188525",NA
30.7864870426659,1.42495920039185,0.318584285948341,4.47278558058858,7.72071860799226e-06,5.71982851593029e-05,"ENSG00000188580.15","NKAIN2","protein_coding","Up_in_MUT","ENSG00000188580","154215"
5.48076972565485,-1.80995299853998,0.368119727917129,-4.91675088640573,8.79924074857254e-07,8.59719809619116e-06,"ENSG00000188624.3","IGFL3","protein_coding","Down_in_MUT","ENSG00000188624","388555"
185.630262798537,-1.31323878994665,0.20377919960719,-6.44442019832292,1.16043171827124e-10,3.18279856222227e-09,"ENSG00000188659.9","SAXO2","protein_coding","Down_in_MUT","ENSG00000188659","283726"
4.23318763509186,1.23727253576574,0.267820837616714,4.61977696274865,3.84152771741548e-06,3.11218428779229e-05,"ENSG00000188660.4","LINC00319","lncRNA","Up_in_MUT","ENSG00000188660","284836"
6.86902571292015,-1.10869050280437,0.220222293329399,-5.03441539020776,4.79309317614211e-07,5.04160635699093e-06,"ENSG00000188730.5","VWC2","protein_coding","Down_in_MUT","ENSG00000188730","375567"
104.263819111979,-1.24331412502901,0.252955636208528,-4.91514695487577,8.8715887412347e-07,8.64403560904589e-06,"ENSG00000188763.5","FZD9","protein_coding","Down_in_MUT","ENSG00000188763","8326"
1.01424051398725,1.00235855189864,0.358974727861007,2.79228166804754,0.00523377748088144,0.0152292268869873,"ENSG00000188770.10","OPTC","protein_coding","Up_in_MUT","ENSG00000188770","26254"
39.3477613420408,-2.13871103713237,0.226358774921049,-9.44832396216285,3.44299298878642e-21,7.03407881702641e-19,"ENSG00000188803.15","SHISA6","protein_coding","Down_in_MUT","ENSG00000188803","388336"
3.47995579241497,1.05465223063991,0.443232795237316,2.379454413059,0.0173382874486743,0.041253345224091,"ENSG00000188816.3","HMX2","protein_coding","Up_in_MUT","ENSG00000188816","3167"
312.2360941188,-1.35658771140798,0.250023761270881,-5.42583514667719,5.76841813687241e-08,7.7999683682758e-07,"ENSG00000188817.8","SNTN","protein_coding","Down_in_MUT","ENSG00000188817","132203"
43.111350714345,-1.93489564521232,0.301493658677889,-6.41769930982041,1.38349170679543e-10,3.73881824583365e-09,"ENSG00000189001.11","SBSN","protein_coding","Down_in_MUT","ENSG00000189001","374897"
2.43379702308437,-1.29859620294492,0.403118918544216,-3.22137251120474,0.00127578208205936,0.0045959591655153,"ENSG00000189002.10","PROS2P","unprocessed_pseudogene","Down_in_MUT","ENSG00000189002",NA
156.380732649645,-1.21280780461465,0.161748013618992,-7.49813105879304,6.47341604191096e-14,4.06130398960126e-12,"ENSG00000189045.15","ANKDD1B","protein_coding","Down_in_MUT","ENSG00000189045","728780"
10.2101898122357,-2.06322258640924,0.477648287014351,-4.31954356898437,1.56352239617119e-05,0.000104797102604357,"ENSG00000189052.7","CGB5","protein_coding","Down_in_MUT","ENSG00000189052","93659"
14.1556492785711,-1.07164883800009,0.224156619708129,-4.78080388344303,1.74595623350924e-06,1.56219458501328e-05,"ENSG00000189068.11","VSTM1","protein_coding","Down_in_MUT","ENSG00000189068","284415"
122.151507621609,-2.26139674190258,0.28414272493459,-7.95866493651443,1.73905465675459e-15,1.45092698862371e-13,"ENSG00000189127.8","ANKRD34B","protein_coding","Down_in_MUT","ENSG00000189127","340120"
7010.40443650427,1.10324881894656,0.147460771110868,7.48164281683486,7.33992144317559e-14,4.5160354501052e-12,"ENSG00000189221.10","MAOA","protein_coding","Up_in_MUT","ENSG00000189221","4128"
20.3840188616587,1.04742465670848,0.372030308068732,2.81542829708103,0.00487122658490629,0.0143458568182913,"ENSG00000189229.11","AC069277.1","lncRNA","Up_in_MUT","ENSG00000189229","105376944"
108.900672718419,-2.22071328404095,0.269066379757895,-8.25340306744804,1.53946744357912e-16,1.52848494997851e-14,"ENSG00000189325.7","BNIP5","protein_coding","Down_in_MUT","ENSG00000189325","389384"
188.862930031615,-1.07197646183637,0.186353330680625,-5.75238691962815,8.79921247124174e-09,1.47599842458392e-07,"ENSG00000189350.13","TOGARAM2","protein_coding","Down_in_MUT","ENSG00000189350","165186"
5.49116942207302,-1.09830008032756,0.239179432589654,-4.59195035474414,4.39122840671087e-06,3.48922564323815e-05,"ENSG00000189367.15","KIAA0408","protein_coding","Down_in_MUT","ENSG00000189367","9729"
30.1979050901401,1.10011592037916,0.252964744887668,4.34889028061076,1.36828142414374e-05,9.33600883512849e-05,"ENSG00000189410.12","SH2D5","protein_coding","Up_in_MUT","ENSG00000189410","400745"
182.765884532374,-1.31540758411462,0.283631938918517,-4.6377272923855,3.52261139444567e-06,2.88017310806511e-05,"ENSG00000196090.12","PTPRT","protein_coding","Down_in_MUT","ENSG00000196090","11122"
59.9367678901807,1.04783999385898,0.311284231573427,3.36618398099556,0.000762158561570362,0.00296156492511692,"ENSG00000196091.15","MYBPC1","protein_coding","Up_in_MUT","ENSG00000196091","4604"
117.598184018184,-1.24799782692138,0.274716899293669,-4.54285058593096,5.54985893017538e-06,4.27451797882115e-05,"ENSG00000196104.11","SPOCK3","protein_coding","Down_in_MUT","ENSG00000196104","50859"
8883.93923023231,2.59912846433336,0.222808685302388,11.6652924045843,1.91743201787697e-31,1.42117385678505e-28,"ENSG00000196139.14","AKR1C3","protein_coding","Up_in_MUT","ENSG00000196139","8644"
764.166447364813,-1.01688483482537,0.128073117730415,-7.93987725797256,2.02381425032464e-15,1.64964153381321e-13,"ENSG00000196159.14","FAT4","protein_coding","Down_in_MUT","ENSG00000196159","79633"
553.544743789274,1.47459041508453,0.185273723559721,7.95898299420324,1.73459075441305e-15,1.45092698862371e-13,"ENSG00000196208.14","GREB1","protein_coding","Up_in_MUT","ENSG00000196208","9687"
10.9703736989272,-1.34920024085642,0.259500193132726,-5.19922634572512,2.00119714653464e-07,2.34055611953048e-06,"ENSG00000196277.16","GRM7","protein_coding","Down_in_MUT","ENSG00000196277","2917"
45.4533608026754,2.01734021824565,0.314102636406131,6.42255105314447,1.34009283528139e-10,3.6318111184739e-09,"ENSG00000196344.11","ADH7","protein_coding","Up_in_MUT","ENSG00000196344","131"
2.39223297043318,-1.9642112592088,0.682964812196997,-2.87600652937041,0.0040274138076734,0.01220710465662,"ENSG00000196350.9","ZNF729","protein_coding","Down_in_MUT","ENSG00000196350","100287226"
15.0839167320905,-1.69618756129908,0.444176905986554,-3.81872073590071,0.000134145518864566,0.000672330843172286,"ENSG00000196364.9","PRSS29P","transcribed_unprocessed_pseudogene","Down_in_MUT","ENSG00000196364",NA
43.7939154456651,-1.271882767401,0.210131307604756,-6.05279994637129,1.42349606901101e-09,2.92438045965847e-08,"ENSG00000196420.7","S100A5","protein_coding","Down_in_MUT","ENSG00000196420","6276"
95.0999031206321,1.33499543188645,0.155993389112679,8.55802569249999,1.14816780031404e-17,1.3861081804473e-15,"ENSG00000196421.8","C20orf204","protein_coding","Up_in_MUT","ENSG00000196421","284739"
1.89537016112891,-1.22496132367929,0.308021986408607,-3.97686326863147,6.98302896200877e-05,0.000382267461436245,"ENSG00000196468.8","FGF16","protein_coding","Down_in_MUT","ENSG00000196468","8823"
76.8562579065276,-1.93996602830002,0.332749520489799,-5.83010916272528,5.53911281878981e-09,9.76962172925568e-08,"ENSG00000196620.10","UGT2B15","protein_coding","Down_in_MUT","ENSG00000196620","7366"
11.5784729117964,-1.77092683973541,0.39985784431264,-4.42889107947765,9.47188403310917e-06,6.80366049175619e-05,"ENSG00000196660.11","SLC30A10","protein_coding","Down_in_MUT","ENSG00000196660","55532"
29.4993219320266,1.72366152490541,0.250727019827284,6.87465406039115,6.21404700841682e-12,2.32997520241474e-10,"ENSG00000196748.10","CLPSL2","protein_coding","Up_in_MUT","ENSG00000196748","389383"
2090.36147686272,-1.6091485721659,0.226173033495724,-7.11467917856938,1.12173454785659e-12,5.18879561316941e-11,"ENSG00000196754.13","S100A2","protein_coding","Down_in_MUT","ENSG00000196754","6273"
1.46647581069823,1.07756063032423,0.312161721145545,3.4519307055647,0.000556590648174377,0.00226466239601246,"ENSG00000196844.9","PATE2","protein_coding","Up_in_MUT","ENSG00000196844","399967"
11.9428151339705,-1.20816143732771,0.219949065874519,-5.49291460968041,3.95353978663136e-08,5.57783384416681e-07,"ENSG00000196859.8","KRT39","protein_coding","Down_in_MUT","ENSG00000196859","390792"
203.754332050667,-1.42136246602646,0.214547810498278,-6.62492179587109,3.47432067384417e-11,1.08986293500086e-09,"ENSG00000197057.10","DTHD1","protein_coding","Down_in_MUT","ENSG00000197057","401124"
55.7031361672884,1.1569457091694,0.241329825143563,4.79404362258645,1.6345270742418e-06,1.47658765258391e-05,"ENSG00000197106.7","SLC6A17","protein_coding","Up_in_MUT","ENSG00000197106","388662"
8.64274089845582,-1.63681106125092,0.320872037923337,-5.10113337342903,3.37625524591866e-07,3.71819733734186e-06,"ENSG00000197177.15","ADGRA1","protein_coding","Down_in_MUT","ENSG00000197177","84435"
105.196407680315,1.1151513548339,0.158145235785093,7.05143818780163,1.77077888184517e-12,7.69044628199985e-11,"ENSG00000197191.6","CYSRT1","protein_coding","Up_in_MUT","ENSG00000197191","375791"
28.6388438005504,-1.05057544608911,0.191055443321103,-5.49879881895552,3.82387100315697e-08,5.42611721912804e-07,"ENSG00000197301.7","HMGA2-AS1","lncRNA","Down_in_MUT","ENSG00000197301","100129940"
5.6294484876931,-1.23396426393437,0.302752105901064,-4.07582388324531,4.58517131105762e-05,0.000265456848055799,"ENSG00000197353.4","LYPD2","protein_coding","Down_in_MUT","ENSG00000197353","137797"
52.8981884528841,-1.02127418884211,0.20957955518827,-4.87296667809355,1.09934771081934e-06,1.04651466223187e-05,"ENSG00000197410.14","DCHS2","protein_coding","Down_in_MUT","ENSG00000197410","54798"
12.5897211856655,-1.23906306211028,0.204249700665748,-6.0664131113611,1.30798435221297e-09,2.72106849147386e-08,"ENSG00000197421.10","GGT3P","transcribed_unprocessed_pseudogene","Down_in_MUT","ENSG00000197421","2679"
59.3106075234321,-1.9486421974714,0.295197519591227,-6.60114692077957,4.0798896696012e-11,1.26488486050447e-09,"ENSG00000197446.9","CYP2F1","protein_coding","Down_in_MUT","ENSG00000197446","1572"
305.271607805536,-1.22074433888767,0.123892184000719,-9.85327967808353,6.63430455203152e-23,1.75256703099197e-20,"ENSG00000197467.16","COL13A1","protein_coding","Down_in_MUT","ENSG00000197467","1305"
280.417956087025,-1.22075442400877,0.180723456715354,-6.75482002279043,1.43012670109619e-11,4.93285368946284e-10,"ENSG00000197506.8","SLC28A3","protein_coding","Down_in_MUT","ENSG00000197506","64078"
22.9573194651868,-1.83360304430903,0.260058159317998,-7.05074222288448,1.77965920704782e-12,7.70266292197248e-11,"ENSG00000197561.7","ELANE","protein_coding","Down_in_MUT","ENSG00000197561","1991"
120.338852897169,-1.61141255894815,0.249495330398497,-6.45868825029464,1.05614426275591e-10,2.92190744776853e-09,"ENSG00000197587.11","DMBX1","protein_coding","Down_in_MUT","ENSG00000197587","127343"
14.1241703149153,-2.5307707124493,0.365676500299072,-6.92079121950545,4.49128002701608e-12,1.74350287138891e-10,"ENSG00000197595.4","ATP11AUN","lncRNA","Down_in_MUT","ENSG00000197595","400165"
17.5462149144358,-1.91194831037115,0.27097182707225,-7.05589334149254,1.71495335234884e-12,7.48729839626162e-11,"ENSG00000197632.9","SERPINB2","protein_coding","Down_in_MUT","ENSG00000197632","5055"
6775.11865613399,-1.25324509388727,0.177866022885994,-7.04600616549767,1.84126099420526e-12,7.91634527798448e-11,"ENSG00000197635.11","DPP4","protein_coding","Down_in_MUT","ENSG00000197635","1803"
14.2991609084475,-2.66293349934324,0.40240455845156,-6.61755301577628,3.65193266938928e-11,1.14332756489298e-09,"ENSG00000197641.12","SERPINB13","protein_coding","Down_in_MUT","ENSG00000197641","5275"
507.631872173271,1.43631759068263,0.126703132227319,11.3360858996423,8.69469253064767e-30,5.32901049315908e-27,"ENSG00000197696.10","NMB","protein_coding","Up_in_MUT","ENSG00000197696","4828"
331.739717640697,-1.44292792113009,0.20596462724521,-7.00570743835648,2.4574094007772e-12,1.0092795748991e-10,"ENSG00000197748.13","CFAP43","protein_coding","Down_in_MUT","ENSG00000197748","80217"
108.040988928092,-1.05244875915072,0.183991237765748,-5.72010260885718,1.06459741905099e-08,1.73909709598022e-07,"ENSG00000197769.6","MAP1LC3C","protein_coding","Down_in_MUT","ENSG00000197769","440738"
20.561593146885,-1.32610826406788,0.267219100903205,-4.96262527486099,6.95466803372139e-07,7.01209189822001e-06,"ENSG00000197826.12","CFAP299","protein_coding","Down_in_MUT","ENSG00000197826","255119"
9.40981301211539,-1.4761712028905,0.342529694050975,-4.30961527869996,1.63538794130082e-05,0.000109063505078884,"ENSG00000197838.5","CYP2A13","protein_coding","Down_in_MUT","ENSG00000197838","1553"
1.66203282053932,1.2434588163534,0.260457500839652,4.77413325530956,1.80482853583273e-06,1.60847124418059e-05,"ENSG00000197934.8","CYYR1-AS1","lncRNA","Up_in_MUT","ENSG00000197934","100996571"
108.01672573475,1.26894025753766,0.17581072841233,7.21764973615043,5.28937407655547e-13,2.66315388931910e-11,"ENSG00000197977.4","ELOVL2","protein_coding","Up_in_MUT","ENSG00000197977","54898"
14.2420326987628,-1.66210676622628,0.262138301087143,-6.34057197797182,2.28913693998066e-10,5.74917915004914e-09,"ENSG00000198049.7","AVPR1B","protein_coding","Down_in_MUT","ENSG00000198049","553"
4231.7863621883,3.12139791808289,0.366612980260774,8.51415003326565,1.67816627120071e-17,1.9663543099058e-15,"ENSG00000198074.10","AKR1B10","protein_coding","Up_in_MUT","ENSG00000198074","57016"
9.69780640817304,1.61910961366188,0.2666218478668,6.07268168987696,1.25791645863332e-09,2.63064668327446e-08,"ENSG00000198099.9","ADH4","protein_coding","Up_in_MUT","ENSG00000198099","127"
1.10088831176269,-1.60691060492067,0.508353552925204,-3.1610098831297,0.00157223163779398,0.00548174100515609,"ENSG00000198414.5","TATDN2P1","processed_pseudogene","Down_in_MUT","ENSG00000198414","100131103"
20490.1321469538,1.78947116751341,0.157089179702587,11.3914349218793,4.61329226162997e-30,3.03099940694543e-27,"ENSG00000198431.16","TXNRD1","protein_coding","Up_in_MUT","ENSG00000198431","7296"
1.58409420805082,-1.13988489543078,0.264298083198616,-4.31287613453549,1.611444083783e-05,0.000107669464138884,"ENSG00000198452.8","OR14L1P","protein_coding","Down_in_MUT","ENSG00000198452","127617"
5.6025945479703,-1.42523603001668,0.268278535420442,-5.31252352255118,1.08117465411443e-07,1.36207299011232e-06,"ENSG00000198597.9","ZNF536","protein_coding","Down_in_MUT","ENSG00000198597","9745"
68.9751507351302,2.06037323398712,0.382179881023854,5.39110857554147,7.00243474410715e-08,9.26420081898874e-07,"ENSG00000198610.11","AKR1C4","protein_coding","Up_in_MUT","ENSG00000198610","1109"
29.9864679199302,1.37921995997796,0.183200850614191,7.52845827600714,5.13429183349699e-14,3.28584367520849e-12,"ENSG00000198650.11","TAT","protein_coding","Up_in_MUT","ENSG00000198650","6898"
1237.74709701545,1.11791830492862,0.281303657049192,3.97406246564767,7.06570192362301e-05,0.000386129948573026,"ENSG00000198732.11","SMOC1","protein_coding","Up_in_MUT","ENSG00000198732","64093"
3131.16637145482,1.04040267361905,0.10305129474681,10.0959689655064,5.75597769675591e-24,1.76393043435873e-21,"ENSG00000198736.12","MSRB1","protein_coding","Up_in_MUT","ENSG00000198736","51734"
5.3217576185813,-2.33029952476839,0.505067116870072,-4.61384130332892,3.95294292938132e-06,3.18866727669735e-05,"ENSG00000198739.11","LRRTM3","protein_coding","Down_in_MUT","ENSG00000198739","347731"
148.861149640138,-1.12918199300215,0.197077180596461,-5.72964353145626,1.00641901286502e-08,1.65368572618518e-07,"ENSG00000198756.12","COLGALT2","protein_coding","Down_in_MUT","ENSG00000198756","23127"
57.1404116905527,2.22879465290236,0.335260341851918,6.64795197842636,2.97199229773322e-11,9.46257407802753e-10,"ENSG00000198788.9","MUC2","protein_coding","Up_in_MUT","ENSG00000198788","4583"
10.186465869425,-1.04124932699555,0.254107456776607,-4.09767324502777,4.17323810717031e-05,0.000245035504262389,"ENSG00000198797.7","BRINP2","protein_coding","Down_in_MUT","ENSG00000198797","57795"
377.210201675585,-1.42947552532629,0.178909408816729,-7.98994046641011,1.35003932158428e-15,1.15664255962937e-13,"ENSG00000198829.6","SUCNR1","protein_coding","Down_in_MUT","ENSG00000198829","56670"
7003.44782323837,2.92965689211319,0.210330626366813,13.9288174181725,4.23306358104162e-44,9.63656924224124e-41,"ENSG00000198848.13","CES1","protein_coding","Up_in_MUT","ENSG00000198848","1066"
4.84853940735605,-1.36745979640029,0.304179659594065,-4.49556620000561,6.93850663118467e-06,5.20567666766683e-05,"ENSG00000199506.1","RNU6-247P","snRNA","Down_in_MUT","ENSG00000199506","106479676"
2.69493692597308,-1.17236265942475,0.350415906182352,-3.34563197258136,0.000820952809017448,0.00315840635594506,"ENSG00000199687.1","RNU1-38P","snRNA","Down_in_MUT","ENSG00000199687","106481608"
6.92233007777499,-1.63641105105634,0.28282342610012,-5.78598128740951,7.20902394203653e-09,1.23063096977315e-07,"ENSG00000199899.2","Y_RNA","misc_RNA","Down_in_MUT","ENSG00000199899",NA
48.2809300791522,1.00475620016852,0.220503164524579,4.55665206590052,5.1975414080229e-06,4.03731031477207e-05,"ENSG00000200033.1","RNU6-403P","snRNA","Up_in_MUT","ENSG00000200033","106480578"
4.22508754860994,1.77149960724429,0.299323468685953,5.91834517694611,3.2519692148183e-09,6.13275212103397e-08,"ENSG00000201464.1","Y_RNA","misc_RNA","Up_in_MUT","ENSG00000201464",NA
3.96975086430471,-1.15320448042426,0.25072963159394,-4.59939446763075,4.23720775286767e-06,3.38286694117348e-05,"ENSG00000202000.1","RNU1-36P","snRNA","Down_in_MUT","ENSG00000202000","106481783"
17.7086088144402,-2.16961153976615,0.335075935279749,-6.4749846567011,9.48215761248222e-11,2.65792300147248e-09,"ENSG00000203645.2","LINC00501","lncRNA","Down_in_MUT","ENSG00000203645","100820709"
467.957901231661,1.45638849397785,0.281196203114237,5.17926087851971,2.22766758172759e-07,2.57145938055922e-06,"ENSG00000203685.10","STUM","protein_coding","Up_in_MUT","ENSG00000203685","375057"
12.3131094958979,1.854095783706,0.228548172016093,8.11249447917461,4.95910259358071e-16,4.58120460173945e-14,"ENSG00000203688.6","LINC02487","lncRNA","Up_in_MUT","ENSG00000203688","441178"
95.5854975947726,-1.52288622178652,0.22642084602521,-6.72590995273007,1.74498458338296e-11,5.90386450711234e-10,"ENSG00000203734.12","ECT2L","protein_coding","Down_in_MUT","ENSG00000203734","345930"
9.59184283556424,-1.32037756232526,0.25994221578688,-5.07950414413565,3.78421270524829e-07,4.1067298999099e-06,"ENSG00000203740.4","METTL11B","protein_coding","Down_in_MUT","ENSG00000203740","149281"
5.28686568130729,-3.16016094848008,0.559678352927638,-5.64638766525363,1.63854143702172e-08,2.55739246519683e-07,"ENSG00000203785.9","SPRR2E","protein_coding","Down_in_MUT","ENSG00000203785","6704"
11.047917737783,1.01170203058785,0.205824909401534,4.91535273125844,8.86227492784873e-07,8.64024362879984e-06,"ENSG00000203808.12","BVES-AS1","lncRNA","Up_in_MUT","ENSG00000203808","154442"
10.1336521013006,2.11055250662047,0.53806905503175,3.92245658226143,8.76506918577735e-05,0.000464733854633022,"ENSG00000203837.5","PNLIPRP3","protein_coding","Up_in_MUT","ENSG00000203837","119548"
0.942121655633312,1.7185076841229,0.478599783238802,3.5906988350336,0.000329792530548946,0.00145801328077757,"ENSG00000203857.10","HSD3B1","protein_coding","Up_in_MUT","ENSG00000203857","3283"
2.37515020544853,2.85826720947529,0.538531936623537,5.30751663011096,1.11128869541828e-07,1.39550362536155e-06,"ENSG00000203877.8","RIPPLY2","protein_coding","Up_in_MUT","ENSG00000203877","134701"
0.887909481934727,1.52795612058523,0.643651628983234,2.37388682290591,0.0176019448741992,0.0417528717688004,"ENSG00000203909.4","DPPA5","protein_coding","Up_in_MUT","ENSG00000203909","340168"
16.0977330512532,-1.56785274399035,0.381388546535986,-4.11090673338409,3.94108381920603e-05,0.00023312227617282,"ENSG00000203963.11","C1orf141","protein_coding","Down_in_MUT","ENSG00000203963","400757"
1.10659766594262,-1.13747173060662,0.271102023821035,-4.19573308444759,2.71990409498469e-05,0.000169573676469595,"ENSG00000204071.10","TCEAL6","protein_coding","Down_in_MUT","ENSG00000204071","158931"
19.3887430235738,2.37798554835215,0.222809958873881,10.6727076310722,1.36587177603972e-26,5.51034169293189e-24,"ENSG00000204099.12","NEU4","protein_coding","Up_in_MUT","ENSG00000204099","129807"
2.24551253632959,-1.01986580552632,0.253163094081513,-4.0284932099856,5.61354817686831e-05,0.000316577070582221,"ENSG00000204110.6","LINC02520","lncRNA","Down_in_MUT","ENSG00000204110",NA
16.9823011450326,1.0491389879017,0.314713520314071,3.33363176407133,0.000857200597193301,0.00327851196845646,"ENSG00000204140.10","CLPSL1","protein_coding","Up_in_MUT","ENSG00000204140","340204"
110.630950136955,-1.02646293976132,0.19080720007589,-5.37958179436133,7.46590682741093e-08,9.75588013515431e-07,"ENSG00000204248.11","COL11A2","protein_coding","Down_in_MUT","ENSG00000204248","1302"
205.673896991441,-1.09329590331956,0.159084400204178,-6.87242684962427,6.31187494180032e-12,2.3611005430765e-10,"ENSG00000204323.5","SMIM5","protein_coding","Down_in_MUT","ENSG00000204323","643008"
7.83630876743882,-1.39494986917369,0.320479416793615,-4.35269722820301,1.34472804015898e-05,9.19498548978908e-05,"ENSG00000204362.6","LINC02783","lncRNA","Down_in_MUT","ENSG00000204362","400743"
2.64620580454258,-1.17015507489614,0.241324729800769,-4.84888173649749,1.24159411677078e-06,1.15975516106686e-05,"ENSG00000204446.4","LINC02872","lncRNA","Down_in_MUT","ENSG00000204446","401535"
11.7256311340446,-2.43003965090263,0.339831279712167,-7.15072389145827,8.63214641985427e-13,4.1000765804348e-11,"ENSG00000204455.7","TRIM51BP","unprocessed_pseudogene","Down_in_MUT","ENSG00000204455","399937"
37.9412738731621,3.36250008300048,0.360351114168509,9.33117715137155,1.04701513073356e-20,2.02238904433996e-18,"ENSG00000204529.4","GUCY2EP","transcribed_unprocessed_pseudogene","Up_in_MUT","ENSG00000204529",NA
11.328010697996,-2.5246416533562,0.414491046844412,-6.0909437551829,1.12246985437923e-09,2.37072476666139e-08,"ENSG00000204542.3","C6orf15","protein_coding","Down_in_MUT","ENSG00000204542","29113"
4881.91202404939,-1.49627214318171,0.266728668594944,-5.60971623734215,2.02658632890824e-08,3.09335885481966e-07,"ENSG00000204544.5","MUC21","protein_coding","Down_in_MUT","ENSG00000204544","394263"
46.8116610043089,1.29648243494208,0.320057298461111,4.05078228547134,5.1046686584954e-05,0.000291822232851851,"ENSG00000204603.7","LINC01257","lncRNA","Up_in_MUT","ENSG00000204603","116437"
37.5205005902071,-1.05672786290912,0.224321033120579,-4.71078368447552,2.46766046853007e-06,2.11189062278523e-05,"ENSG00000204624.8","DISP3","protein_coding","Down_in_MUT","ENSG00000204624","57540"
65.5461437963804,-1.86390693468317,0.253555447349231,-7.35108219590309,1.9660846421961e-13,1.09931725669179e-11,"ENSG00000204644.10","ZFP57","protein_coding","Down_in_MUT","ENSG00000204644","346171"
1.04670331411196,-1.13031058749237,0.299099861405267,-3.77904082663833,0.000157433613242616,0.00077228977799837,"ENSG00000204655.12","MOG","protein_coding","Down_in_MUT","ENSG00000204655","4340"
8.11942820197947,-1.11728135463948,0.240350689223191,-4.64854649782994,3.34282270798346e-06,2.74939619422299e-05,"ENSG00000204666.3","AC010624.1","lncRNA","Down_in_MUT","ENSG00000204666","400710"
1.57305145215717,-1.07855369205562,0.355817409851334,-3.03119988565555,0.00243583935811846,0.00794277022535232,"ENSG00000204780.5","IGKV1OR9-1","IG_V_pseudogene","Down_in_MUT","ENSG00000204780",NA
73.0512199025296,1.20810945016166,0.361677944292799,3.34029063487385,0.000836907565737845,0.0032113390216141,"ENSG00000204832.10","ST8SIA6-AS1","lncRNA","Up_in_MUT","ENSG00000204832","100128098"
133.918239401957,-1.24147907474653,0.218185175304508,-5.6900248745767,1.27020867072125e-08,2.04149372388084e-07,"ENSG00000204866.8","IGFL2","protein_coding","Down_in_MUT","ENSG00000204866","147920"
33.3928573846508,-1.76913027378573,0.273033065552114,-6.47954587554545,9.19990925412848e-11,2.59248724879159e-09,"ENSG00000204876.4","AC021218.1","lncRNA","Down_in_MUT","ENSG00000204876","389602"
215.81743425873,-1.78738817119566,0.270335752875944,-6.61173430513976,3.79843309044567e-11,1.18569893266987e-09,"ENSG00000204936.10","CD177","protein_coding","Down_in_MUT","ENSG00000204936","57126"
71.9006518004656,-1.48995883635727,0.351931878338356,-4.23365693210884,2.29921606204042e-05,0.000146351737793669,"ENSG00000204983.14","PRSS1","protein_coding","Down_in_MUT","ENSG00000204983","5644"
17.0570595722321,-1.46080121921384,0.212663249567123,-6.8690816217062,6.46165295008393e-12,2.405833424908e-10,"ENSG00000205086.8","C2orf91","lncRNA","Down_in_MUT","ENSG00000205086","400950"
1.11742365188692,-1.64132950114765,0.390936379789403,-4.19845679757876,2.68740109645479e-05,0.000167908567624212,"ENSG00000205279.8","CTXN3","protein_coding","Down_in_MUT","ENSG00000205279","613212"
148.199374777641,-1.03065978598704,0.188764371994173,-5.4600334538705,4.76044873414154e-08,6.59940241869617e-07,"ENSG00000205364.4","MT1M","protein_coding","Down_in_MUT","ENSG00000205364","4499"
343.893553262731,-1.25910049170107,0.195240205953524,-6.4489815791364,1.12604247043133e-10,3.09380168751008e-09,"ENSG00000205795.4","CYS1","protein_coding","Down_in_MUT","ENSG00000205795","192668"
16.2826893018564,2.63581703541808,0.387847467482072,6.79601455832613,1.07552914637095e-11,3.80868771377652e-10,"ENSG00000205835.9","GMNC","protein_coding","Up_in_MUT","ENSG00000205835","647309"
29.3918026455357,-3.61371178507449,0.414793041554452,-8.71208391426233,2.98338693608137e-18,3.94537448298131e-16,"ENSG00000205922.5","ONECUT3","protein_coding","Down_in_MUT","ENSG00000205922","390874"
9.06426602460818,-1.01467490567481,0.311197558812171,-3.2605490529803,0.00111196731477171,0.00408996079504781,"ENSG00000206013.2","IFITM5","protein_coding","Down_in_MUT","ENSG00000206013","387733"
1.25074776996256,1.5199209561705,0.354115401133184,4.29216281276299,1.76941126284815e-05,0.000116610641766405,"ENSG00000206014.7","OR7E161P","transcribed_unprocessed_pseudogene","Up_in_MUT","ENSG00000206014","389626"
5.53945353595017,-1.34364206295011,0.310268911728039,-4.33057264895382,1.48722067879004e-05,0.000100391803329707,"ENSG00000206043.7","C18orf63","protein_coding","Down_in_MUT","ENSG00000206043","644041"
5.76454152216293,-1.67967626188899,0.264077076892865,-6.36055306902093,2.01028584487546e-10,5.18783968923285e-09,"ENSG00000206069.6","TMEM211","protein_coding","Down_in_MUT","ENSG00000206069","255349"
12.3857398454898,-1.98126625319358,0.452829441619333,-4.37530352732479,1.21263622569484e-05,8.41348231029145e-05,"ENSG00000206072.13","SERPINB11","protein_coding","Down_in_MUT","ENSG00000206072","89778"
1.44496390680058,1.0422522273022,0.340653238746122,3.05956940594056,0.00221655421737187,0.00733656656577618,"ENSG00000206145.8","P2RX6P","transcribed_unprocessed_pseudogene","Up_in_MUT","ENSG00000206145",NA
1.45784524945605,-1.19550907926429,0.327242876036893,-3.65327763202249,0.000258914018592527,0.00118272161194818,"ENSG00000206187.4","LINC02346","lncRNA","Down_in_MUT","ENSG00000206187","100128714"
1363.62158382253,-1.09181690225435,0.129911548517496,-8.4043098147453,4.30385140891373e-17,4.82986085399611e-15,"ENSG00000206190.12","ATP10A","protein_coding","Down_in_MUT","ENSG00000206190","57194"
38.2974719447123,-1.18912187554948,0.277490297961371,-4.28527369888447,1.82514350509232e-05,0.000119862247374402,"ENSG00000206199.11","ANKUB1","protein_coding","Down_in_MUT","ENSG00000206199","389161"
5.35241459671963,1.20613745630132,0.271623138178374,4.44048126529359,8.97579190690007e-06,6.51041110297706e-05,"ENSG00000206633.1","SNORA80B","snoRNA","Up_in_MUT","ENSG00000206633","100302743"
1.88504455638049,-1.27688704654574,0.312887487538645,-4.08097829859057,4.48465425902022e-05,0.000260346841328294,"ENSG00000206685.1","RNU6-1189P","snRNA","Down_in_MUT","ENSG00000206685","106480646"
14.1515514266896,-1.52342594253495,0.196191953328464,-7.7649766806921,8.16602469067522e-15,6.16728371840071e-13,"ENSG00000206762.1","RNU6-418P","snRNA","Down_in_MUT","ENSG00000206762","106481310"
94.2550725953123,-2.08349542796066,0.246621990658244,-8.44813320336811,2.95997554695507e-17,3.40568161216624e-15,"ENSG00000211452.11","DIO1","protein_coding","Down_in_MUT","ENSG00000211452","1733"
401.487082855955,-1.10795470138835,0.248501521311604,-4.45854293181187,8.25186707197737e-06,6.06399021099817e-05,"ENSG00000211611.2","IGKV6-21","IG_V_gene","Down_in_MUT","ENSG00000211611","28906"
3.82863515773569,-1.68666742266414,0.342993954654051,-4.91748440396081,8.76634385933445e-07,8.5729409371233e-06,"ENSG00000211626.2","IGKV6D-41","IG_V_gene","Down_in_MUT","ENSG00000211626","28869"
1.56795975077653,-1.21846323578765,0.309899751904605,-3.93179803565226,8.43128856624258e-05,0.000449699678157781,"ENSG00000211911.1","IGHD3-22","IG_D_gene","Down_in_MUT","ENSG00000211911","28497"
331.423357050243,-1.16548795299347,0.253997663423357,-4.58857745888342,4.46276714041936e-06,3.53725072201705e-05,"ENSG00000211974.3","IGHV2-70D","IG_V_gene","Down_in_MUT","ENSG00000211974","102723168"
5.08010806540022,-1.92646676933564,0.379296833415018,-5.07904785808677,3.793311544037e-07,4.11492961946914e-06,"ENSG00000212724.3","KRTAP2-3","protein_coding","Down_in_MUT","ENSG00000212724","730755"
1.97301427628355,-1.22112085363577,0.31161497383983,-3.91868477496021,8.90334629157203e-05,0.000470499999434078,"ENSG00000213065.2","AL009178.1","processed_pseudogene","Down_in_MUT","ENSG00000213065","100422263"
291.564759408907,-1.26856333096883,0.176230893334633,-7.1983027888308,6.09666423385177e-13,3.00319607105239e-11,"ENSG00000213085.10","CFAP45","protein_coding","Down_in_MUT","ENSG00000213085","25790"
4.80378653274433,-2.16861443398054,0.447765666110196,-4.8431905304835,1.27770660083188e-06,1.18895728686461e-05,"ENSG00000213130.3","EEF1DP5","processed_pseudogene","Down_in_MUT","ENSG00000213130","442258"
1.06461149326267,-1.01119489112527,0.408041243372385,-2.47816834094498,0.0132058822013013,0.0328918936884709,"ENSG00000213140.3","ELK2AP","processed_pseudogene","Down_in_MUT","ENSG00000213140",NA
428.99689463642,1.49611011559415,0.194002949604542,7.71179056114268,1.24064615310861e-14,9.0481998960468e-13,"ENSG00000213190.4","MLLT11","protein_coding","Up_in_MUT","ENSG00000213190","10962"
9.6564705802949,2.40293329519629,0.527856472277294,4.5522474789965,5.30758485669515e-06,4.10976766199541e-05,"ENSG00000213606.3","AKR1B10P1","processed_pseudogene","Up_in_MUT","ENSG00000213606",NA
378.981046228292,-1.58760599740863,0.213581782120378,-7.43324632675756,1.0596430435231e-13,6.34809839100087e-12,"ENSG00000213937.4","CLDN9","protein_coding","Down_in_MUT","ENSG00000213937","9080"
7.83718732470454,-1.18688857550551,0.290731590936539,-4.08242039223245,4.45690812067469e-05,0.000259158492863969,"ENSG00000213973.9","ZNF99","protein_coding","Down_in_MUT","ENSG00000213973","7652"
16.6541801704264,-1.21066008524258,0.163905433984453,-7.38633281284261,1.50933721606238e-13,8.68304808901158e-12,"ENSG00000214018.3","RRM2P3","processed_pseudogene","Down_in_MUT","ENSG00000214018",NA
185.164129616185,1.8166301653724,0.530960209088755,3.42140547309589,0.000622983768964519,0.00249014136734549,"ENSG00000214039.9","LINC02418","lncRNA","Up_in_MUT","ENSG00000214039","100190940"
5.90768821111045,-1.95435721145989,0.368013971681333,-5.31055166881595,1.09293892414536e-07,1.37517001387433e-06,"ENSG00000214043.8","LINC02347","lncRNA","Down_in_MUT","ENSG00000214043","100128554"
4.741858088967,-1.97429346696643,0.774971073406499,-2.54757052839164,0.010847592342641,0.0279169586201801,"ENSG00000214107.8","MAGEB1","protein_coding","Down_in_MUT","ENSG00000214107","4112"
153.166881552842,-1.39159083536798,0.343634092295668,-4.04962972699062,5.12987346865314e-05,0.000292904435101868,"ENSG00000214336.5","FOXI3","protein_coding","Down_in_MUT","ENSG00000214336","344167"
0.806952887278493,1.96154978949709,0.550886350017161,3.5607159070759,0.000369845061921882,0.00160437348149072,"ENSG00000214381.6","LINC00488","lncRNA","Up_in_MUT","ENSG00000214381","677779"
49.5935314991101,-1.61609048310441,0.262635695164459,-6.15335429592856,7.58610722567051e-10,1.67551506160322e-08,"ENSG00000214510.10","SPINK13","protein_coding","Down_in_MUT","ENSG00000214510","153218"
16.5607788469696,-1.23512636855039,0.371615889764877,-3.32366403743356,0.000888431552767498,0.00338051600026897,"ENSG00000214513.4","NOTO","protein_coding","Down_in_MUT","ENSG00000214513","344022"
11.4900252479733,-1.04760278299246,0.227172307086781,-4.61148982649664,3.99793227240835e-06,3.22040079176449e-05,"ENSG00000214514.8","KRT42P","transcribed_unprocessed_pseudogene","Down_in_MUT","ENSG00000214514",NA
1266.61219514908,-2.00242875033584,0.215430847228243,-9.29499547580726,1.47212461289982e-20,2.74374757530586e-18,"ENSG00000214548.18","MEG3","lncRNA","Down_in_MUT","ENSG00000214548","55384"
22.9869988180941,-1.49670192134516,0.224123395851166,-6.67802625273035,2.4218166360375e-11,7.89220020523016e-10,"ENSG00000214553.10","LRRC37A11P","transcribed_unprocessed_pseudogene","Down_in_MUT","ENSG00000214553",NA
1.62526655941114,-1.13371591967132,0.348404247572915,-3.25402439140486,0.00113782509839876,0.00417062952398698,"ENSG00000214563.2","GAPDHP15","processed_pseudogene","Down_in_MUT","ENSG00000214563","642317"
1.65372100529989,1.59899520424979,0.562710160856193,2.84159646560644,0.00448882694676033,0.0133804156023381,"ENSG00000214754.3","AC004870.1","processed_pseudogene","Up_in_MUT","ENSG00000214754",NA
2.26977219904748,1.95337170856346,0.216705358997259,9.01395202039362,1.98761678229673e-19,3.18328313912458e-17,"ENSG00000214761.3","HNRNPA1P15","processed_pseudogene","Up_in_MUT","ENSG00000214761",NA
16.7495723679401,-2.76816285884895,0.304929784813649,-9.07803368746236,1.10553947748139e-19,1.844746004545e-17,"ENSG00000214797.3","AP002358.1","lncRNA","Down_in_MUT","ENSG00000214797",NA
58.0988585548832,-1.53299582905059,0.314465470830327,-4.87492577484838,1.08849374569233e-06,1.03742177538757e-05,"ENSG00000214814.7","FER1L6","protein_coding","Down_in_MUT","ENSG00000214814","654463"
38.0113182231599,-1.25168261439023,0.263255598102411,-4.75462867043496,1.98811489158479e-06,1.75131701990816e-05,"ENSG00000214822.8","KRT16P3","transcribed_unprocessed_pseudogene","Down_in_MUT","ENSG00000214822",NA
97.4182436697425,-1.3365479620035,0.266559016662041,-5.01407897860777,5.32880966468937e-07,5.5414786884883e-06,"ENSG00000214856.11","KRT16P1","transcribed_unprocessed_pseudogene","Down_in_MUT","ENSG00000214856",NA
2.09553654550862,-1.38822955521822,0.287272790239598,-4.83244359502468,1.34867329670139e-06,1.24662316238892e-05,"ENSG00000214943.5","GPR33","protein_coding","Down_in_MUT","ENSG00000214943","2856"
2.47395210190763,1.11002496124728,0.302662207108976,3.66753739044667,0.000244897747575423,0.00112693273360905,"ENSG00000215023.2","AC131097.1","lncRNA","Up_in_MUT","ENSG00000215023",NA
3.81247415088345,-1.06010055867345,0.316061931542472,-3.35409124882539,0.000796260998830833,0.00307495871728311,"ENSG00000215177.3","IGLV8OR8-1","IG_V_pseudogene","Down_in_MUT","ENSG00000215177",NA
119.057729962367,-1.23312576341374,0.205196073520652,-6.00949980307316,1.86096589967287e-09,3.71621830754849e-08,"ENSG00000215187.12","FAM166B","protein_coding","Down_in_MUT","ENSG00000215187","730112"
15.2260144273595,1.25656960006226,0.215126778673195,5.84106547688865,5.18680120624529e-09,9.20938948435898e-08,"ENSG00000215196.5","BASP1-AS1","lncRNA","Up_in_MUT","ENSG00000215196","285696"
18.2481834473116,2.29082777042187,0.196030167206722,11.6860981300194,1.50126600304749e-31,1.13921068531254e-28,"ENSG00000215267.8","AKR1C7P","transcribed_unprocessed_pseudogene","Up_in_MUT","ENSG00000215267","648947"
3.34712658380688,-3.69977023869697,0.649732792332424,-5.69429507384945,1.23882677501227e-08,1.99709904635386e-07,"ENSG00000215474.8","SKOR2","protein_coding","Down_in_MUT","ENSG00000215474","652991"
25.7009269695658,1.2983187418218,0.150591393176142,8.62146710006989,6.61016782769499e-18,8.3269825627062e-16,"ENSG00000215483.11","LINC00598","lncRNA","Up_in_MUT","ENSG00000215483","400123"
1.84139956540011,-1.28637203155347,0.498977476830831,-2.57801622574958,0.00993693318307973,0.0259505078234951,"ENSG00000215853.3","RPTN","protein_coding","Down_in_MUT","ENSG00000215853","126638"
52.3156700608562,-1.14753950230423,0.156780230651528,-7.31941455587495,2.4905509746547e-13,1.36620223947022e-11,"ENSG00000215912.12","TTC34","protein_coding","Down_in_MUT","ENSG00000215912","100287898"
370.258098456344,1.05592277528234,0.132052917487572,7.99620936342975,1.28308134910639e-15,1.11122515427635e-13,"ENSG00000216775.3","AL109918.1","transcribed_unprocessed_pseudogene","Up_in_MUT","ENSG00000216775",NA
13.3846967943119,-1.0943868040925,0.175880327993134,-6.22233774851286,4.89801205949777e-10,1.13530576253275e-08,"ENSG00000216863.10","LY86-AS1","lncRNA","Down_in_MUT","ENSG00000216863","285780"
1.42191419066994,-1.39811088764236,0.405730229412286,-3.44591254555415,0.000569134513718452,0.0023092152879339,"ENSG00000217330.1","SSXP10","processed_pseudogene","Down_in_MUT","ENSG00000217330",NA
275.803673819207,1.01205903959187,0.24715145161216,4.09489417517171,4.22361262058426e-05,0.000247579453739253,"ENSG00000218048.2","AL121949.1","unprocessed_pseudogene","Up_in_MUT","ENSG00000218048",NA
58.0571236377208,1.02798108664079,0.28070467865518,3.66214447000213,0.000250112734249469,0.00114778156274512,"ENSG00000218274.2","AL121949.2","unprocessed_pseudogene","Up_in_MUT","ENSG00000218274",NA
48.4468612718633,-1.2627629085369,0.231261611054196,-5.46032219865914,4.75271256610835e-08,6.59154491707742e-07,"ENSG00000218357.3","LINC01644","lncRNA","Down_in_MUT","ENSG00000218357","101927722"
31.1675188231685,1.19641787585143,0.267701572308406,4.46922244622864,7.85044549905419e-06,5.80648754932365e-05,"ENSG00000218617.1","AL121949.3","processed_pseudogene","Up_in_MUT","ENSG00000218617",NA
8.22461509907067,-1.74121646851773,0.2731157827941,-6.37537842267585,1.82511725934331e-10,4.76009101248206e-09,"ENSG00000219430.2","MBL3P","unprocessed_pseudogene","Down_in_MUT","ENSG00000219430","50639"
29.6636855731019,1.28640631880066,0.259335789945464,4.96038868785207,7.03522660431476e-07,7.0731768803191e-06,"ENSG00000220154.2","AL355796.1","processed_pseudogene","Up_in_MUT","ENSG00000220154",NA
1.1585500879514,1.49610224058811,0.329701287744208,4.53775067372146,5.68574256356885e-06,4.36335904751994e-05,"ENSG00000220377.1","GSTA8P","unprocessed_pseudogene","Up_in_MUT","ENSG00000220377",NA
3.30403764014014,1.376161880463,0.287292869518898,4.79010106574358,1.66697330276784e-06,1.5016423440507e-05,"ENSG00000220702.1","Z85994.1","lncRNA","Up_in_MUT","ENSG00000220702",NA
2.08972444984988,-1.54231460568481,0.287984175281454,-5.35555331878034,8.52949889163896e-08,1.09791461702514e-06,"ENSG00000221046.1","RNU6ATAC38P","snRNA","Down_in_MUT","ENSG00000221046","106479559"
6.17361800938822,2.06835099244109,0.560143747858428,3.69253606837338,0.000222028839374793,0.00103545231778081,"ENSG00000221826.10","PSG3","protein_coding","Up_in_MUT","ENSG00000221826","5671"
913.972068094326,1.54285713392682,0.108191602285708,14.2604148689147,3.86152017585004e-46,1.23070509524517e-42,"ENSG00000221926.13","TRIM16","protein_coding","Up_in_MUT","ENSG00000221926","10626"
35.0202834107683,-1.37033468484039,0.197836049349971,-6.92661771877723,4.31021237673991e-12,1.68309870038344e-10,"ENSG00000222046.2","DCDC2B","protein_coding","Down_in_MUT","ENSG00000222046","149069"
2.05013494048622,1.13193902137848,0.251246749189885,4.50528822772146,6.62829129600994e-06,5.00000643538776e-05,"ENSG00000222317.1","RNA5SP118","rRNA_pseudogene","Up_in_MUT","ENSG00000222317","100873388"
13.1016528427246,-1.50591611238826,0.230255120945542,-6.54020682017505,6.14338166327432e-11,1.82305136862399e-09,"ENSG00000222713.1","RN7SKP51","misc_RNA","Down_in_MUT","ENSG00000222713","106479117"
8.00346078539962,-1.18459396524684,0.222267361059133,-5.32959027183341,9.8434584220549e-08,1.25287884732153e-06,"ENSG00000223382.5","LINC01778","lncRNA","Down_in_MUT","ENSG00000223382","105378622"
11.6645073610297,-1.67954499146462,0.27122273387176,-6.1924934074986,5.92198273855162e-10,1.33668209532846e-08,"ENSG00000223403.6","MEG9","lncRNA","Down_in_MUT","ENSG00000223403","378881"
69.9128010903385,-1.15346493306827,0.161464640864049,-7.14376179760294,9.08107155346205e-13,4.26877332566945e-11,"ENSG00000223534.1","HLA-DQB1-AS1","lncRNA","Down_in_MUT","ENSG00000223534","106480429"
2.99008725481554,1.09453758536737,0.427865502478798,2.55813469192134,0.0105235322951621,0.0272218825230393,"ENSG00000223542.1","AL024497.1","lncRNA","Up_in_MUT","ENSG00000223542",NA
132.405085869568,1.00399727264104,0.207051024517926,4.84903310659116,1.24064716044044e-06,1.15921036793895e-05,"ENSG00000223572.10","CKMT1A","protein_coding","Up_in_MUT","ENSG00000223572","1159"
2.99446252966588,1.25054461322295,0.477218704238271,2.62048532908838,0.00878047080180779,0.023444413347394,"ENSG00000223586.6","LINC01312","lncRNA","Up_in_MUT","ENSG00000223586",NA
13.6226546220239,-1.04274705889408,0.167516500688892,-6.22474236630965,4.82347963823033e-10,1.12129190043792e-08,"ENSG00000223652.2","AC106786.1","lncRNA","Down_in_MUT","ENSG00000223652","105379152"
3.85898509848613,-1.01486348811755,0.271253058358913,-3.74139002987652,0.00018300525291488,0.000877208665310596,"ENSG00000223662.1","SAMSN1-AS1","lncRNA","Down_in_MUT","ENSG00000223662","100874190"
0.804791757998513,1.49546949841938,0.535533183772938,2.79248708340256,0.00523045557904976,0.0152223404036065,"ENSG00000223669.1","AL357033.2","lncRNA","Up_in_MUT","ENSG00000223669",NA
2.86952994163793,-1.78461219363094,0.277443599029731,-6.43234228460142,1.25652384735015e-10,3.43159139150785e-09,"ENSG00000223703.1","AC027612.1","unprocessed_pseudogene","Down_in_MUT","ENSG00000223703","100289350"
2.89686721437623,1.82062973462798,0.667878877169227,2.72598789520734,0.00641093494261417,0.0180220039550941,"ENSG00000223760.4","MED15P9","transcribed_unprocessed_pseudogene","Up_in_MUT","ENSG00000223760",NA
2.15781291799453,-2.28506554059147,0.555204890665245,-4.11571579971767,3.8597966957717e-05,0.000229207342073672,"ENSG00000223770.5","CACNA2D1-AS1","lncRNA","Down_in_MUT","ENSG00000223770","101927356"
39.177706949866,1.30268529476319,0.237979742100488,5.47393355108824,4.40154167486444e-08,6.1573026723463e-07,"ENSG00000223783.1","LINC01983","lncRNA","Up_in_MUT","ENSG00000223783","107984010"
53.8418211793468,2.14747916931686,0.287356973840541,7.47321055276886,7.82614719311998e-14,4.78746904399092e-12,"ENSG00000223784.2","LINP1","lncRNA","Up_in_MUT","ENSG00000223784","100507127"
12.4558136265463,1.49785382933972,0.590655046784259,2.53591980208175,0.0112152414935203,0.0286778691944789,"ENSG00000223812.8","AC073365.1","lncRNA","Up_in_MUT","ENSG00000223812",NA
5.92070899460376,-1.22592389269431,0.497315534646378,-2.46508264328806,0.0136981652937756,0.0339271235683805,"ENSG00000223872.2","AC006372.1","lncRNA","Down_in_MUT","ENSG00000223872","105375610"
52.9882551018075,-1.23582953024641,0.287267836359565,-4.30201148136735,1.69254538937388e-05,0.000112287914456151,"ENSG00000223914.4","LINC02471","lncRNA","Down_in_MUT","ENSG00000223914","105369734"
72.8695698658033,1.02110791300996,0.165989970305318,6.1516241682058,7.66934468945291e-10,1.69038509403564e-08,"ENSG00000223923.2","TNS1-AS1","lncRNA","Up_in_MUT","ENSG00000223923","105373878"
2.58534446787814,1.54045284516265,0.344715437131287,4.46876663830973,7.86719016022628e-06,5.81347594705708e-05,"ENSG00000223941.5","LINC01014","lncRNA","Up_in_MUT","ENSG00000223941","100874330"
8.20536520982362,-1.61969772037213,0.316189183512483,-5.12255891355685,3.01416875664081e-07,3.36478362321889e-06,"ENSG00000223991.1","AC104809.1","lncRNA","Down_in_MUT","ENSG00000223991","128266846"
14.3571416928854,2.03969750150804,0.205149394117455,9.94249829634026,2.71920397918982e-23,7.6693584089167e-21,"ENSG00000224034.1","LINC02561","lncRNA","Up_in_MUT","ENSG00000224034","110806285"
1.74635456842756,-1.20981966937539,0.307066647730732,-3.93992534948402,8.15069679834573e-05,0.000436883379852131,"ENSG00000224106.1","CYP4F25P","unprocessed_pseudogene","Down_in_MUT","ENSG00000224106",NA
2.81346954759939,1.41885662208429,0.393555163287591,3.60522934124855,0.000311877383901483,0.00138979923130931,"ENSG00000224122.2","POU6F2-AS1","lncRNA","Up_in_MUT","ENSG00000224122","100861520"
7.17346487584398,1.58042576470256,0.268967851182713,5.87589095779688,4.20575112359502e-09,7.65951394629125e-08,"ENSG00000224177.8","LINC00570","lncRNA","Up_in_MUT","ENSG00000224177","100874055"
2.1476133677172,1.14685471714776,0.240374558787005,4.77111522506832,1.83208690998014e-06,1.62828895448904e-05,"ENSG00000224187.1","LINC01991","lncRNA","Up_in_MUT","ENSG00000224187",NA
5.12390993739932,-1.0731734873777,0.19043117942,-5.63549252095315,1.74558720366623e-08,2.70723161888304e-07,"ENSG00000224239.1","AC090044.1","lncRNA","Down_in_MUT","ENSG00000224239",NA
45.5807726215524,3.45550046769619,0.261491688129084,13.2145709579511,7.22973716163911e-40,1.28010529488111e-36,"ENSG00000224251.6","AL391427.1","lncRNA","Up_in_MUT","ENSG00000224251",NA
1.06472042515435,-2.21596580661335,0.498171340443097,-4.44820010047621,8.65928433216326e-06,6.32401583296002e-05,"ENSG00000224260.6","AL023754.1","lncRNA","Down_in_MUT","ENSG00000224260",NA
28.3600936993362,1.22640416378255,0.22758650146797,5.38873859333504,7.09539204713404e-08,9.35998509661462e-07,"ENSG00000224272.2","AC131097.2","lncRNA","Up_in_MUT","ENSG00000224272","124905349"
1.24196764435448,-2.92461860185284,1.00311320599076,-2.91554191928343,0.00355071404017595,0.0109570882237072,"ENSG00000224322.2","AC004009.1","lncRNA","Down_in_MUT","ENSG00000224322",NA
2.69419701722694,-1.32720178378837,0.278886609013341,-4.75892976175447,1.94622140322116e-06,1.71775193414737e-05,"ENSG00000224387.1","AL139246.1","lncRNA","Down_in_MUT","ENSG00000224387",NA
6.0388580602692,2.94092309201376,0.265430619371598,11.0798185189649,1.57190853078209e-28,7.95211060072317e-26,"ENSG00000224409.1","AC114489.1","lncRNA","Up_in_MUT","ENSG00000224409",NA
16.9228135397125,1.67224090797229,0.396966486347988,4.21254933472236,2.52504540695952e-05,0.000158948690826006,"ENSG00000224417.2","AL606970.1","lncRNA","Up_in_MUT","ENSG00000224417",NA
0.830384892429683,-1.55471633808699,0.524318410346252,-2.96521409015617,0.00302472353657979,0.00956738426303439,"ENSG00000224458.3","GUSBP6","transcribed_unprocessed_pseudogene","Down_in_MUT","ENSG00000224458",NA
5.20511305549924,-1.10018782029359,0.196639977888272,-5.59493462168055,2.20704921190414e-08,3.33053340116463e-07,"ENSG00000224478.3","AL356417.1","lncRNA","Down_in_MUT","ENSG00000224478","124901449"
15.1178251776875,-1.31366582989715,0.199560500807225,-6.58279481452165,4.61686102514908e-11,1.41077639244992e-09,"ENSG00000224479.6","AC104162.1","transcribed_unitary_pseudogene","Down_in_MUT","ENSG00000224479",NA
1.19303803915964,1.365257803553,0.271856200825481,5.0219851502649,5.11401381248712e-07,5.34739941659373e-06,"ENSG00000224655.7","LINC01823","lncRNA","Up_in_MUT","ENSG00000224655","101927801"
61.6344663562076,-1.09160842369556,0.222468380936819,-4.90680257166779,9.2573132651895e-07,8.98416050776049e-06,"ENSG00000224689.9","ZNF812P","transcribed_unprocessed_pseudogene","Down_in_MUT","ENSG00000224689",NA
3.1042831352316,-1.8463190339108,0.404109637859944,-4.5688567184104,4.90391870650323e-06,3.83945652353061e-05,"ENSG00000224739.2","AC016735.1","lncRNA","Down_in_MUT","ENSG00000224739",NA
9.07832342740979,-1.0526380408354,0.209698366829021,-5.01977224121005,5.17327803322495e-07,5.39701253709871e-06,"ENSG00000224743.7","TEX26-AS1","lncRNA","Down_in_MUT","ENSG00000224743","100507064"
3.45982349780247,-1.34243024321204,0.242168086640784,-5.54338212699062,2.96684419205104e-08,4.32553939820946e-07,"ENSG00000224747.1","MTCYBP21","processed_pseudogene","Down_in_MUT","ENSG00000224747","107075260"
1.39547717108656,-1.07851627030279,0.286038694448314,-3.77052577583229,0.000162903974990537,0.000795573488649007,"ENSG00000224809.2","BEND3P2","processed_pseudogene","Down_in_MUT","ENSG00000224809","392368"
2.02079033844206,2.28719062731819,0.425336246586851,5.37737059954791,7.55814969735011e-08,9.85938391398824e-07,"ENSG00000224814.1","AC114812.2","lncRNA","Up_in_MUT","ENSG00000224814",NA
72.5343625013829,1.26437879089678,0.377248503221924,3.3515806692359,0.000803516251920316,0.00309772184165385,"ENSG00000224817.2","AC010789.1","lncRNA","Up_in_MUT","ENSG00000224817","125775240"
3.18301226816007,1.66723725216075,0.240226383928293,6.94027535567622,3.91336411690265e-12,1.54359935358669e-10,"ENSG00000224928.2","KRT8P30","processed_pseudogene","Up_in_MUT","ENSG00000224928",NA
107.693586875398,-1.21193583038805,0.173365064326427,-6.99065774928053,2.73600464381491e-12,1.1179385128593e-10,"ENSG00000224945.1","AL353150.1","lncRNA","Down_in_MUT","ENSG00000224945",NA
2.25037015421157,1.18285000246372,0.225487656991663,5.24574168823554,1.55654860166505e-07,1.87627687154565e-06,"ENSG00000224961.3","LINC01752","lncRNA","Up_in_MUT","ENSG00000224961",NA
4.80782540964375,-1.02985947695928,0.226286426179909,-4.55113236063257,5.3357966535635e-06,4.12860342669877e-05,"ENSG00000224968.2","LINC01645","lncRNA","Down_in_MUT","ENSG00000224968",NA
154.379555966158,-1.12097277817922,0.18952033481346,-5.91478892902215,3.32301436497241e-09,6.22987004859034e-08,"ENSG00000224982.4","TMEM233","protein_coding","Down_in_MUT","ENSG00000224982","387890"
42.8265960232211,-1.28090368900949,0.226450011778786,-5.65645229579753,1.5453390416476e-08,2.42737804811979e-07,"ENSG00000225096.3","AL445250.1","lncRNA","Down_in_MUT","ENSG00000225096","101927293"
12.7385071888958,1.56681084131009,0.154281399361866,10.1555394739138,3.13073886011036e-24,9.97797782105774e-22,"ENSG00000225111.1","AC083900.1","lncRNA","Up_in_MUT","ENSG00000225111",NA
1.2969177849588,-2.38554961518373,0.855455068052385,-2.78863227803993,0.00529311267754602,0.0153710063003252,"ENSG00000225280.7","AL158013.1","lncRNA","Down_in_MUT","ENSG00000225280","105372558"
2.12567639761741,-1.46174423798492,0.369934692165523,-3.95135754753945,7.77091229781763e-05,0.000419703009394587,"ENSG00000225298.5","LINC00113","lncRNA","Down_in_MUT","ENSG00000225298","54088"
8.26354424824436,-1.36437883654642,0.276045852459355,-4.94258046042302,7.70952709870729e-07,7.64738058396826e-06,"ENSG00000225328.2","LINC01594","lncRNA","Down_in_MUT","ENSG00000225328",NA
9.67858335261182,-2.72178973849415,0.347079210764351,-7.84198434847228,4.43481653978233e-15,3.46426563576967e-13,"ENSG00000225334.3","LINC02813","lncRNA","Down_in_MUT","ENSG00000225334",NA
368.581789231933,-1.04519622470741,0.230935804935076,-4.52591673690987,6.01342542125771e-06,4.57735566278731e-05,"ENSG00000225342.2","LRRK2-DT","lncRNA","Down_in_MUT","ENSG00000225342","107985190"
6.25628125957069,-1.02699181168436,0.26866695150596,-3.82254611491199,0.000132080767361681,0.000664173492896025,"ENSG00000225380.4","IGKV1OR9-2","IG_V_pseudogene","Down_in_MUT","ENSG00000225380",NA
6.43520608103166,1.25913707243127,0.203081233827087,6.20016457800018,5.64041473807207e-10,1.28495824243813e-08,"ENSG00000225411.3","CR786580.1","lncRNA","Up_in_MUT","ENSG00000225411",NA
2.2009460925063,3.07252106578391,0.345724074001611,8.8872060028125,6.26647594149463e-19,9.33265676314838e-17,"ENSG00000225418.1","AKR1C5P","unprocessed_pseudogene","Up_in_MUT","ENSG00000225418",NA
76.7504346795309,-1.40636197704839,0.296157296896109,-4.7486993965296,2.04728976591083e-06,1.79279942846599e-05,"ENSG00000225473.1","ATP13A4-AS1","lncRNA","Down_in_MUT","ENSG00000225473",NA
0.756729240566545,1.75263619168408,0.709001544386016,2.47197796050195,0.0134367799822738,0.0333783020120847,"ENSG00000225478.2","AL031737.1","processed_pseudogene","Up_in_MUT","ENSG00000225478",NA
2.89555270265228,-1.23934080441241,0.25325341774887,-4.8936784957483,9.89684689065396e-07,9.53513927605902e-06,"ENSG00000225498.1","AC002064.1","lncRNA","Down_in_MUT","ENSG00000225498",NA
8.53536688202006,1.44861334703589,0.206593664653907,7.01189627214683,2.35109491956588e-12,9.7567377840474e-11,"ENSG00000225521.1","SNED1-AS1","lncRNA","Up_in_MUT","ENSG00000225521",NA
123.235271479893,-1.01774737367309,0.261297116431699,-3.89498126719326,9.82063192613875e-05,0.000512431827305121,"ENSG00000225523.2","IGKV6D-21","IG_V_gene","Down_in_MUT","ENSG00000225523","28870"
9.8747643179546,-1.14039566040685,0.342443011142468,-3.33017647696248,0.000867909570004916,0.0033139027082337,"ENSG00000225676.2","AC002378.1","lncRNA","Down_in_MUT","ENSG00000225676","105372988"
7.2349924594142,1.33395636796782,0.265025546397763,5.03331239610296,4.82076572982717e-07,5.06569813964134e-06,"ENSG00000225680.1","AL163953.1","lncRNA","Up_in_MUT","ENSG00000225680",NA
10.524965196661,-1.17210054392854,0.242297859056097,-4.83743665129609,1.31524283023927e-06,1.21996810950396e-05,"ENSG00000225746.13","MEG8","lncRNA","Down_in_MUT","ENSG00000225746",NA
4.36427412455692,-2.08432702176193,0.354159392472468,-5.88527952685588,3.97381794407353e-09,7.27452910370863e-08,"ENSG00000225802.3","WARS1P1","unprocessed_pseudogene","Down_in_MUT","ENSG00000225802","341112"
1.77133137192643,-2.21569207198836,0.317771492372742,-6.97259548187973,3.11146341045778e-12,1.25208901963005e-10,"ENSG00000225867.1","AL022315.1","lncRNA","Down_in_MUT","ENSG00000225867",NA
4.90493569135845,1.29396022636462,0.260829272985212,4.96094710365574,7.01502948082364e-07,7.05732337699906e-06,"ENSG00000225982.1","AL355482.2","lncRNA","Up_in_MUT","ENSG00000225982",NA
2.58559466724391,-1.59155469663261,0.447324020769853,-3.55794596921828,0.000373766169577078,0.00161829936022158,"ENSG00000226053.1","LINC01776","lncRNA","Down_in_MUT","ENSG00000226053","729987"
4.03824469031874,1.62629275488538,0.460830920341714,3.52904434815149,0.000417063232579592,0.00177253264242488,"ENSG00000226057.7","PHF2P2","transcribed_unprocessed_pseudogene","Up_in_MUT","ENSG00000226057",NA
1.34467343985969,1.2670412756389,0.295918761363232,4.28171998896564,1.85454256625072e-05,0.000121567515691026,"ENSG00000226132.1","RPS3AP46","processed_pseudogene","Up_in_MUT","ENSG00000226132","100271596"
19.6411550352491,-2.20266177102928,0.316644887380031,-6.95625244182669,3.49443466118815e-12,1.39040108722506e-10,"ENSG00000226145.7","KRT16P6","transcribed_unprocessed_pseudogene","Down_in_MUT","ENSG00000226145",NA
1.32883114913497,-1.27571703781095,0.326094205933945,-3.91211194371656,9.14924813027546e-05,0.000481896690067773,"ENSG00000226188.2","HNRNPA1P3","processed_pseudogene","Down_in_MUT","ENSG00000226188",NA
11.8229685811446,-1.29136431085493,0.214759115696844,-6.01308264221871,1.82028178396617e-09,3.6486918702381e-08,"ENSG00000226235.1","LEMD1-AS1","lncRNA","Down_in_MUT","ENSG00000226235","284576"
0.975296120792693,1.94880766784083,0.581622217766018,3.35064171951014,0.000806245422762376,0.00310711582452959,"ENSG00000226289.1","CDCA4P3","unprocessed_pseudogene","Up_in_MUT","ENSG00000226289","100420558"
1.68666126346462,-1.11809936232689,0.402267309891118,-2.77949347320697,0.00544437476124391,0.0157228767683585,"ENSG00000226308.1","AL122058.1","lncRNA","Down_in_MUT","ENSG00000226308","112268270"
1.93455908278292,-1.02946283734497,0.284151643874214,-3.62293465316245,0.000291279428393041,0.00130899135114419,"ENSG00000226521.7","AC087499.2","transcribed_unprocessed_pseudogene","Down_in_MUT","ENSG00000226521",NA
24.0630309620089,3.08154440511722,0.340930682272986,9.03862446340279,1.5865560463827e-19,2.60644988424036e-17,"ENSG00000226539.1","MLXP1","processed_pseudogene","Up_in_MUT","ENSG00000226539",NA
0.987333767011315,-1.84720654396136,0.49162935012643,-3.75731543181123,0.000171745953557351,0.000830987594629777,"ENSG00000226594.1","AL356421.2","lncRNA","Down_in_MUT","ENSG00000226594",NA
52.745157583023,2.68553219859265,0.307349237269907,8.73772202087581,2.37857909432021e-18,3.24117876040911e-16,"ENSG00000226673.2","LINC01108","lncRNA","Up_in_MUT","ENSG00000226673","102216342"
1.62229920876523,1.86033723036007,0.34686143379635,5.36334411698336,8.16951562678315e-08,1.05627031456879e-06,"ENSG00000226709.1","FGF12-AS3","lncRNA","Up_in_MUT","ENSG00000226709","100873988"
1.49551826191377,-2.12328305112597,0.464271908899615,-4.57336102061058,4.79962084485337e-06,3.77234811211644e-05,"ENSG00000226717.2","PTPRD-AS2","lncRNA","Down_in_MUT","ENSG00000226717","101929428"
3.86040510761916,1.79226687679343,0.465845155808852,3.8473446690274,0.00011940493294181,0.000608596612472161,"ENSG00000226733.4","AL138826.1","lncRNA","Up_in_MUT","ENSG00000226733","100505985"
2.47489710809142,1.41814259632129,0.27673020437691,5.12463971728132,2.98107223778353e-07,3.33017011182611e-06,"ENSG00000226770.1","AC000124.1","lncRNA","Up_in_MUT","ENSG00000226770","100506682"
12.3683573312358,-1.37685434795055,0.339994614244606,-4.04963575970055,5.12974123535771e-05,0.000292904435101868,"ENSG00000226779.1","NAALADL2-AS2","lncRNA","Down_in_MUT","ENSG00000226779",NA
0.804642434477339,-1.1855040982938,0.467624476879008,-2.5351626292234,0.0112395133066322,0.0287330174537317,"ENSG00000226782.2","AC117465.1","lncRNA","Down_in_MUT","ENSG00000226782",NA
1.28299839669866,2.43325392081256,0.289684993493496,8.39965471275679,4.4779338356685e-17,5.00758699216108e-15,"ENSG00000226792.7","C13orf42","protein_coding","Up_in_MUT","ENSG00000226792","647166"
14.6319216881163,-1.59740493839158,0.229040976478256,-6.97431945564215,3.07354968937861e-12,1.23996331835678e-10,"ENSG00000226808.3","LINC00840","lncRNA","Down_in_MUT","ENSG00000226808","414260"
5.68701965865742,-1.46374934714233,0.317886079602285,-4.60463493391615,4.13190041290554e-06,3.31040216339147e-05,"ENSG00000226869.6","LHFPL3-AS1","lncRNA","Down_in_MUT","ENSG00000226869","645591"
1.0749406874088,-1.37154092285102,0.470230072816601,-2.9167443813955,0.00353705515611809,0.0109223413313283,"ENSG00000226886.1","AC093787.1","processed_pseudogene","Down_in_MUT","ENSG00000226886",NA
17.0109584934372,1.12070083916723,0.133836474155304,8.37365782564453,5.58567918527185e-17,6.0529269592046e-15,"ENSG00000226944.1","RNF207-AS1","lncRNA","Up_in_MUT","ENSG00000226944",NA
9.28779699559348,-1.05783770620607,0.275862821005203,-3.8346512311861,0.000125742587675541,0.000636016824600409,"ENSG00000226981.2","ABHD17AP6","unprocessed_pseudogene","Down_in_MUT","ENSG00000226981",NA
549.229020301345,-2.09078053909019,0.227714869605668,-9.18157230009083,4.2484221127497e-20,7.48074371024561e-18,"ENSG00000227066.2","Z98257.1","lncRNA","Down_in_MUT","ENSG00000227066","117779438"
2.30803145465662,1.11268305818392,0.421101666281221,2.64231454605749,0.00823415454650684,0.022232178656378,"ENSG00000227088.2","AC012494.1","lncRNA","Up_in_MUT","ENSG00000227088",NA
3.07571973682234,1.52770016975538,0.254148771974274,6.0110468285482,1.8432914626392e-09,3.68785575679686e-08,"ENSG00000227158.1","AC073621.1","processed_pseudogene","Up_in_MUT","ENSG00000227158","644909"
2.4921883397276,-1.06568595768875,0.288712223905468,-3.69117020150032,0.000223224697975875,0.00104011613292239,"ENSG00000227188.1","MGAT3-AS1","lncRNA","Down_in_MUT","ENSG00000227188","104502417"
5.27171910823613,1.39541651624913,0.558407263554427,2.49892257376255,0.0124571524608336,0.031308406756504,"ENSG00000227234.2","SPANXB1","protein_coding","Up_in_MUT","ENSG00000227234","728695"
850.158844913842,-1.53979828874672,0.254420156645831,-6.05218670189805,1.42892719086301e-09,2.93247511268481e-08,"ENSG00000227300.12","KRT16P2","transcribed_unprocessed_pseudogene","Down_in_MUT","ENSG00000227300",NA
10.1421392814453,-3.39038085893927,0.365750811286645,-9.2696468587794,1.86763239820468e-20,3.46065768390588e-18,"ENSG00000227368.1","CDK8P2","processed_pseudogene","Down_in_MUT","ENSG00000227368",NA
1.46120458913566,1.85896155672588,0.39128960081631,4.75085857852523,2.02554761917867e-06,1.77742918972587e-05,"ENSG00000227400.2","AC012501.2","lncRNA","Up_in_MUT","ENSG00000227400",NA
1.33868757394086,-1.36859308600348,0.364461993815513,-3.75510508428005,0.000173268765519267,0.000837846886036195,"ENSG00000227432.1","ASIC4-AS1","lncRNA","Down_in_MUT","ENSG00000227432",NA
1.93539289475962,2.90445044605234,0.454368648189068,6.39227741092684,1.63433040347075e-10,4.31547177208088e-09,"ENSG00000227455.3","AL450345.1","lncRNA","Up_in_MUT","ENSG00000227455",NA
202.298581311987,1.9459147262364,0.315549097834926,6.16675737496285,6.97045845854703e-10,1.55028249499199e-08,"ENSG00000227471.9","AKR1B15","protein_coding","Up_in_MUT","ENSG00000227471","441282"
4.38677498960266,1.05432091696487,0.277414992918358,3.80051887561517,0.00014439341807159,0.000716147312069663,"ENSG00000227487.4","NCAM1-AS1","lncRNA","Up_in_MUT","ENSG00000227487",NA
1.11790391536606,1.13556692475937,0.394637329250148,2.87749495699523,0.00400846317237125,0.0121681807568953,"ENSG00000227568.1","SNX18P26","processed_pseudogene","Up_in_MUT","ENSG00000227568",NA
201.780244620232,1.17227545101784,0.208011798777813,5.63561998841229,1.74429642185131e-08,2.70654679945585e-07,"ENSG00000227619.3","AL391056.1","lncRNA","Up_in_MUT","ENSG00000227619","105376292"
30.1695881239857,1.42704599875895,0.445946651239921,3.20003748159373,0.00137409716769843,0.00489327452231661,"ENSG00000227674.3","LINC00355","lncRNA","Up_in_MUT","ENSG00000227674","144766"
0.749474610264356,-1.33367000684157,0.513001051743495,-2.59974127208694,0.00932940699849433,0.0246483980553797,"ENSG00000227757.3","AP000282.1","lncRNA","Down_in_MUT","ENSG00000227757",NA
3.55441079107111,2.39544633890776,0.459672576747311,5.21120132042285,1.87621714811686e-07,2.21224257223945e-06,"ENSG00000227802.1","DNAJB3","transcribed_processed_pseudogene","Up_in_MUT","ENSG00000227802",NA
4.86599717864704,-1.06206482851302,0.308444966534513,-3.44328792408478,0.000574687125118318,0.00232789188671148,"ENSG00000227877.7","MRLN","protein_coding","Down_in_MUT","ENSG00000227877","100507027"
14.2482255759872,1.22607068270264,0.455250855317688,2.6931760113818,0.00707748948058221,0.0195838398363983,"ENSG00000227932.2","SELENOOLP","transcribed_unitary_pseudogene","Up_in_MUT","ENSG00000227932",NA
44.3696966610956,1.1944714048655,0.259094791274662,4.61017143181107,4.02337057403856e-06,3.23646753067095e-05,"ENSG00000227954.7","TARID","lncRNA","Up_in_MUT","ENSG00000227954","100507308"
2.10011702990207,-1.17864242222469,0.311556589802397,-3.78307652864038,0.000154901761744721,0.00076220296694338,"ENSG00000227964.1","LINC01429","lncRNA","Down_in_MUT","ENSG00000227964","101927678"
1.64100806728725,-1.03071808651108,0.288739512323014,-3.56971610230473,0.000357368309074833,0.00155873619522704,"ENSG00000228038.1","VN1R51P","processed_pseudogene","Down_in_MUT","ENSG00000228038","100312801"
14.2531323029138,-1.43568732350058,0.296583879728606,-4.84074631707674,1.29352413433319e-06,1.20192150686102e-05,"ENSG00000228044.3","AL160408.1","lncRNA","Down_in_MUT","ENSG00000228044","101927787"
3.13257913755504,-1.01212976005563,0.36534009518011,-2.77037689924687,0.00559914606326046,0.0161041768957833,"ENSG00000228067.1","LINC01740","lncRNA","Down_in_MUT","ENSG00000228067",NA
1.15450364018881,-2.07812910724754,0.381193631839224,-5.45163647467235,4.99083984446601e-08,6.87032717192992e-07,"ENSG00000228154.3","AC092436.1","processed_pseudogene","Down_in_MUT","ENSG00000228154",NA
92.8788897946767,1.62725654949786,0.142121942423869,11.4497207239448,2.3590430498023e-30,1.67077913422776e-27,"ENSG00000228192.8","AL512353.1","lncRNA","Up_in_MUT","ENSG00000228192","122152325"
6.09023724598523,1.02098333514862,0.225158831619932,4.53450272326888,5.77393571088343e-06,4.42145855457871e-05,"ENSG00000228236.2","TXNP5","processed_pseudogene","Up_in_MUT","ENSG00000228236",NA
304.760068913751,1.89596780793439,0.252210249378555,7.51740983011612,5.58720665977933e-14,3.55315533099848e-12,"ENSG00000228278.5","ORM2","protein_coding","Up_in_MUT","ENSG00000228278","5005"
1.04607454618976,1.90862941461288,0.485353339859198,3.93245344755756,8.40832666053205e-05,0.000448805525034026,"ENSG00000228291.1","ARL4AP3","processed_pseudogene","Up_in_MUT","ENSG00000228291",NA
1.32409446981916,1.5397546327329,0.595511788802866,2.58559891119572,0.00972099768203518,0.0254847344841773,"ENSG00000228349.1","RPS26P4","processed_pseudogene","Up_in_MUT","ENSG00000228349","692146"
1.36785558390111,-1.14317765743734,0.334271929483832,-3.4199032482404,0.000626434113361017,0.00250188992818659,"ENSG00000228376.3","GAS2L1P2","transcribed_processed_pseudogene","Down_in_MUT","ENSG00000228376",NA
3.01319347352544,-1.04776479796557,0.278362331115659,-3.76403227321094,0.000167195291479874,0.000813663327951603,"ENSG00000228421.2","AC005013.1","lncRNA","Down_in_MUT","ENSG00000228421",NA
1.38271572151104,-1.18171544136931,0.259565666059325,-4.55266468524086,5.29706655698304e-06,4.10261988426747e-05,"ENSG00000228431.1","ARL5AP3","processed_pseudogene","Down_in_MUT","ENSG00000228431","106480778"
1.34569588145203,2.08444604783094,0.487215493290336,4.27828358608622,1.88339978657009e-05,0.000123129917123642,"ENSG00000228445.1","UGT1A2P","unprocessed_pseudogene","Up_in_MUT","ENSG00000228445",NA
10.877218753967,-2.32183507900039,0.305287965998909,-7.60539339113252,2.84038563099004e-14,1.89384791726535e-12,"ENSG00000228476.2","CSTP1","transcribed_unprocessed_pseudogene","Down_in_MUT","ENSG00000228476","1480"
3.67544075847352,-1.1036558493675,0.221680494060732,-4.97858800813184,6.40498180490088e-07,6.52808362980479e-06,"ENSG00000228541.1","AC093159.1","lncRNA","Down_in_MUT","ENSG00000228541",NA
3.88289656624,1.25798718127916,0.317386896885095,3.96357629639196,7.3835251171649e-05,0.000401159783513744,"ENSG00000228626.1","AC245100.3","unprocessed_pseudogene","Up_in_MUT","ENSG00000228626",NA
42.7736302847286,2.31649575836075,0.260689632512995,8.88602947508959,6.33315627003606e-19,9.38809411545672e-17,"ENSG00000228695.10","CES1P1","transcribed_unprocessed_pseudogene","Up_in_MUT","ENSG00000228695","107987423"
10.8460283711877,1.17550094810194,0.319598496997506,3.67805530734744,0.000235019005741806,0.00108712492481816,"ENSG00000228705.2","LINC00659","lncRNA","Up_in_MUT","ENSG00000228705","100652730"
110.575034246643,-2.07521255080579,0.339927422628985,-6.10486948877552,1.02884716847621e-09,2.19922120097286e-08,"ENSG00000228723.6","SRGAP3-AS2","lncRNA","Down_in_MUT","ENSG00000228723","101927416"
4.48973344773067,2.0562257248585,0.466819713862647,4.40475340650138,1.05904278030755e-05,7.49062415694231e-05,"ENSG00000228980.4","LINC01205","lncRNA","Up_in_MUT","ENSG00000228980","401082"
10.4887784196017,-3.70734455633938,0.557410114555225,-6.65101773278296,2.91073206928592e-11,9.28608025827944e-10,"ENSG00000229035.2","SPRR2C","unprocessed_pseudogene","Down_in_MUT","ENSG00000229035",NA
2.16923105554447,1.00543725603992,0.257990763949184,3.89718314194362,9.73180250972328e-05,0.00050854611868731,"ENSG00000229057.1","RPS3AP54","processed_pseudogene","Up_in_MUT","ENSG00000229057","101927101"
7.28094108497405,-1.07807014888955,0.171374719062822,-6.29071869401197,3.15999519897574e-10,7.6587229647571e-09,"ENSG00000229108.2","LINC02587","lncRNA","Down_in_MUT","ENSG00000229108","101927524"
12.1138381093384,-1.58538597977274,0.22056099216681,-7.18797083835078,6.57613024541038e-13,3.20470714145985e-11,"ENSG00000229116.3","AL137026.1","lncRNA","Down_in_MUT","ENSG00000229116",NA
20.7850508776759,1.52826254860321,0.221990297352687,6.88436641974122,5.8045291529972e-12,2.19971639280825e-10,"ENSG00000229140.11","CCDC26","lncRNA","Up_in_MUT","ENSG00000229140","137196"
2.24830882811161,-1.38113503963625,0.273352196890418,-5.05258437776493,4.35871696182779e-07,4.64604241773958e-06,"ENSG00000229154.2","KCNQ5-AS1","lncRNA","Down_in_MUT","ENSG00000229154","100873997"
74.7343846212658,-1.34505440251427,0.230513532909356,-5.83503443610482,5.37794587555299e-09,9.50640671102326e-08,"ENSG00000229155.1","LINC02038","lncRNA","Down_in_MUT","ENSG00000229155",NA
1.1065166278905,1.61122631452973,0.34654337593964,4.64942176476739,3.32866913968326e-06,2.7384619037389e-05,"ENSG00000229224.2","AC105398.1","lncRNA","Up_in_MUT","ENSG00000229224",NA
1.66431861904301,-1.0007410487556,0.290532124700639,-3.44451082573659,0.000572093725552379,0.0023191553201577,"ENSG00000229246.2","LINC00377","lncRNA","Down_in_MUT","ENSG00000229246",NA
8.04989209659675,2.17867549596695,0.280776322936728,7.75947014755195,8.52849369542792e-15,6.42580668007052e-13,"ENSG00000229261.1","AL596223.1","lncRNA","Up_in_MUT","ENSG00000229261","101928994"
681.933210050929,1.7843104526,0.264009515964532,6.75850810180534,1.39419855213869e-11,4.82983717991436e-10,"ENSG00000229314.5","ORM1","protein_coding","Up_in_MUT","ENSG00000229314","5004"
2.84961322879575,-1.46970770697281,0.282411938592484,-5.20412739736747,1.94910266395217e-07,2.28633974982774e-06,"ENSG00000229393.1","AL139246.4","lncRNA","Down_in_MUT","ENSG00000229393",NA
1.84775925937726,-1.19549243434205,0.303369400205189,-3.940715291435,8.12390015691001e-05,0.000435593576549258,"ENSG00000229436.1","AC073850.1","processed_pseudogene","Down_in_MUT","ENSG00000229436",NA
2.10597838207199,-1.80391830028618,0.282475873994794,-6.38609688953268,1.70173204501734e-10,4.47860462483466e-09,"ENSG00000229442.2","THEMIS3P","unitary_pseudogene","Down_in_MUT","ENSG00000229442",NA
2.34705848886097,-1.80018774068259,0.357824735937848,-5.03092033580168,4.8813095608331e-07,5.12087613605371e-06,"ENSG00000229459.1","AC023669.1","lncRNA","Down_in_MUT","ENSG00000229459",NA
7.19075208630606,1.34473414434904,0.465757850330811,2.8871958752685,0.00388692169513514,0.0118500173470109,"ENSG00000229609.1","LINC01079","lncRNA","Up_in_MUT","ENSG00000229609",NA
2.19656794155076,-1.25756069789913,0.528189588317752,-2.38088884316022,0.017270922592176,0.041120691314451,"ENSG00000229642.1","AC087857.1","lncRNA","Down_in_MUT","ENSG00000229642",NA
4.03476888272523,2.24661656919434,0.236907028484162,9.48311488928466,2.46803510464673e-21,5.17491755396027e-19,"ENSG00000229646.2","AL109914.1","lncRNA","Up_in_MUT","ENSG00000229646",NA
99.5109879195902,-1.54417381291284,0.210663647387803,-7.330044039683,2.30077112740813e-13,1.27084708148396e-11,"ENSG00000229647.2","MYOSLID","lncRNA","Down_in_MUT","ENSG00000229647",NA
31.2878950126331,1.38815252651843,0.228620500646695,6.07186373309387,1.26434200565564e-09,2.6406188769496e-08,"ENSG00000229656.7","ITGB1-DT","lncRNA","Up_in_MUT","ENSG00000229656","101929475"
0.801710921812961,-1.50526802323381,0.493606241137176,-3.04953199085562,0.00229198221523521,0.00754547724220238,"ENSG00000229699.1","AL161636.1","lncRNA","Down_in_MUT","ENSG00000229699","101928009"
1.64432527309928,-1.48646251221504,0.496024077057549,-2.99675475640789,0.00272870134668215,0.00875794970998054,"ENSG00000229743.4","LINC01159","lncRNA","Down_in_MUT","ENSG00000229743","102682016"
5.49677249264879,1.28483943144779,0.2959325187752,4.34166355480451,1.41407955817843e-05,9.6073608183127e-05,"ENSG00000229781.1","RRN3P4","processed_pseudogene","Up_in_MUT","ENSG00000229781","100129955"
2.38314715514196,-1.46791147315118,0.322191329276841,-4.55602413772558,5.21309484420839e-06,4.04741889841086e-05,"ENSG00000229835.2","KHSRPP1","processed_pseudogene","Down_in_MUT","ENSG00000229835","402359"
1.84944010389353,-1.87725906254558,0.441757548863153,-4.24952344872576,2.14225783904135e-05,0.000137708551004612,"ENSG00000229900.1","HSPD1P21","processed_pseudogene","Down_in_MUT","ENSG00000229900",NA
3.3808913292578,-1.02304411071688,0.218609439941122,-4.67978011833533,2.87182743960488e-06,2.41116997701915e-05,"ENSG00000229914.1","AL138899.2","processed_pseudogene","Down_in_MUT","ENSG00000229914","729780"
71.4857189707665,1.65850335416886,0.200933291653422,8.25399982512361,1.53179578221432e-16,1.52848494997851e-14,"ENSG00000229953.1","AL590666.2","lncRNA","Up_in_MUT","ENSG00000229953","126568844"
4.71540470256387,1.5891929150139,0.209156591430828,7.59810104067158,3.00507668534436e-14,1.99530831330437e-12,"ENSG00000229996.1","AC093585.1","lncRNA","Up_in_MUT","ENSG00000229996",NA
43.5514525828105,-1.74683419150019,0.287110224229065,-6.08419360958221,1.17079059035107e-09,2.46206048428725e-08,"ENSG00000230062.5","ANKRD66","protein_coding","Down_in_MUT","ENSG00000230062","100287718"
2.67118607813629,1.7397441189473,0.302868881940072,5.74421547635764,9.23481310617997e-09,1.53773630358966e-07,"ENSG00000230126.1","FGF12-AS2","lncRNA","Up_in_MUT","ENSG00000230126","100873987"
1.9221894864681,2.1561672350732,0.554096789100529,3.8913187686457,9.97008449410736e-05,0.000519379802078614,"ENSG00000230153.5","AF274573.1","lncRNA","Up_in_MUT","ENSG00000230153","122149304"
4.79027735317532,-1.55803840251283,0.307183655486287,-5.07200944674736,3.93636842778633e-07,4.25136992723056e-06,"ENSG00000230156.3","LINC00443","lncRNA","Down_in_MUT","ENSG00000230156",NA
3.00987687545809,-1.16396060756529,0.501821644424892,-2.31947071334326,0.0203695273191644,0.0471731728810556,"ENSG00000230196.1","DDX43P3","processed_pseudogene","Down_in_MUT","ENSG00000230196","106481709"
9.66801714270199,1.49858359786216,0.161809928386578,9.26138224523474,2.01802586804844e-20,3.71771690407929e-18,"ENSG00000230212.6","AP000688.1","lncRNA","Up_in_MUT","ENSG00000230212",NA
0.515056145533281,2.31955596029703,0.997097588928371,2.3263078619917,0.020002132912913,0.0464573661323021,"ENSG00000230234.1","AL162582.1","lncRNA","Up_in_MUT","ENSG00000230234",NA
1.52556623206236,1.12745730899489,0.351767333390773,3.20512225546088,0.00135005124256588,0.00481884680835673,"ENSG00000230251.1","PHBP4","processed_pseudogene","Up_in_MUT","ENSG00000230251","100418774"
81.3056349815448,1.30728320755331,0.341835009198849,3.8243104783713,0.000131138575450663,0.000659958556480038,"ENSG00000230257.5","NFE4","lncRNA","Up_in_MUT","ENSG00000230257","58160"
0.838932941241614,-1.5146098736984,0.605513436377066,-2.50136459854744,0.0123715739867628,0.0311449000420313,"ENSG00000230258.6","AC005208.1","lncRNA","Down_in_MUT","ENSG00000230258",NA
14.3390254369143,-1.33858970954798,0.217604414139672,-6.15148233476916,7.67620775362275e-10,1.69072852325992e-08,"ENSG00000230266.1","XXYLT1-AS2","lncRNA","Down_in_MUT","ENSG00000230266","101410543"
3.90663043087932,2.038142460636,0.511005130741749,3.98849705809712,6.64932274092482e-05,0.000366644576256081,"ENSG00000230269.7","LINC02525","lncRNA","Up_in_MUT","ENSG00000230269","100507194"
1.59966372891405,-1.34261789863752,0.271265919068505,-4.9494529325612,7.44223721452955e-07,7.42615974528088e-06,"ENSG00000230290.1","ARMC2-AS1","lncRNA","Down_in_MUT","ENSG00000230290",NA
1.37705572569244,1.32985547025926,0.26916040140688,4.94075452149799,7.78208341889037e-07,7.70852947655729e-06,"ENSG00000230314.7","ELOVL2-AS1","lncRNA","Up_in_MUT","ENSG00000230314","100506409"
1.50756835177759,-1.69947463754296,0.411357758219906,-4.13137859584125,3.60594120495158e-05,0.000215821506371853,"ENSG00000230328.2","AL359893.1","processed_pseudogene","Down_in_MUT","ENSG00000230328",NA
11.9004521170894,-1.69952812272783,0.33983287501483,-5.00107037217532,5.70128959435942e-07,5.89188718099316e-06,"ENSG00000230356.1","NCAPD2P1","processed_pseudogene","Down_in_MUT","ENSG00000230356","100421175"
7.68121277144081,1.1515051008066,0.415519735476643,2.77124045500681,0.00558431717834713,0.0160658758612657,"ENSG00000230368.2","FAM41C","lncRNA","Up_in_MUT","ENSG00000230368","284593"
32.612253575725,2.37955329997808,0.22857569090566,10.4103515581637,2.22398827740873e-25,8.05462845332881e-23,"ENSG00000230387.4","AL118508.1","lncRNA","Up_in_MUT","ENSG00000230387","100505664"
41.565691887047,1.07354954174004,0.335799531290886,3.19699535497587,0.00138867162742209,0.00493789506165007,"ENSG00000230426.4","LINC01036","lncRNA","Up_in_MUT","ENSG00000230426","104169671"
2.81091649927505,-1.6543300657507,0.259161940522656,-6.38338354163573,1.73217337500305e-10,4.54371173948331e-09,"ENSG00000230498.3","AL035409.1","lncRNA","Down_in_MUT","ENSG00000230498",NA
32.646365187511,-1.12473096425069,0.24620276674546,-4.56831163645498,4.91668642048758e-06,3.84727996335281e-05,"ENSG00000230628.1","AL160408.3","lncRNA","Down_in_MUT","ENSG00000230628",NA
1.71790946362319,-1.39697023403906,0.378022793153527,-3.69546561567176,0.000219484183961463,0.00102523529635582,"ENSG00000230635.2","CYP4F60P","unprocessed_pseudogene","Down_in_MUT","ENSG00000230635","107126294"
4.97906438834353,-3.74700343384822,0.745446416467844,-5.02652283393176,4.9945303843444e-07,5.22932581732721e-06,"ENSG00000230657.8","PRB4","protein_coding","Down_in_MUT","ENSG00000230657","5545"
5.5532558199542,1.56930433943046,0.375128482042692,4.18337826785399,2.87208911175949e-05,0.000177464815976903,"ENSG00000230710.2","LINC00332","lncRNA","Up_in_MUT","ENSG00000230710",NA
1.35912177551461,-1.61377082669597,0.491425239820876,-3.28385824725687,0.0010239641136465,0.00381514616156508,"ENSG00000230739.1","AL392003.2","unprocessed_pseudogene","Down_in_MUT","ENSG00000230739",NA
1.36871056777074,-1.91072577704832,0.479040353047679,-3.98865307461508,6.64495181353269e-05,0.000366497930872991,"ENSG00000230741.1","Z82173.1","lncRNA","Down_in_MUT","ENSG00000230741",NA
95.3700213294769,-1.37765476547154,0.242156684124411,-5.68910484735476,1.27707043315889e-08,2.05045399371321e-07,"ENSG00000230873.9","STMND1","protein_coding","Down_in_MUT","ENSG00000230873","401236"
25.6658072101422,1.45002835817598,0.328453427232166,4.41471526235904,1.01143028096086e-05,7.20019979551121e-05,"ENSG00000230894.2","AL133284.1","lncRNA","Up_in_MUT","ENSG00000230894","107987014"
53.511943718755,-1.69936899840097,0.209719218509799,-8.10306757042187,5.3590453732132e-16,4.93636228582884e-14,"ENSG00000230918.2","DPP4-DT","lncRNA","Down_in_MUT","ENSG00000230918",NA
6.82240790709233,-1.39204657262877,0.237658898076612,-5.85732991230158,4.70368145979382e-09,8.44569193268107e-08,"ENSG00000230928.1","AL139241.1","lncRNA","Down_in_MUT","ENSG00000230928",NA
170.736438631371,-1.06031411798203,0.289895614565039,-3.6575721215132,0.000254615628316784,0.00116509040776514,"ENSG00000230937.12","MIR205HG","lncRNA","Down_in_MUT","ENSG00000230937","642587"
2.87920344973445,-1.9933571658311,0.364951387425782,-5.46197996366427,4.70853233456036e-08,6.53595967050406e-07,"ENSG00000230970.4","HHATL-AS1","lncRNA","Down_in_MUT","ENSG00000230970","100874044"
94.196553535101,-1.44755473914995,0.235945216908324,-6.13513068040873,8.50892196765705e-10,1.85872414003563e-08,"ENSG00000231013.2","SCTR-AS1","lncRNA","Down_in_MUT","ENSG00000231013","107105282"
8.62123316814725,-1.95328438345065,0.348994018451149,-5.5968993168405,2.18219348954994e-08,3.30083952090395e-07,"ENSG00000231023.7","LINC00326","lncRNA","Down_in_MUT","ENSG00000231023","285735"
10.3454317984326,-1.22777274938578,0.448918332418432,-2.73495792156998,0.00623882507607428,0.017614953401804,"ENSG00000231031.6","LINC01804","lncRNA","Down_in_MUT","ENSG00000231031","101926966"
2.29955781086187,1.69407649712703,0.248263947402909,6.8236911353774,8.87305486605916e-12,3.2135583140474e-10,"ENSG00000231039.2","AL355303.1","lncRNA","Up_in_MUT","ENSG00000231039",NA
21.6580116641208,-1.39244661066322,0.217852374518552,-6.3916981108904,1.64053550405571e-10,4.32827045113903e-09,"ENSG00000231057.4","AC096637.2","lncRNA","Down_in_MUT","ENSG00000231057","91548"
76.937510299334,1.3389794805541,0.210721004281186,6.35427628641785,2.09410160974813e-10,5.35213411421674e-09,"ENSG00000231107.2","LINC01508","lncRNA","Up_in_MUT","ENSG00000231107","101927873"
33.3915772509487,1.88155296315605,0.20688665678027,9.09460760997458,9.49286271377946e-20,1.60077792354955e-17,"ENSG00000231131.8","LNCAROD","lncRNA","Up_in_MUT","ENSG00000231131","105378305"
1.50122338323422,-2.04367911983857,0.51634412864083,-3.95797881001986,7.55866614257139e-05,0.00040928006902802,"ENSG00000231204.7","AC011752.1","lncRNA","Down_in_MUT","ENSG00000231204","100507562"
1.26527579323081,-1.69406562528324,0.436156808470965,-3.88407470061541,0.000102720325354484,0.000533018477592441,"ENSG00000231221.1","LINC01593","lncRNA","Down_in_MUT","ENSG00000231221","107178918"
4.58165933866978,-1.52700992743894,0.242756027534314,-6.29030695117586,3.16838844850597e-10,7.67323010959982e-09,"ENSG00000231231.5","LINC01423","lncRNA","Down_in_MUT","ENSG00000231231",NA
3.43028843853996,1.5010439741865,0.323900518093942,4.63427469341419,3.58191108294228e-06,2.92340814659292e-05,"ENSG00000231295.1","AC004888.1","lncRNA","Up_in_MUT","ENSG00000231295",NA
1.480949211331,-1.57727084442043,0.538281022077034,-2.93019961642768,0.00338744322120116,0.0105286915255415,"ENSG00000231317.1","AC091812.1","unprocessed_pseudogene","Down_in_MUT","ENSG00000231317","643348"
1.00291253678199,1.68174760079978,0.685396557017398,2.45368551035352,0.0141400584206284,0.0348428793817726,"ENSG00000231358.4","AL355516.1","lncRNA","Up_in_MUT","ENSG00000231358",NA
5.78913761343973,-3.17359526750194,0.611181239916619,-5.19256001367925,2.07421976675168e-07,2.416603043767e-06,"ENSG00000231418.2","AC005090.1","lncRNA","Down_in_MUT","ENSG00000231418","105375224"
4.69082808581315,-1.03047300868113,0.248340575572776,-4.14943472811254,3.33297306299507e-05,0.000201872262430095,"ENSG00000231441.2","DST-AS1","lncRNA","Down_in_MUT","ENSG00000231441",NA
6.32949322899294,1.01534956282937,0.368964927184029,2.75188639358922,0.00592530724867219,0.016874762516525,"ENSG00000231453.1","LINC01305","lncRNA","Up_in_MUT","ENSG00000231453","285084"
28.7936873587559,-1.67696362494203,0.239327384181347,-7.00698597729764,2.43506660534031e-12,1.0033800076219e-10,"ENSG00000231621.1","ANKRD44-AS1","lncRNA","Down_in_MUT","ENSG00000231621","101927596"
3.87100617281556,-1.18084079991857,0.216522692846951,-5.45365838745248,4.93439543413584e-08,6.8187869555106e-07,"ENSG00000231680.1","LINC02723","lncRNA","Down_in_MUT","ENSG00000231680","107984366"
281.416747282526,3.2245932538996,0.440053272381898,7.32773383650957,2.34077017002915e-13,1.29070391157438e-11,"ENSG00000231683.6","AL033397.1","lncRNA","Up_in_MUT","ENSG00000231683","101927136"
3.6053560886299,1.56865523951593,0.223628782211783,7.01454984461869,2.30690477008191e-12,9.5983501210549e-11,"ENSG00000231689.2","LINC01090","lncRNA","Up_in_MUT","ENSG00000231689","104355152"
3.69375182973881,1.28612861262708,0.187850921700561,6.84653873925196,7.56581647397244e-12,2.79085806530064e-10,"ENSG00000231705.1","AL451069.2","lncRNA","Up_in_MUT","ENSG00000231705",NA
79.1419163248164,-1.87406042332587,0.325764745950172,-5.75280304767085,8.77757259095826e-09,1.47314384437299e-07,"ENSG00000231738.11","TSPAN19","protein_coding","Down_in_MUT","ENSG00000231738","144448"
4.11630594861421,1.60160578961542,0.336080164321204,4.76554691304159,1.88342067156442e-06,1.66976886842109e-05,"ENSG00000231749.3","ABCA9-AS1","lncRNA","Up_in_MUT","ENSG00000231749","104355297"
2.51619436994955,1.07123278686996,0.265344219772734,4.03714385709048,5.41058934283088e-05,0.000306670625903188,"ENSG00000231754.2","AL512380.1","lncRNA","Up_in_MUT","ENSG00000231754",NA
10.6842911178479,-2.08796011551793,0.283768277995559,-7.35797577610352,1.8671991789734e-13,1.05140468256292e-11,"ENSG00000231826.6","LINC01819","lncRNA","Down_in_MUT","ENSG00000231826","102723854"
20.3815403515745,-1.39198756531054,0.208530448326653,-6.67522453665882,2.4685392228102e-11,8.01169180959104e-10,"ENSG00000231852.9","CYP21A2","protein_coding","Down_in_MUT","ENSG00000231852","1589"
3.93741311577897,1.22735992154899,0.349128971566563,3.51549147022017,0.000438940859813722,0.00185187252093207,"ENSG00000231863.2","AL139393.1","lncRNA","Up_in_MUT","ENSG00000231863","102724087"
2.68202518267662,-1.18209552862684,0.257426355937695,-4.59197553537581,4.39069848330648e-06,3.48922564323815e-05,"ENSG00000231868.1","AL031848.1","lncRNA","Down_in_MUT","ENSG00000231868",NA
3.15059410546624,-2.24324664086432,0.316636291282425,-7.08461633307676,1.39430043058141e-12,6.25883789057184e-11,"ENSG00000231873.2","AC099560.1","lncRNA","Down_in_MUT","ENSG00000231873","105377043"
1.52878485873339,-2.10598685498525,0.480782162944335,-4.38033483207463,1.18497083410074e-05,8.25490829587424e-05,"ENSG00000231901.1","AL354754.1","lncRNA","Down_in_MUT","ENSG00000231901",NA
0.577741044778233,1.66489723459391,0.475285130336325,3.50294408204142,0.000460146050121297,0.00192939281192157,"ENSG00000231934.2","FAM242A","lncRNA","Up_in_MUT","ENSG00000231934","105372587"
5.61066422341656,-1.01398770671287,0.225918829980133,-4.48828327768002,7.17994152790118e-06,5.3628290704415e-05,"ENSG00000231943.9","PGM5P4-AS1","lncRNA","Down_in_MUT","ENSG00000231943","103344932"
23.18817969423,1.72696720994833,0.375355533396965,4.6008838455618,4.20701990437601e-06,3.36213468837432e-05,"ENSG00000231990.2","AL442224.1","lncRNA","Up_in_MUT","ENSG00000231990","101928014"
16.6527162745936,1.00927924441953,0.385446382729559,2.61846858510453,0.00883254239048187,0.0235469003486584,"ENSG00000232023.3","LINC01807","lncRNA","Up_in_MUT","ENSG00000232023","101928765"
9.70854819365097,1.84291470039221,0.360356881040005,5.11413767117053,3.15177433993256e-07,3.49878787836958e-06,"ENSG00000232079.7","LINC01697","lncRNA","Up_in_MUT","ENSG00000232079","284825"
2.31953722598251,1.03706267807888,0.205691677955701,5.04183099863781,4.61098433606889e-07,4.88552798453629e-06,"ENSG00000232083.3","RPL31P7","processed_pseudogene","Up_in_MUT","ENSG00000232083","654391"
1.69197849511252,1.02506524472976,0.2959935943909,3.46313320340311,0.000533924005158443,0.00218723547151732,"ENSG00000232164.1","LINC01873","lncRNA","Up_in_MUT","ENSG00000232164","729348"
8.84691463385808,1.48453315123594,0.222593192836865,6.669265723341,2.5708641049551e-11,8.3183766384796e-10,"ENSG00000232194.1","Z99943.1","lncRNA","Up_in_MUT","ENSG00000232194",NA
0.910657534850798,2.96741631188109,0.654972074335602,4.53059974334205,5.88164777718828e-06,4.49314468616413e-05,"ENSG00000232241.1","DYNLT3P1","processed_pseudogene","Up_in_MUT","ENSG00000232241",NA
2.42157210817383,-1.45651729802718,0.330266545584895,-4.41012666132356,1.03310173983606e-05,7.33318163704124e-05,"ENSG00000232258.6","TMEM114","protein_coding","Down_in_MUT","ENSG00000232258","283953"
3.90381704243554,1.26930390189817,0.330488299887982,3.84069240069435,0.000122687769914018,0.000622640432313641,"ENSG00000232448.2","AL354824.2","lncRNA","Up_in_MUT","ENSG00000232448","105372524"
1.31532347874751,-1.93799453141044,0.379307796717121,-5.10929263301105,3.23367181007236e-07,3.58099491642782e-06,"ENSG00000232451.2","AC018467.1","lncRNA","Down_in_MUT","ENSG00000232451","107985792"
1.18313229070349,-1.82491184585315,0.498221033060471,-3.6628558907742,0.000249418871301006,0.00114492709883831,"ENSG00000232502.1","AC073464.1","processed_pseudogene","Down_in_MUT","ENSG00000232502",NA
3.49360486403698,1.61264286500514,0.477991705856041,3.37378838429224,0.000741413402835686,0.00289294644487955,"ENSG00000232599.1","AL008707.1","processed_pseudogene","Up_in_MUT","ENSG00000232599",NA
9.41581531574953,-1.63825312979752,0.399072575778473,-4.10515086535769,4.04051100548578e-05,0.000238119686123959,"ENSG00000232621.1","C4BPAP2","unprocessed_pseudogene","Down_in_MUT","ENSG00000232621","724"
7.09061156411845,1.21312587488674,0.32063334828651,3.78352994587052,0.000154619711539641,0.000761102117369866,"ENSG00000232624.8","LINC01517","lncRNA","Up_in_MUT","ENSG00000232624","283080"
10.2936927706566,-1.02199972901864,0.187227341030348,-5.45860301916582,4.79895390077671e-08,6.64988955528933e-07,"ENSG00000232628.6","AC092809.2","lncRNA","Down_in_MUT","ENSG00000232628","101927143"
3719.69597603986,-1.80238900452349,0.184086226410474,-9.79100413794422,1.23067547218992e-22,3.04053162590427e-20,"ENSG00000232629.9","HLA-DQB2","protein_coding","Down_in_MUT","ENSG00000232629","3120"
5.30287822075447,-1.13919886748362,0.371276515787995,-3.06832998867647,0.00215258773072628,0.00717101741047114,"ENSG00000232680.2","AC002511.1","lncRNA","Down_in_MUT","ENSG00000232680",NA
5.4030250695327,1.19287135073423,0.20147787756377,5.92060709174718,3.20755344422041e-09,6.06334138913099e-08,"ENSG00000232692.1","AP001596.1","lncRNA","Up_in_MUT","ENSG00000232692",NA
33.827353365528,1.3047996520686,0.280204147541436,4.65660363530361,3.21468493746606e-06,2.65910261204206e-05,"ENSG00000232756.1","AC004990.1","lncRNA","Up_in_MUT","ENSG00000232756",NA
64.5214579882241,-1.42221340906217,0.218050499057458,-6.52240382484704,6.91894282926601e-11,2.0249185207671e-09,"ENSG00000232774.8","AL355916.1","lncRNA","Down_in_MUT","ENSG00000232774","400221"
9.41085837876889,-1.25645863843869,0.222919207470855,-5.63638572330275,1.73656179855106e-08,2.69717159267158e-07,"ENSG00000232862.5","AL138787.1","transcribed_processed_pseudogene","Down_in_MUT","ENSG00000232862","100128093"
29.8418988868789,-1.55112986145202,0.287789195804139,-5.38981269646992,7.05311557270469e-08,9.31192404381406e-07,"ENSG00000232878.3","DPYD-AS1","lncRNA","Down_in_MUT","ENSG00000232878","100873932"
2077.14032536367,-2.11785372194254,0.192762058604623,-10.9868805991873,4.41937129876964e-28,2.13408761610738e-25,"ENSG00000232931.6","LINC00342","lncRNA","Down_in_MUT","ENSG00000232931",NA
2.9573589229528,1.02397620834521,0.244973195860301,4.17995203413661,2.91570589770526e-05,0.000179590202599803,"ENSG00000232946.1","RPL35AP20","processed_pseudogene","Up_in_MUT","ENSG00000232946",NA
5.33490520887962,-3.38233994775302,0.405686850416107,-8.33731718019405,7.59950151863663e-17,8.01999049339298e-15,"ENSG00000233005.2","AC018742.1","lncRNA","Down_in_MUT","ENSG00000233005",NA
6.92009650160944,-1.4623094710308,0.258532437504107,-5.65619341676444,1.5476705163119e-08,2.42864633310568e-07,"ENSG00000233009.1","NALCN-AS1","lncRNA","Down_in_MUT","ENSG00000233009","100885778"
1.68030218613939,-1.08400458131114,0.358368474529165,-3.02483242348628,0.00248770921332497,0.00808708489778458,"ENSG00000233068.3","AL391422.2","lncRNA","Down_in_MUT","ENSG00000233068",NA
1.70902571125277,-1.29441278576621,0.392683958221232,-3.29632203879579,0.000979596547640016,0.00367216202891496,"ENSG00000233125.3","ACTBP12","processed_pseudogene","Down_in_MUT","ENSG00000233125","100462767"
5.76420796763705,-1.10665112629611,0.364445328203065,-3.03653536115435,0.00239314036717836,0.00782917025686117,"ENSG00000233214.1","AC002511.2","lncRNA","Down_in_MUT","ENSG00000233214",NA
1.60305547784966,-1.11758632790724,0.265377955013882,-4.21130054999775,2.53904670717891e-05,0.000159766944924974,"ENSG00000233295.3","FAM90A20P","unprocessed_pseudogene","Down_in_MUT","ENSG00000233295","728430"
32.5448434195805,-1.02922999932365,0.312151095154008,-3.29721732616652,0.000976479118842697,0.00366262986896971,"ENSG00000233338.1","TLR8-AS1","lncRNA","Down_in_MUT","ENSG00000233338","349408"
2.6227766784047,-1.4336195393729,0.30218924285564,-4.74411175535377,2.09423215686336e-06,1.8266358257086e-05,"ENSG00000233365.2","AL121956.1","lncRNA","Down_in_MUT","ENSG00000233365","101929297"
3.02643229835056,1.0074758330422,0.269140223787908,3.74331201357745,0.000181610484803013,0.000871994042698614,"ENSG00000233381.3","AK4P3","processed_pseudogene","Up_in_MUT","ENSG00000233381",NA
49.8475048536638,1.15758809178799,0.298124457964837,3.88290212648209,0.000103217121776733,0.000535509179252198,"ENSG00000233392.5","UICLM","lncRNA","Up_in_MUT","ENSG00000233392","200772"
14.3434511984437,1.92863896846555,0.344578357008737,5.59709839354958,2.17969014841627e-08,3.29861845774809e-07,"ENSG00000233393.1","AP000688.2","lncRNA","Up_in_MUT","ENSG00000233393","105369306"
1.12862393504978,-1.15472947162329,0.40971068841547,-2.8184021170869,0.0048263324049741,0.0142360055602896,"ENSG00000233451.1","AL513128.1","lncRNA","Down_in_MUT","ENSG00000233451",NA
158.728411112313,1.40666818005798,0.138709010978808,10.141144905668,3.62821995903883e-24,1.14490097341115e-21,"ENSG00000233461.6","AL445524.1","lncRNA","Up_in_MUT","ENSG00000233461","122526782"
21.8937150603192,-2.76368035204046,0.408820974539554,-6.76012368287397,1.3787399047099e-11,4.78669057766986e-10,"ENSG00000233491.8","AC008163.1","transcribed_unitary_pseudogene","Down_in_MUT","ENSG00000233491",NA
0.884640573345404,2.60701853283578,0.853991220771389,3.0527462922639,0.00226757564139725,0.00747903376456296,"ENSG00000233492.2","AL133325.2","lncRNA","Up_in_MUT","ENSG00000233492",NA
4.13502647963299,-2.12429553077283,0.56363721496665,-3.76890573291638,0.000163964792214217,0.000800141156432295,"ENSG00000233508.3","AL021395.1","lncRNA","Down_in_MUT","ENSG00000233508","121853075"
54.1583973290298,1.48692108973045,0.192693732842648,7.71649948233996,1.19568062593316e-14,8.78053853205428e-13,"ENSG00000233559.2","LINC00513","lncRNA","Up_in_MUT","ENSG00000233559","100506860"
4.3389553370814,1.04370528411626,0.415734793461055,2.51050742091433,0.0120557788179354,0.0304895831381067,"ENSG00000233569.2","AL161630.1","lncRNA","Up_in_MUT","ENSG00000233569","101928797"
1.20801908348862,1.4527670262361,0.587947596268719,2.47091243412809,0.0134768814289804,0.0334570562410839,"ENSG00000233571.1","AL592043.1","lncRNA","Up_in_MUT","ENSG00000233571",NA
5.90666953193336,2.20311290278042,0.237994559570742,9.25698850744342,2.10279250590945e-20,3.85161493999081e-18,"ENSG00000233614.6","DDX11L10","transcribed_unprocessed_pseudogene","Up_in_MUT","ENSG00000233614",NA
2.96491344007089,1.30211024598284,0.385761312403948,3.37542984253263,0.000737004804610696,0.00287856374114553,"ENSG00000233656.2","AL445430.1","lncRNA","Up_in_MUT","ENSG00000233656","105374928"
1.70295539866476,1.48706232797897,0.497572289245346,2.98863574222423,0.00280225992641448,0.00895795648091834,"ENSG00000233670.7","PIRT","protein_coding","Up_in_MUT","ENSG00000233670","644139"
144.227706764828,-1.06111795037289,0.211932168179909,-5.00687535774234,5.53207241685513e-07,5.73188166442099e-06,"ENSG00000233680.4","HNRNPA1P27","processed_pseudogene","Down_in_MUT","ENSG00000233680","664721"
14.1124900456008,-1.95756561066035,0.30701777167569,-6.37606611492238,1.81694513185909e-10,4.74265833722204e-09,"ENSG00000233730.1","LINC01765","lncRNA","Down_in_MUT","ENSG00000233730",NA
3.45419761018498,-2.27331368266365,0.361983429590898,-6.28015952341486,3.38225807289263e-10,8.12940777082661e-09,"ENSG00000233919.1","AC009743.1","lncRNA","Down_in_MUT","ENSG00000233919",NA
95.840498969889,1.20077593896911,0.207889875143448,5.77601933783717,7.6488586631632e-09,1.29944975721575e-07,"ENSG00000233922.3","LINC01694","lncRNA","Up_in_MUT","ENSG00000233922","105372840"
6.60170523648015,-2.00800728063522,0.336269669952654,-5.97141954823918,2.35198037399873e-09,4.57823803334295e-08,"ENSG00000233936.1","AL390778.2","lncRNA","Down_in_MUT","ENSG00000233936",NA
2.91996212018976,-1.11718867720189,0.477610455688088,-2.33912106382255,0.019329168830268,0.0451410522304882,"ENSG00000233985.2","LINC01681","lncRNA","Down_in_MUT","ENSG00000233985","105371609"
1.61114641223975,-1.22563333443239,0.328137940078369,-3.73511619576716,0.000187628534282285,0.000896403690018093,"ENSG00000234022.1","AC008278.2","lncRNA","Down_in_MUT","ENSG00000234022","105373440"
2.90850943953368,1.00338000930113,0.263118961950916,3.81340820844493,0.000137063446205473,0.00068501632335183,"ENSG00000234026.1","AL157834.2","lncRNA","Up_in_MUT","ENSG00000234026",NA
5.29125469607742,1.49805684180623,0.246201020428451,6.08468981647288,1.16717050699075e-09,2.45699413661177e-08,"ENSG00000234042.1","AL591438.2","processed_pseudogene","Up_in_MUT","ENSG00000234042",NA
32.7644256689884,-1.77245517405274,0.403323874194885,-4.39462002488923,1.10966679888875e-05,7.78819435088819e-05,"ENSG00000234224.3","TMEM229A","protein_coding","Down_in_MUT","ENSG00000234224","730130"
1.77597346286008,1.15580275776754,0.313809158948601,3.683139018759,0.000230379437611779,0.00106829958622508,"ENSG00000234283.1","LINC01731","lncRNA","Up_in_MUT","ENSG00000234283",NA
2.40807745055991,-1.22238863203106,0.248168437241215,-4.92564101067745,8.40842469315792e-07,8.25585038187418e-06,"ENSG00000234425.1","AL138930.1","lncRNA","Down_in_MUT","ENSG00000234425",NA
5.01948281702262,1.38991083402539,0.353710379524004,3.92951667377086,8.51167747427901e-05,0.000453183549586947,"ENSG00000234460.2","AL772337.3","transcribed_unprocessed_pseudogene","Up_in_MUT","ENSG00000234460",NA
4.18454225944449,1.11671299537423,0.268452700840021,4.15981285299012,3.18508467137141e-05,0.00019428102116991,"ENSG00000234476.3","LINC02765","lncRNA","Up_in_MUT","ENSG00000234476",NA
0.852164498479771,-1.58650678468403,0.420388885303781,-3.77390278417467,0.000160713408597574,0.000786683619323188,"ENSG00000234502.2","FYTTD1P1","processed_pseudogene","Down_in_MUT","ENSG00000234502",NA
2.22495902093552,-1.15073952652215,0.261304964334923,-4.40381808072811,1.06362144744378e-05,7.51967150653962e-05,"ENSG00000234521.2","AC005041.2","transcribed_unitary_pseudogene","Down_in_MUT","ENSG00000234521",NA
1.76590259252058,1.14574329004912,0.431746612443608,2.65374008047086,0.00796051190892688,0.021587674730553,"ENSG00000234567.1","AL024497.2","lncRNA","Up_in_MUT","ENSG00000234567",NA
1.6566004408277,-2.03579226312269,0.540658989520496,-3.76539057443253,0.000166288938363878,0.000809623396668982,"ENSG00000234660.2","LINC00440","lncRNA","Down_in_MUT","ENSG00000234660",NA
7.91137635375609,-1.78034129804196,0.264500283413595,-6.73096177843436,1.68545241258074e-11,5.73287661060413e-10,"ENSG00000234692.1","AL355601.1","lncRNA","Down_in_MUT","ENSG00000234692",NA
46.3328800029202,1.09590297168973,0.1302894791321,8.41129290707045,4.05515651826315e-17,4.58304586502003e-15,"ENSG00000234694.1","AL139289.1","lncRNA","Up_in_MUT","ENSG00000234694","105378687"
2.15995049889796,-1.40043333164851,0.337553524007541,-4.14877414112619,3.3426039385048e-05,0.000202417119749357,"ENSG00000234703.1","AF015262.1","lncRNA","Down_in_MUT","ENSG00000234703",NA
242.10033205369,1.94712585961075,0.79521664565201,2.44854766340343,0.0143433451177423,0.035275619434182,"ENSG00000234854.1","LINC00676","lncRNA","Up_in_MUT","ENSG00000234854","101409253"
20.1309253677786,-1.05785841313586,0.206099605850547,-5.1327532081889,2.85534205326792e-07,3.20883662128709e-06,"ENSG00000234997.2","AC016745.1","lncRNA","Down_in_MUT","ENSG00000234997",NA
1.28815455605014,2.03749732496265,0.277374116487416,7.34566494799485,2.04738663310441e-13,1.13878288627698e-11,"ENSG00000235010.1","AL512622.1","lncRNA","Up_in_MUT","ENSG00000235010",NA
0.793738257180696,2.48125904193747,0.48023425132145,5.16676816597284,2.38176387054596e-07,2.72956477231824e-06,"ENSG00000235024.1","AC097468.2","lncRNA","Up_in_MUT","ENSG00000235024","101928537"
87.193065607731,1.53291770250447,0.284687656186947,5.38455977697131,7.26221666925646e-08,9.5444992769432e-07,"ENSG00000235026.6","DPP10-AS1","lncRNA","Up_in_MUT","ENSG00000235026","389023"
12.4736657663306,1.0697543132972,0.257732826138679,4.15063276697859,3.31557374567037e-05,0.000201101264393104,"ENSG00000235034.7","C19orf81","protein_coding","Up_in_MUT","ENSG00000235034","342918"
748.541437929281,2.09248673315403,0.649202490577896,3.22316498091585,0.00126782508525861,0.00457191937213786,"ENSG00000235123.5","DSCAM-AS1","lncRNA","Up_in_MUT","ENSG00000235123","100506492"
76.4639597312719,1.15469215831291,0.277150518847506,4.16629982550472,3.09583483013834e-05,0.000189308042730889,"ENSG00000235142.10","LINC02532","lncRNA","Up_in_MUT","ENSG00000235142","100422737"
3.47089844923072,1.00351349757171,0.378586824674726,2.65068257046165,0.00803292989402682,0.0217497136390207,"ENSG00000235180.1","LINC00601","lncRNA","Up_in_MUT","ENSG00000235180","101101772"
2.39535882699183,-1.47524619903712,0.45947852452674,-3.21069673616762,0.00132413594444706,0.00474387777489571,"ENSG00000235407.1","CYMP-AS1","lncRNA","Down_in_MUT","ENSG00000235407","440602"
2.19205085079795,1.49165132995426,0.311637257073987,4.78649871315009,1.69716026981071e-06,1.52409678667617e-05,"ENSG00000235447.2","TRAPPC13P1","processed_pseudogene","Up_in_MUT","ENSG00000235447","646193"
1.62088448162729,-1.23210642773778,0.278031119830184,-4.43154143496714,9.3561829041078e-06,6.73117167803205e-05,"ENSG00000235538.4","AL078602.1","lncRNA","Down_in_MUT","ENSG00000235538","124901499"
26.3077683332791,-2.97269601516068,0.279172935710189,-10.6482242184345,1.7772289543245e-26,6.99284740781185e-24,"ENSG00000235563.1","AL445183.2","lncRNA","Down_in_MUT","ENSG00000235563",NA
272.769930751746,-1.79209497364357,0.31795592381664,-5.63630000074174,1.73742601652202e-08,2.69719944337911e-07,"ENSG00000235584.3","AC008268.1","lncRNA","Down_in_MUT","ENSG00000235584",NA
31.8890900633238,1.19996414623582,0.403250067666262,2.97573203937795,0.00292290133992216,0.0092923479904897,"ENSG00000235601.1","BARX1-DT","lncRNA","Up_in_MUT","ENSG00000235601","101928040"
24.0070200568577,-1.01737282653594,0.209263520263328,-4.86168265379329,1.16392112817754e-06,1.0987953280849e-05,"ENSG00000235621.9","LINC00494","lncRNA","Down_in_MUT","ENSG00000235621","284749"
1.85881039703062,2.88298160533102,0.689168134836393,4.18327757712627,2.87336203536199e-05,0.000177474653932213,"ENSG00000235661.3","MIR670HG","lncRNA","Up_in_MUT","ENSG00000235661","100507261"
2.50791059422231,1.79766662731765,0.364323864196836,4.93425439280696,8.04575183109813e-07,7.93643319742892e-06,"ENSG00000235743.2","AL139231.1","lncRNA","Up_in_MUT","ENSG00000235743",NA
5.14844064873598,-1.17791700737532,0.233127761259833,-5.05266726283392,4.35682523491265e-07,4.64557969427571e-06,"ENSG00000235806.1","AF241728.1","lncRNA","Down_in_MUT","ENSG00000235806",NA
10.8592803065023,1.25514503098745,0.263912802169011,4.7559080903686,1.97556340899874e-06,1.74075701985621e-05,"ENSG00000235836.1","KIF3AP1","processed_pseudogene","Up_in_MUT","ENSG00000235836","100419880"
2.03358341486611,-1.36217922521129,0.262425298015301,-5.19073136436666,2.09469657719604e-07,2.43827883899982e-06,"ENSG00000235852.1","AC005540.1","lncRNA","Down_in_MUT","ENSG00000235852",NA
49.3913154636414,1.88937495050834,0.236660308118394,7.98348893200605,1.42254073675031e-15,1.21224052997244e-13,"ENSG00000235899.2","LINC01564","lncRNA","Up_in_MUT","ENSG00000235899","101927171"
24.5779546760538,-1.13585944344044,0.162688070088207,-6.98182382288136,2.91372381770218e-12,1.18146681671738e-10,"ENSG00000235904.3","RBMS3-AS3","lncRNA","Down_in_MUT","ENSG00000235904","100873979"
1.21547877978683,1.08091439734642,0.302854594443937,3.56908700470949,0.00035822745329319,0.00156184229328416,"ENSG00000235920.1","THRAP3P3","processed_pseudogene","Up_in_MUT","ENSG00000235920","100421595"
1.40213044476693,1.24961498767427,0.327406286135423,3.81671043162991,0.000135242734973755,0.000677477673724608,"ENSG00000235929.1","TPT1P14","processed_pseudogene","Up_in_MUT","ENSG00000235929",NA
15.5701060388418,1.24028461931085,0.265239886640539,4.67608637230239,2.92401491240646e-06,2.45175688695886e-05,"ENSG00000235939.1","AL138760.1","lncRNA","Up_in_MUT","ENSG00000235939",NA
30.2187918934314,-1.76903434856996,0.208637837896923,-8.47897182218666,2.2719268846978e-17,2.63303933608013e-15,"ENSG00000235947.1","EGOT","lncRNA","Down_in_MUT","ENSG00000235947","100126791"
3.71268581781875,-1.38777626295851,0.339721979007061,-4.08503526034643,4.40701237406605e-05,0.000256962845543101,"ENSG00000235974.1","VN2R19P","unitary_pseudogene","Down_in_MUT","ENSG00000235974",NA
13.7810194360187,-1.35441587190616,0.315825097847235,-4.28849980935112,1.79883953587612e-05,0.000118378721552566,"ENSG00000236028.1","AL354766.2","lncRNA","Down_in_MUT","ENSG00000236028","101927355"
789.520854947732,-1.22954923887126,0.211396749626508,-5.81631099363449,6.01604945284058e-09,1.05061650472045e-07,"ENSG00000236039.3","AC019117.1","lncRNA","Down_in_MUT","ENSG00000236039","101927630"
8.28551742817766,-1.01409940993728,0.233513486323872,-4.34278733062456,1.40686306996612e-05,9.56648877808627e-05,"ENSG00000236064.2","AL109946.1","lncRNA","Down_in_MUT","ENSG00000236064","101928335"
1.92994516173779,-2.09410756542217,0.361237389752992,-5.79703991011031,6.74956331765389e-09,1.16278558106458e-07,"ENSG00000236069.2","AL136987.1","lncRNA","Down_in_MUT","ENSG00000236069",NA
42.1455960052615,1.14782771149663,0.280776312274986,4.08805038500711,4.35013684868872e-05,0.000254022276435008,"ENSG00000236081.1","ELFN1-AS1","lncRNA","Up_in_MUT","ENSG00000236081","101927125"
4.00845854921998,-1.05205954604253,0.216857993289599,-4.85137545581537,1.22608191942836e-06,1.1486318887155e-05,"ENSG00000236114.1","AL450326.2","unprocessed_pseudogene","Down_in_MUT","ENSG00000236114","100130881"
5.31838756679036,1.6676601251495,0.244720770320804,6.81454264369701,9.45641217347795e-12,3.39397874302833e-10,"ENSG00000236138.4","DUX4L26","processed_pseudogene","Up_in_MUT","ENSG00000236138","100996350"
8.56172268031306,-1.98995545723434,0.353926003136968,-5.6225183784087,1.88193538423388e-08,2.88916968357023e-07,"ENSG00000236164.1","AL161618.1","lncRNA","Down_in_MUT","ENSG00000236164",NA
4.56670857758122,-1.01085491399059,0.300872369201641,-3.35974658182429,0.000780139974126328,0.0030225919177462,"ENSG00000236168.1","AL133466.1","unprocessed_pseudogene","Down_in_MUT","ENSG00000236168",NA
22.339309712125,1.9776811935911,0.306540099750787,6.45162311618914,1.10658497899653e-10,3.05086244512097e-09,"ENSG00000236242.1","MYO16-AS1","lncRNA","Up_in_MUT","ENSG00000236242","100885782"
1.5619359190331,-1.73560611066771,0.388277228037871,-4.47001777425491,7.82130971524815e-06,5.78896799662503e-05,"ENSG00000236272.1","SCUBE1-AS2","lncRNA","Down_in_MUT","ENSG00000236272","105373051"
0.92739045562059,-1.04440225808811,0.446791896924366,-2.33755863809882,0.0194101557224107,0.0452969959016585,"ENSG00000236311.6","TLX1NB","lncRNA","Down_in_MUT","ENSG00000236311","100038246"
2.5980398875648,-1.33987715404439,0.272556969901631,-4.91595263378502,8.83517595281885e-07,8.6237224003818e-06,"ENSG00000236319.2","AC105021.1","transcribed_processed_pseudogene","Down_in_MUT","ENSG00000236319","100418888"
40.868897002101,1.27851670117605,0.290490474419957,4.40123451114519,1.07636712671536e-05,7.59293862229865e-05,"ENSG00000236449.2","AC010894.2","lncRNA","Up_in_MUT","ENSG00000236449",NA
8.98165976363732,-1.88006095068732,0.391779383401063,-4.79877459187972,1.59639332597298e-06,1.44706062833006e-05,"ENSG00000236453.5","AC003092.1","lncRNA","Down_in_MUT","ENSG00000236453",NA
1.12855396987123,1.41602329434798,0.42674130674368,3.31822411369825,0.000905917657617487,0.00343720257927702,"ENSG00000236497.2","LINC01744","lncRNA","Up_in_MUT","ENSG00000236497","101927683"
1.10962462610571,1.41500682081756,0.511730430563772,2.76514105142946,0.00568981868391582,0.0163222512398813,"ENSG00000236627.1","AL590302.2","lncRNA","Up_in_MUT","ENSG00000236627",NA
1.1410538260958,-2.04016510584339,0.359374072678171,-5.67699581285712,1.37080826777502e-08,2.18117974549464e-07,"ENSG00000236750.1","AC009237.9","processed_pseudogene","Down_in_MUT","ENSG00000236750",NA
1.68188974685492,-1.13539537984607,0.405310166432172,-2.80130002620122,0.00508971748975117,0.0148765944713738,"ENSG00000236921.1","AL157937.1","lncRNA","Down_in_MUT","ENSG00000236921",NA
5.13628366082022,1.10256202779382,0.248839484929347,4.43081622720312,9.38770691805878e-06,6.75080341122409e-05,"ENSG00000236924.1","AL162411.1","lncRNA","Up_in_MUT","ENSG00000236924","105375968"
1.47143499076386,1.7629098984439,0.380956813422757,4.62758464038169,3.69955052189193e-06,3.0078667011025e-05,"ENSG00000236961.1","AL136131.2","lncRNA","Up_in_MUT","ENSG00000236961",NA
3.2550011005047,-2.23266570356881,0.352530732067797,-6.33325126145155,2.40048163874189e-10,5.98168493419413e-09,"ENSG00000236969.2","GGT8P","unprocessed_pseudogene","Down_in_MUT","ENSG00000236969",NA
50.7515218083689,1.29236625062865,0.216608907187795,5.96635783545228,2.4260792426236e-09,4.70213969070613e-08,"ENSG00000236975.2","LINC02814","lncRNA","Up_in_MUT","ENSG00000236975","105373158"
6.14452323224504,-1.33246918324395,0.235903659192031,-5.64836165665107,1.61984128394868e-08,2.53192553019756e-07,"ENSG00000237009.2","GLIS3-AS1","lncRNA","Down_in_MUT","ENSG00000237009","84850"
18.9352575107972,-1.02538892486724,0.270637765891119,-3.78878727989416,0.000151384466015687,0.000746637931969353,"ENSG00000237074.2","AL596218.1","lncRNA","Down_in_MUT","ENSG00000237074",NA
6.95298615478403,1.13902036080867,0.163292631076532,6.97533228106806,3.05148722479091e-12,1.23262293208252e-10,"ENSG00000237169.1","RPL12P27","processed_pseudogene","Up_in_MUT","ENSG00000237169",NA
3.37805833154243,2.08436051240838,0.480251090351618,4.34014738182544,1.42387184544298e-05,9.66976765099366e-05,"ENSG00000237265.6","BX276092.7","transcribed_unprocessed_pseudogene","Up_in_MUT","ENSG00000237265",NA
2.33640771093462,-1.72190718881683,0.385150489221985,-4.47073867748455,7.794989731008e-06,5.7712430105449e-05,"ENSG00000237336.1","AL445489.1","lncRNA","Down_in_MUT","ENSG00000237336",NA
70.520251451554,1.04456664731348,0.393041904420656,2.6576470232943,0.00786882598769654,0.0213781734765899,"ENSG00000237361.3","TUSC8","lncRNA","Up_in_MUT","ENSG00000237361",NA
2.53589565097102,1.09728899439903,0.225335262216244,4.86958403051014,1.11833418735835e-06,1.06141837061637e-05,"ENSG00000237390.1","AL139130.1","lncRNA","Up_in_MUT","ENSG00000237390",NA
2.95735354106305,-1.0905028453251,0.288494351333424,-3.77997988620845,0.000156841028395609,0.000769856832896422,"ENSG00000237423.3","LINC01522","lncRNA","Down_in_MUT","ENSG00000237423",NA
37.3975733615909,-1.54869985487378,0.267764514776573,-5.78381290054822,7.3026161526289e-09,1.24460791123228e-07,"ENSG00000237463.6","LRRC52-AS1","lncRNA","Down_in_MUT","ENSG00000237463","400794"
10.2918751413321,1.48349377411562,0.342882520490196,4.32653659916748,1.51472161427905e-05,0.000101998082756576,"ENSG00000237515.9","SHISA9","protein_coding","Up_in_MUT","ENSG00000237515","729993"
9.44384426358564,-1.41731808904154,0.247299851897265,-5.73117241344056,9.97388208270381e-09,1.64313055333384e-07,"ENSG00000237548.1","TTLL11-IT1","lncRNA","Down_in_MUT","ENSG00000237548",NA
1.92057044070712,-1.12910085294758,0.2873241954569,-3.92971030912345,8.50482626944934e-05,0.000452894432804711,"ENSG00000237593.1","AL445220.1","processed_pseudogene","Down_in_MUT","ENSG00000237593","100271153"
2.36421239508246,-2.3786882373144,0.438440672252774,-5.42533662557431,5.78454182050543e-08,7.81513914206565e-07,"ENSG00000237606.2","AC091286.1","processed_pseudogene","Down_in_MUT","ENSG00000237606",NA
5.31233163318658,-1.12767954428294,0.39704262464091,-2.8401976873461,0.00450855843184601,0.01343043889909,"ENSG00000237667.7","LINC01115","lncRNA","Down_in_MUT","ENSG00000237667","339822"
5.29160613935892,1.24978258222683,0.194184713933646,6.43605027867378,1.22622429692875e-10,3.35459180836191e-09,"ENSG00000237685.1","AL139039.3","lncRNA","Up_in_MUT","ENSG00000237685",NA
4.33322764373478,1.45782115686034,0.385035994281989,3.78619448184023,0.000152971967997791,0.000753534712837341,"ENSG00000237751.2","LINC01143","lncRNA","Up_in_MUT","ENSG00000237751","104355141"
1.08287916498041,-1.48150848096271,0.383780418528292,-3.86030242669479,0.000113246776098394,0.000581486708721106,"ENSG00000237760.1","AC023669.2","lncRNA","Down_in_MUT","ENSG00000237760",NA
20.7594830129856,1.12859289070147,0.19025201164992,5.9320943884587,2.99094586430944e-09,5.68761549173069e-08,"ENSG00000237813.4","AC002066.1","lncRNA","Up_in_MUT","ENSG00000237813","107986838"
2.02536862471933,1.05519911818729,0.25209449229116,4.18572856787595,2.84252866386923e-05,0.000176047864450401,"ENSG00000237853.6","NFIA-AS1","lncRNA","Up_in_MUT","ENSG00000237853","645030"
2.97300488784344,-1.35391977194296,0.305042932743042,-4.43845644863197,9.0606312760871e-06,6.55851418124397e-05,"ENSG00000237862.2","Z94160.1","lncRNA","Down_in_MUT","ENSG00000237862","100506271"
6.38322437722955,2.6241249181254,0.340356780457664,7.70992402324654,1.25892663024815e-14,9.11892059832698e-13,"ENSG00000237863.3","AL035425.1","lncRNA","Up_in_MUT","ENSG00000237863",NA
5.09124213959127,1.03604154145843,0.197326238986176,5.25039927169043,1.51769879308967e-07,1.83152511300874e-06,"ENSG00000237864.1","LINC00322","lncRNA","Up_in_MUT","ENSG00000237864",NA
4.49621162259625,1.29180002928099,0.197684280700715,6.53466236517168,6.3753198579517e-11,1.88485917618533e-09,"ENSG00000237870.6","AC073130.1","lncRNA","Up_in_MUT","ENSG00000237870","102724434"
5.27884526066834,-1.0074815423956,0.167336344943367,-6.0206976717256,1.73666871623298e-09,3.50534317004821e-08,"ENSG00000237879.1","LINC00398","lncRNA","Down_in_MUT","ENSG00000237879",NA
1.16917478324798,1.69548325063746,0.428280980181807,3.95881052181613,7.53239631414128e-05,0.000408204391987752,"ENSG00000237937.6","LINC02702","lncRNA","Up_in_MUT","ENSG00000237937","101929011"
1.85837867397965,-1.07715023586244,0.273499142185969,-3.93840443978437,8.20252498371545e-05,0.000439144420890299,"ENSG00000238015.2","AC104837.2","processed_pseudogene","Down_in_MUT","ENSG00000238015","100130630"
3.96806818209237,-1.35653170171178,0.247287067107206,-5.48565566966623,4.11938609275169e-08,5.79130807949224e-07,"ENSG00000238099.3","LINC01625","lncRNA","Down_in_MUT","ENSG00000238099","645434"
11.4159237063753,1.30922882000114,0.417080848450354,3.13902885942983,0.00169508752833731,0.00584234179903086,"ENSG00000238117.1","AP000844.2","lncRNA","Up_in_MUT","ENSG00000238117","139355216"
40.2416944018346,1.08586777381305,0.183545591000386,5.91606569187903,3.29733559660231e-09,6.19265661751987e-08,"ENSG00000238120.1","LINC01589","lncRNA","Up_in_MUT","ENSG00000238120","100506737"
0.787868286450819,-1.45934519782173,0.597841475718167,-2.44102367783812,0.0146456944780878,0.0358945654191892,"ENSG00000238125.1","SLC9A3P2","processed_pseudogene","Down_in_MUT","ENSG00000238125","128997"
6.45156973577544,1.0146920186254,0.17089783751229,5.93741871398711,2.89544519205746e-09,5.52248556050649e-08,"ENSG00000238132.2","CASC4P1","processed_pseudogene","Up_in_MUT","ENSG00000238132",NA
236.263837911759,-1.02242594811721,0.15279275457135,-6.69158659378554,2.20763801642732e-11,7.29115349446167e-10,"ENSG00000238164.6","TNFRSF14-AS1","lncRNA","Down_in_MUT","ENSG00000238164",NA
5.76880457840513,-1.24596518066162,0.456346342392409,-2.73030605248113,0.00632755525459441,0.0178244222661462,"ENSG00000238269.9","PAGE2B","protein_coding","Down_in_MUT","ENSG00000238269","389860"
14.0038572081608,2.98643608742477,0.280322378515805,10.6535771536927,1.6779078924864e-26,6.68457530517924e-24,"ENSG00000238840.1","U8","snoRNA","Up_in_MUT","ENSG00000238840",NA
2.36968556830375,-1.31171711300799,0.272833537376965,-4.80775613445072,1.52633795375019e-06,1.38988334068493e-05,"ENSG00000239112.1","SNORD123","snoRNA","Down_in_MUT","ENSG00000239112",NA
4.75444737296141,4.22617639031476,0.478930146752565,8.82420206573084,1.10243013467978e-18,1.57558523867172e-16,"ENSG00000239142.1","U8","snoRNA","Up_in_MUT","ENSG00000239142","124900291"
10.8599893055519,3.8852462733791,0.585363308121434,6.63732458026409,3.19427752056252e-11,1.00697150205587e-09,"ENSG00000239148.1","U8","snoRNA","Up_in_MUT","ENSG00000239148",NA
3.59933920774488,-1.43083592907339,0.322093840991719,-4.44229521641232,8.90043282673514e-06,6.46854372375016e-05,"ENSG00000239268.3","AC092691.1","lncRNA","Down_in_MUT","ENSG00000239268","127138867"
5.64863990354102,2.02040834410685,0.705517295358588,2.86372617283599,0.00418689785719065,0.0126196918485458,"ENSG00000239513.6","LINC01210","lncRNA","Up_in_MUT","ENSG00000239513","100507274"
1.67976893940062,1.38926343415852,0.289208575920305,4.80367302296508,1.55781150544646e-06,1.41530816676408e-05,"ENSG00000239881.1","RPS27P25","transcribed_processed_pseudogene","Up_in_MUT","ENSG00000239881",NA
219.444012252223,-1.18339306756307,0.164924924388423,-7.17534400547005,7.21255952242649e-13,3.4829012808978e-11,"ENSG00000239998.6","LILRA2","protein_coding","Down_in_MUT","ENSG00000239998","11027"
40.6367416675171,1.0197947230643,0.274531096754336,3.71467835564314,0.000203462323646089,0.000959820562007771,"ENSG00000240086.7","AC092969.1","lncRNA","Up_in_MUT","ENSG00000240086","102724019"
1.10738501133553,1.22292857268531,0.479752872669702,2.54908025017136,0.0108007443254508,0.0278143602453493,"ENSG00000240427.1","RPS26P34","processed_pseudogene","Up_in_MUT","ENSG00000240427",NA
77.7647073016182,-2.32935851454567,0.390171262018679,-5.97009247296681,2.3711915239154e-09,4.60525564038439e-08,"ENSG00000240476.1","LINC00973","lncRNA","Down_in_MUT","ENSG00000240476","105374003"
19511.4640515981,-1.53123653462237,0.194899635456944,-7.85653873098517,3.94893796875014e-15,3.11526242579296e-13,"ENSG00000240583.13","AQP1","protein_coding","Down_in_MUT","ENSG00000240583","358"
1.91933617461227,-1.09427257220043,0.295705488914771,-3.70054873251211,0.000215133758414651,0.00100683230755262,"ENSG00000240665.1","LSP1P2","processed_pseudogene","Down_in_MUT","ENSG00000240665","100873967"
3.70733071508669,1.01498982655526,0.406222630998089,2.49860482677057,0.0124683260635703,0.0313290775758475,"ENSG00000240922.1","LSAMP-AS1","lncRNA","Up_in_MUT","ENSG00000240922","101926903"
2.15620204380198,-1.51515566938601,0.48518116478873,-3.12286580631336,0.0017909938701065,0.00612454566890175,"ENSG00000241048.1","AC117386.1","lncRNA","Down_in_MUT","ENSG00000241048",NA
14.5682348985253,1.34434243791032,0.241692847497498,5.56219371747954,2.66404326761968e-08,3.93264117565109e-07,"ENSG00000241186.10","TDGF1","protein_coding","Up_in_MUT","ENSG00000241186","6997"
1.23093771513837,-1.60804067553848,0.688809921194166,-2.3345202007989,0.0195684995659494,0.0456064094820017,"ENSG00000241207.1","AC245047.5","unprocessed_pseudogene","Down_in_MUT","ENSG00000241207","100420551"
34.6715560986195,1.75313029040003,0.176076422059284,9.95664422241475,2.35890821954435e-23,6.89731778578882e-21,"ENSG00000241322.11","CDRT1","protein_coding","Up_in_MUT","ENSG00000241322","374286"
5.58630753633206,-1.78901907239816,0.309777086449569,-5.77518206043755,7.68699219018121e-09,1.30453742328682e-07,"ENSG00000241456.1","AC005996.1","lncRNA","Down_in_MUT","ENSG00000241456",NA
5.3377693172519,1.01486678793759,0.138896651512495,7.30663249895762,2.73920386706642e-13,1.47968078724193e-11,"ENSG00000241520.1","AC098820.1","lncRNA","Up_in_MUT","ENSG00000241520",NA
55.0993141544657,2.197253614891,0.385323153422421,5.70236591124904,1.18155849759518e-08,1.91154572978965e-07,"ENSG00000241635.8","UGT1A1","protein_coding","Up_in_MUT","ENSG00000241635","54658"
25.6932612722926,-1.2733761285821,0.281196629036561,-4.52841889657409,5.94266822146879e-06,4.53107126522564e-05,"ENSG00000241749.4","RPSAP52","transcribed_processed_pseudogene","Down_in_MUT","ENSG00000241749",NA
18.2827902365277,-2.70633954811993,0.429840049452581,-6.29615493383311,3.05119411868414e-10,7.46313183089656e-09,"ENSG00000241794.2","SPRR2A","protein_coding","Down_in_MUT","ENSG00000241794","6700"
2.23833318974201,-1.2394635870265,0.247335697912111,-5.01126039423123,5.40746837388163e-07,5.61555635529428e-06,"ENSG00000241829.1","RPL21P54","processed_pseudogene","Down_in_MUT","ENSG00000241829","100271168"
1.17566507727558,-1.67766321708851,0.333402443996383,-5.0319463678158,4.85525107343036e-07,5.09689416868574e-06,"ENSG00000242034.1","AC097493.1","processed_pseudogene","Down_in_MUT","ENSG00000242034",NA
4.98170685434965,-1.28363414960154,0.296272002835071,-4.33262048832914,1.4734497732353e-05,9.96399697067308e-05,"ENSG00000242512.9","LINC01206","lncRNA","Down_in_MUT","ENSG00000242512","100996490"
19.0714590788773,1.37295106816211,0.575819040438331,2.38434468425528,0.0171095685770565,0.0408005282543485,"ENSG00000242515.5","UGT1A10","protein_coding","Up_in_MUT","ENSG00000242515","54575"
2.43572034199215,-1.52002372824314,0.446639653646094,-3.40324401524718,0.00066590779731318,0.00263314483972312,"ENSG00000242540.3","AC010729.2","lncRNA","Down_in_MUT","ENSG00000242540",NA
3.56630641887847,-1.77332370494628,0.335037763847896,-5.29290693854845,1.20387191050935e-07,1.49294169882659e-06,"ENSG00000242550.6","SERPINB10","protein_coding","Down_in_MUT","ENSG00000242550","5273"
11.4592957259922,1.82894035857406,0.35311539257809,5.17944104679493,2.22551729298165e-07,2.57059732828749e-06,"ENSG00000242575.1","TUBAP13","transcribed_processed_pseudogene","Up_in_MUT","ENSG00000242575","642635"
69.2496029104863,-1.23322353248343,0.191197939814269,-6.44998337158544,1.11862424387976e-10,3.07607189617703e-09,"ENSG00000242640.1","RPS29P11","processed_pseudogene","Down_in_MUT","ENSG00000242640",NA
2.26265253683972,-1.52666673981579,0.307205682495717,-4.96952636882646,6.71166433542274e-07,6.80017809291555e-06,"ENSG00000242686.4","PDE6B-AS1","lncRNA","Down_in_MUT","ENSG00000242686",NA
0.794837731433188,1.71855889642622,0.715836956810204,2.40076861089177,0.016360678224909,0.0393206527189559,"ENSG00000242963.1","AC026336.1","processed_pseudogene","Up_in_MUT","ENSG00000242963","100271562"
0.754015037157637,2.59380319318546,0.589956059708448,4.39660403601466,1.09957669457584e-05,7.72929175845319e-05,"ENSG00000243135.6","UGT1A3","protein_coding","Up_in_MUT","ENSG00000243135",NA
1.67283842322982,-3.05332134290352,0.437224232967764,-6.983422035367,2.8807534513384e-12,1.17107771999497e-10,"ENSG00000243188.1","HNRNPA1P17","unprocessed_pseudogene","Down_in_MUT","ENSG00000243188","100421376"
1.70817175530003,2.43813194378368,0.512856942198782,4.75401957772205,1.9941171500901e-06,1.75545790750007e-05,"ENSG00000243296.1","AC078828.1","lncRNA","Up_in_MUT","ENSG00000243296",NA
1.18334192683339,-1.24333148271421,0.392737767177746,-3.16580575290458,0.00154654031936045,0.00540458185508081,"ENSG00000243349.2","AL358394.2","lncRNA","Down_in_MUT","ENSG00000243349",NA
1.61927536063096,-1.10926302271754,0.302727253838976,-3.66423243580033,0.000248081422733906,0.0011398744435153,"ENSG00000243384.1","AC119424.1","lncRNA","Down_in_MUT","ENSG00000243384",NA
0.925405096773035,-1.95604755360802,0.555997648493109,-3.51808601872579,0.000434671439357759,0.00183683551362651,"ENSG00000243486.1","AC068985.1","lncRNA","Down_in_MUT","ENSG00000243486",NA
2.14402362136882,1.1506085708181,0.20232397295322,5.68696113477436,1.29319872388245e-08,2.07113248888732e-07,"ENSG00000243504.1","RPS23P1","processed_pseudogene","Up_in_MUT","ENSG00000243504","93948"
2.18859567605919,1.04827667373205,0.253075099830568,4.14215651572936,3.44055410599728e-05,0.00020724607808021,"ENSG00000243537.1","KC877373.1","processed_pseudogene","Up_in_MUT","ENSG00000243537","392271"
1.77375459911676,-2.05375261386128,0.439595970477096,-4.67190955283854,2.98412369384374e-06,2.4923219666272e-05,"ENSG00000243543.9","WFDC6","protein_coding","Down_in_MUT","ENSG00000243543","140870"
15.9436947943792,-1.88427150824326,0.392842283625657,-4.7965088962745,1.6145479007835e-06,1.46019455578521e-05,"ENSG00000243550.3","LINC01214","lncRNA","Down_in_MUT","ENSG00000243550","101928022"
205.057291339321,-1.35651882595077,0.189887588535949,-7.14379932048036,9.07859167375431e-13,4.26877332566945e-11,"ENSG00000243710.8","CFAP57","protein_coding","Down_in_MUT","ENSG00000243710","149465"
7.47113204983386,-1.54640266052597,0.226556672595704,-6.82567696112645,8.75116524437369e-12,3.17301919799128e-10,"ENSG00000243902.6","ELFN2","lncRNA","Down_in_MUT","ENSG00000243902","114794"
95.4618312700424,-1.85538397594617,0.256983430219973,-7.21985839459762,5.20417373775383e-13,2.63273366977702e-11,"ENSG00000243910.8","TUBA4B","protein_coding","Down_in_MUT","ENSG00000243910","80086"
1320.3537647883,2.45353341580647,0.260491138260017,9.41887479242152,4.55947752809812e-21,9.25573938203917e-19,"ENSG00000243955.6","GSTA1","protein_coding","Up_in_MUT","ENSG00000243955","2938"
215.902818495231,1.13117720077784,0.297561625468421,3.80148884788872,0.000143829213578545,0.000713682214846926,"ENSG00000244067.3","GSTA2","protein_coding","Up_in_MUT","ENSG00000244067","2939"
18.2103262546377,-3.17877637518613,0.444860217107922,-7.14556225290642,8.96282599481438e-13,4.22565424971493e-11,"ENSG00000244094.2","SPRR2F","protein_coding","Down_in_MUT","ENSG00000244094","6705"
5.6146645433202,2.87562797560076,0.426765423153834,6.73819344207789,1.60367977884467e-11,5.48399981025305e-10,"ENSG00000244122.2","UGT1A7","protein_coding","Up_in_MUT","ENSG00000244122","54577"
1.48008682661914,2.31811138054049,0.465156824834419,4.98350503911376,6.24426868060812e-07,6.39085058187737e-06,"ENSG00000244125.1","AC078882.1","lncRNA","Up_in_MUT","ENSG00000244125",NA
39.0556086078106,1.62805691824688,0.42143960166182,3.86308479750628,0.000111964119991569,0.000575642598524163,"ENSG00000244128.7","LINC01322","lncRNA","Up_in_MUT","ENSG00000244128","103695433"
1.31818359197966,-1.29327557980008,0.300086276404994,-4.30967918724377,1.6349154319497e-05,0.000109058243277948,"ENSG00000244167.1","AC005532.2","processed_pseudogene","Down_in_MUT","ENSG00000244167",NA
0.940682386490935,-1.1123234211731,0.422001317196312,-2.63582926366947,0.00839319514105418,0.0225776099207071,"ENSG00000244247.2","LINC01995","lncRNA","Down_in_MUT","ENSG00000244247",NA
1.78997177059893,1.54709485240075,0.318743786174268,4.85372552974227,1.21163403442513e-06,1.13643285200598e-05,"ENSG00000244301.6","AOX3P","transcribed_unprocessed_pseudogene","Up_in_MUT","ENSG00000244301",NA
1.99893780643761,-1.54911164055399,0.345580561834371,-4.48263534364078,7.37268532387091e-06,5.49263333233029e-05,"ENSG00000244345.1","AC104435.2","lncRNA","Down_in_MUT","ENSG00000244345",NA
3.15376548737273,1.34760535630249,0.271247566791918,4.96817491209525,6.7585987329013e-07,6.84254447955201e-06,"ENSG00000244414.7","CFHR1","protein_coding","Up_in_MUT","ENSG00000244414","3078"
1.4345244966671,-1.35895751822331,0.442047299552841,-3.07423553904295,0.00211042739272403,0.00705046451084984,"ENSG00000244468.1","AC093001.1","lncRNA","Down_in_MUT","ENSG00000244468","128193290"
4.06758632805999,1.16371562377541,0.285064140203867,4.08229398107795,4.45933376810309e-05,0.000259160150479967,"ENSG00000244485.1","RPL18P13","processed_pseudogene","Up_in_MUT","ENSG00000244485","441775"
13.5434931721157,-1.21356827324602,0.260151035414767,-4.66486043890307,3.0882656517105e-06,2.56987244348996e-05,"ENSG00000244503.1","AC108751.5","processed_pseudogene","Down_in_MUT","ENSG00000244503","100421817"
1.84341299419556,1.22999272108845,0.32922231258075,3.73605516420387,0.000186929677325921,0.000893332695464754,"ENSG00000244512.3","RN7SL28P","misc_RNA","Up_in_MUT","ENSG00000244512","106480929"
1.23858707802045,-1.90397161436081,0.46471969119782,-4.09703236256958,4.18480416976513e-05,0.000245578887303599,"ENSG00000244621.1","RPS17P11","processed_pseudogene","Down_in_MUT","ENSG00000244621","100271072"
8.81294999283632,1.53593270002063,0.200191419144038,7.67232035512734,1.68912438043937e-14,1.18177421711485e-12,"ENSG00000244676.5","AL109761.1","lncRNA","Up_in_MUT","ENSG00000244676",NA
6.51971429920534,-1.3750358473341,0.253823983675862,-5.41728101269596,6.05121946328525e-08,8.15813940416092e-07,"ENSG00000244699.1","AC139453.2","unprocessed_pseudogene","Down_in_MUT","ENSG00000244699","122149298"
1.31419931856883,1.26014545744412,0.295560726731679,4.26357544650419,2.01181528611664e-05,0.000130375284635672,"ENSG00000244703.3","CD46P1","unprocessed_pseudogene","Up_in_MUT","ENSG00000244703","4182"
185.905928736187,-1.03169399315769,0.146106606998734,-7.06124120154695,1.65021858169323e-12,7.2372898892157e-11,"ENSG00000245146.7","MALINC1","lncRNA","Down_in_MUT","ENSG00000245146","124900193"
31.8037419964593,-1.45768552537054,0.207368971458325,-7.0294293071878,2.07379989292819e-12,8.77743378320245e-11,"ENSG00000245651.3","AC083805.1","lncRNA","Down_in_MUT","ENSG00000245651","283387"
12.3003958871685,2.28795511627663,0.40490076107609,5.65065649715257,1.5983621250123e-08,2.50080507050894e-07,"ENSG00000245870.4","LINC00682","lncRNA","Up_in_MUT","ENSG00000245870","101927074"
6.32533878706836,-1.58940965238926,0.29495551370999,-5.38864194263553,7.09920821279267e-08,9.36114459867253e-07,"ENSG00000246016.2","LINC01513","lncRNA","Down_in_MUT","ENSG00000246016",NA
96.5674532710566,-1.11780643146471,0.174946862275568,-6.38940542816938,1.6653199175879e-10,4.39002573146765e-09,"ENSG00000246223.9","LINC01550","lncRNA","Down_in_MUT","ENSG00000246223","388011"
49.0222415555929,1.63413366384477,0.242274126555599,6.74497804234063,1.53050168319125e-11,5.25631671820996e-10,"ENSG00000246228.6","CASC8","lncRNA","Up_in_MUT","ENSG00000246228","727677"
12.5069563783641,-2.06295606231542,0.229378350469969,-8.99368252535023,2.39082375175348e-19,3.79094247722065e-17,"ENSG00000246363.3","LINC02458","lncRNA","Down_in_MUT","ENSG00000246363","728084"
4.30593183616588,-1.53703922310307,0.252541884042253,-6.08627447653755,1.1556825221716e-09,2.43441888064316e-08,"ENSG00000247311.3","AC010255.1","lncRNA","Down_in_MUT","ENSG00000247311",NA
68.310716034245,-1.09708593263234,0.165345778272732,-6.63510096292109,3.24280493410207e-11,1.02025109629583e-09,"ENSG00000247317.3","LY6E-DT","lncRNA","Down_in_MUT","ENSG00000247317",NA
5.07903789058977,1.36164278901083,0.500645649969389,2.7197735346229,0.00653266395818087,0.0182906556277943,"ENSG00000247381.3","PLUT","lncRNA","Up_in_MUT","ENSG00000247381",NA
6.74597441341197,1.01426326561994,0.15807619059572,6.4162936986122,1.39631948573588e-10,3.76817090007521e-09,"ENSG00000247675.7","LRP4-AS1","lncRNA","Up_in_MUT","ENSG00000247675","100507401"
0.65161136583574,2.19705737365212,0.544015322269796,4.03859465664558,5.37723939498489e-05,0.000305160250636687,"ENSG00000248114.1","AC114812.3","unprocessed_pseudogene","Up_in_MUT","ENSG00000248114",NA
0.982269136907617,-2.06956561749854,0.55123210325989,-3.75443593589613,0.000173732271465593,0.000839833342011213,"ENSG00000248127.1","AC026774.1","lncRNA","Down_in_MUT","ENSG00000248127",NA
927.659078037861,2.30757394856858,0.285079404089806,8.09449548253455,5.75021766465403e-16,5.22123040427888e-14,"ENSG00000248144.6","ADH1C","protein_coding","Up_in_MUT","ENSG00000248144","126"
8.85271611916645,1.05212148971399,0.227765070164051,4.61932766493206,3.84985484245886e-06,3.11655381468139e-05,"ENSG00000248187.1","AC078850.1","lncRNA","Up_in_MUT","ENSG00000248187","124900778"
1.36801373183519,1.06936502554504,0.280885125413187,3.8071258631869,0.000140591202555836,0.000700012844345735,"ENSG00000248242.1","AC004053.1","lncRNA","Up_in_MUT","ENSG00000248242",NA
31.5200478004055,-1.03502821018685,0.145378970469636,-7.11951809015615,1.08305072352467e-12,5.03176524919164e-11,"ENSG00000248309.7","MEF2C-AS1","lncRNA","Down_in_MUT","ENSG00000248309","101929423"
3.0267483976515,2.41802669278471,0.397567150548242,6.08205856406968,1.18649211458254e-09,2.49108630987221e-08,"ENSG00000248373.6","AC096577.1","lncRNA","Up_in_MUT","ENSG00000248373",NA
2.32708684933457,-1.63506996110599,0.354053910430876,-4.61813840473093,3.87197975889742e-06,3.13207783999542e-05,"ENSG00000248374.1","AC073358.1","unprocessed_pseudogene","Down_in_MUT","ENSG00000248374",NA
8.70446662259868,-1.51180857435367,0.247901810185413,-6.09841684182518,1.07124101004445e-09,2.28677308982763e-08,"ENSG00000248399.1","AL645924.1","lncRNA","Down_in_MUT","ENSG00000248399",NA
13.3586311360318,-1.07309707319711,0.24280001103939,-4.41967472984594,9.88495704969889e-06,7.05426480364876e-05,"ENSG00000248409.2","AP000344.2","unprocessed_pseudogene","Down_in_MUT","ENSG00000248409",NA
20.130958676208,2.08558536007971,0.547871947942739,3.8067022192158,0.000140832145505093,0.000701102984909842,"ENSG00000248498.4","ASNSP1","transcribed_unprocessed_pseudogene","Up_in_MUT","ENSG00000248498",NA
0.872274544383724,2.89302146189968,0.678252610146668,4.26540409667436,1.99540713741269e-05,0.000129496275456078,"ENSG00000248517.1","LINC02437","lncRNA","Up_in_MUT","ENSG00000248517",NA
14.8314782166181,-1.14985877519658,0.28211237445967,-4.07588918209952,4.5838846505755e-05,0.000265430573580108,"ENSG00000248545.3","AC105290.1","lncRNA","Down_in_MUT","ENSG00000248545",NA
1.31309259913342,-1.50657434826444,0.432241208013554,-3.48549448857083,0.000491228342515341,0.00203726346141469,"ENSG00000248547.2","AC021146.2","processed_pseudogene","Down_in_MUT","ENSG00000248547",NA
6.93821492541218,-1.07925108276115,0.221791194568229,-4.86606821728057,1.13840238121382e-06,1.07789727545056e-05,"ENSG00000248587.8","GDNF-AS1","lncRNA","Down_in_MUT","ENSG00000248587","101929745"
1.21419056896397,2.60431729040868,0.379931703881992,6.8546985255476,7.14630648387764e-12,2.64222661192186e-10,"ENSG00000248607.1","AC117422.1","lncRNA","Up_in_MUT","ENSG00000248607","124909425"
69.1839449535903,-2.62522989326536,0.232954082234872,-11.2693019503239,1.86038944331733e-29,1.11872588581069e-26,"ENSG00000248608.2","AC133963.1","processed_pseudogene","Down_in_MUT","ENSG00000248608","645433"
1.57919207532318,-2.35741456914542,0.700267858183773,-3.36644691255665,0.000761432367069237,0.00295946475254435,"ENSG00000248635.1","AC147055.1","unprocessed_pseudogene","Down_in_MUT","ENSG00000248635",NA
10.9551071888183,-1.03899788680998,0.242804045828538,-4.27916216661273,1.87598146943119e-05,0.00012274564855726,"ENSG00000248673.2","LINC01331","lncRNA","Down_in_MUT","ENSG00000248673","104310351"
1.29169592855003,2.08903102389899,0.429668625115116,4.86195849962119,1.16229994465311e-06,1.0975899714382e-05,"ENSG00000248705.1","AC114812.4","unprocessed_pseudogene","Up_in_MUT","ENSG00000248705",NA
44.6209034173872,-1.46059193112668,0.274016780738464,-5.33030103919347,9.8050099283749e-08,1.24848370526263e-06,"ENSG00000248713.1","C4orf54","protein_coding","Down_in_MUT","ENSG00000248713","285556"
4.87470517437947,2.27963415179727,0.314842177799021,7.240561502063,4.46830903719244e-13,2.29692705361871e-11,"ENSG00000248802.1","AC078850.2","lncRNA","Up_in_MUT","ENSG00000248802",NA
1.0009566459163,3.30760097352163,0.758074204859866,4.36316254044425,1.28195623765886e-05,8.83208544107772e-05,"ENSG00000248807.1","KRTAP9-12P","unprocessed_pseudogene","Up_in_MUT","ENSG00000248807",NA
42.105963977309,-1.27266100904547,0.231055425872883,-5.50803342634178,3.6286451627509e-08,5.18603363148134e-07,"ENSG00000248810.2","LINC02432","lncRNA","Down_in_MUT","ENSG00000248810","100507639"
8.07624717590463,1.26851316685608,0.221510357257122,5.72665397033164,1.02430797312202e-08,1.67930655408291e-07,"ENSG00000248846.3","LINC02065","lncRNA","Up_in_MUT","ENSG00000248846",NA
165.646865627266,-1.60067844370977,0.204758123582765,-7.81741117618106,5.39207512285701e-15,4.19148356684331e-13,"ENSG00000248890.2","HHIP-AS1","lncRNA","Down_in_MUT","ENSG00000248890","646576"
1.29514518643918,-1.64429104735761,0.494647235722012,-3.32416908174472,0.000886824110476082,0.00337641515051764,"ENSG00000248942.3","LINC01335","lncRNA","Down_in_MUT","ENSG00000248942",NA
1.85104437583095,1.42301677180056,0.367903936175437,3.86790309066438,0.000109775271843344,0.000565483705983388,"ENSG00000248965.1","AC011389.1","lncRNA","Up_in_MUT","ENSG00000248965",NA
1.48443996788896,1.87864380112125,0.256922087148857,7.31211482036881,2.62970245013952e-13,1.42536133993872e-11,"ENSG00000249084.1","AC027627.1","lncRNA","Up_in_MUT","ENSG00000249084",NA
4.99331201572107,1.85251083758123,0.535390620871909,3.46011074038677,0.000539953280548089,0.0022082447073461,"ENSG00000249091.1","AC093903.1","lncRNA","Up_in_MUT","ENSG00000249091",NA
1.21286815350113,-1.42094696942917,0.315600010447236,-4.5023666742455,6.72009114904839e-06,5.05967458094309e-05,"ENSG00000249131.2","PSD2-AS1","lncRNA","Down_in_MUT","ENSG00000249131","101929696"
70.9230765567129,2.76350219954034,0.420224001358923,6.57625978193466,4.82429384376141e-11,1.4685297907786e-09,"ENSG00000249199.2","AC026785.3","lncRNA","Up_in_MUT","ENSG00000249199",NA
2.65807914690972,1.02063685524589,0.223480762019399,4.56700096251372,4.94751740132875e-06,3.86855562065134e-05,"ENSG00000249295.1","AC145146.1","lncRNA","Up_in_MUT","ENSG00000249295","101928924"
58.3707989358154,-1.49405244811343,0.217620835002017,-6.86539249837719,6.63086833468771e-12,2.46595571405872e-10,"ENSG00000249307.7","LINC01088","lncRNA","Down_in_MUT","ENSG00000249307",NA
2.12263870795496,-2.2748985227092,0.334166048519785,-6.80768897015733,9.91789928464725e-12,3.55161087753924e-10,"ENSG00000249320.1","AC133963.2","processed_pseudogene","Down_in_MUT","ENSG00000249320",NA
7.4352518245975,1.06236338302192,0.208168866033489,5.10337306084481,3.33652344514359e-07,3.67952729135541e-06,"ENSG00000249335.2","AC093523.1","lncRNA","Up_in_MUT","ENSG00000249335",NA
29.0886232067316,1.08295512105285,0.153280390646887,7.06519024698769,1.60396091409999e-12,7.07919551813137e-11,"ENSG00000249352.4","LINC02198","lncRNA","Up_in_MUT","ENSG00000249352",NA
9.1367043594828,1.36144001778093,0.315496102161235,4.31523561925075,1.59432759256975e-05,0.000106592856519384,"ENSG00000249378.6","LINC01060","lncRNA","Up_in_MUT","ENSG00000249378",NA
28.4924377377849,1.21517477859864,0.237242190716054,5.12208547278608,3.0217485333883e-07,3.37126164218099e-06,"ENSG00000249379.2","AL033397.2","lncRNA","Up_in_MUT","ENSG00000249379","105375095"
8.54060950214854,-1.16525704747521,0.20447965342807,-5.6986454541557,1.20763074868657e-08,1.94976694991843e-07,"ENSG00000249406.3","AC015909.1","lncRNA","Down_in_MUT","ENSG00000249406",NA
0.536576761427615,1.62241335754646,0.557967820546775,2.90771850598229,0.00364075896325787,0.0111959310032798,"ENSG00000249410.1","AK4P2","processed_pseudogene","Up_in_MUT","ENSG00000249410",NA
3.20112620547044,-1.45568378975395,0.286791751734328,-5.07575193829993,3.85966566886497e-07,4.18121701333771e-06,"ENSG00000249481.7","SPATS1","protein_coding","Down_in_MUT","ENSG00000249481","221409"
1.10318043012408,-1.26338905862819,0.376129380037686,-3.35892149265662,0.000782472934049664,0.00303052556581563,"ENSG00000249577.1","AC010424.1","processed_pseudogene","Down_in_MUT","ENSG00000249577",NA
1.10811261752751,-1.50260113022284,0.341430925958855,-4.40089346330601,1.07806049492822e-05,7.60151903403919e-05,"ENSG00000249601.2","LINC01187","lncRNA","Down_in_MUT","ENSG00000249601",NA
4.21999529017453,-1.46746699058805,0.282567802545178,-5.19332697274816,2.06568923218399e-07,2.41013776994527e-06,"ENSG00000249610.1","ZNF474-AS1","lncRNA","Down_in_MUT","ENSG00000249610",NA
7.63966710644287,-1.94666552082423,0.373753284093617,-5.20842385517777,1.90451477175072e-07,2.24063456221732e-06,"ENSG00000249621.1","AC113349.1","lncRNA","Down_in_MUT","ENSG00000249621","139281641"
670.006874223867,3.24321055591371,0.298010712712983,10.882865674152,1.39119322534709e-27,6.07379716233386e-25,"ENSG00000249628.3","LINC00942","lncRNA","Up_in_MUT","ENSG00000249628","100292680"
10.9295668696662,-1.10785866701293,0.217147017682403,-5.10188294933561,3.36290727431395e-07,3.7073406343708e-06,"ENSG00000249631.6","AC005699.1","lncRNA","Down_in_MUT","ENSG00000249631","107986178"
1.27206168066797,1.46449892064796,0.340091097324329,4.30619599327922,1.66085915065275e-05,0.000110530887430473,"ENSG00000249699.1","LINC02261","lncRNA","Up_in_MUT","ENSG00000249699","101929199"
61.5132686076062,-1.37101670682089,0.191346880213246,-7.16508523835331,7.77381697248457e-13,3.72447385291873e-11,"ENSG00000249715.12","FER1L5","protein_coding","Down_in_MUT","ENSG00000249715","90342"
25.1916336346318,-3.96347067520261,0.398496708554844,-9.94605624115747,2.62375658032959e-23,7.4662273189004e-21,"ENSG00000249743.6","AC116345.1","lncRNA","Down_in_MUT","ENSG00000249743",NA
3.23997096691482,1.47575860944434,0.567171168991278,2.60196337565782,0.00926917504450223,0.0245119380885604,"ENSG00000249803.6","AC112178.1","lncRNA","Up_in_MUT","ENSG00000249803","105379191"
3.01170771926888,-1.13275094083081,0.242653270937843,-4.66818739534307,3.0386868202885e-06,2.53457177831497e-05,"ENSG00000249806.1","AC139720.1","lncRNA","Down_in_MUT","ENSG00000249806",NA
2.2169040585198,1.39052329705654,0.441751725531187,3.1477484222263,0.00164533232313664,0.00569363588172507,"ENSG00000249815.1","AC004704.1","lncRNA","Up_in_MUT","ENSG00000249815","123464519"
26.5516824167849,-1.173069170553,0.177983382949083,-6.59089152659037,4.37193235342033e-11,1.34496000034613e-09,"ENSG00000249825.6","THBS4-AS1","lncRNA","Down_in_MUT","ENSG00000249825","101929215"
2.43475274009707,-1.00954589825165,0.237756837744248,-4.24612771531564,2.17496686221412e-05,0.000139462878091851,"ENSG00000249835.2","VCAN-AS1","lncRNA","Down_in_MUT","ENSG00000249835","105379054"
96.8925616989983,-2.4414704967103,0.275471131392178,-8.8628905844746,7.79660894511981e-19,1.13984276921979e-16,"ENSG00000249853.8","HS3ST5","protein_coding","Down_in_MUT","ENSG00000249853","222537"
21.2591699249326,1.73266389578041,0.198188762302962,8.7424931446505,2.28021720591563e-18,3.1324483866266e-16,"ENSG00000249896.2","LINC02495","transcribed_unprocessed_pseudogene","Up_in_MUT","ENSG00000249896",NA
6.84608968680442,-1.49156796577488,0.229370651020242,-6.50287191992685,7.88008864417112e-11,2.26461952370043e-09,"ENSG00000249923.1","AC007663.2","lncRNA","Down_in_MUT","ENSG00000249923","284865"
7.72862199949992,1.74008560253537,0.306784508555464,5.6720126147464,1.41129581749783e-08,2.24112650719848e-07,"ENSG00000249937.8","LINC02223","lncRNA","Up_in_MUT","ENSG00000249937","646241"
6.20092755887104,-2.81196262049516,0.385780199487792,-7.28902785635099,3.12199503694511e-13,1.66112026414821e-11,"ENSG00000249942.1","AC239584.1","lncRNA","Down_in_MUT","ENSG00000249942",NA
19.2906420636451,-1.67937204921032,0.270413263804515,-6.21039081287211,5.2852989781852e-10,1.21272688073247e-08,"ENSG00000249948.6","GBA3","polymorphic_pseudogene","Down_in_MUT","ENSG00000249948","57733"
22.1187178164771,1.37295234754572,0.236716219315989,5.79999271496048,6.63178005977355e-09,1.14621183451759e-07,"ENSG00000250033.5","SLC7A11-AS1","lncRNA","Up_in_MUT","ENSG00000250033","641364"
153.004509883418,-1.20044410849611,0.207714225941543,-5.77930617440689,7.50093132840461e-09,1.27567866791667e-07,"ENSG00000250056.8","LINC01018","lncRNA","Down_in_MUT","ENSG00000250056","255167"
1.55584292200205,1.1882033227575,0.265393039613402,4.47714576270859,7.56476022097842e-06,5.61996440565975e-05,"ENSG00000250066.1","AC093248.1","lncRNA","Up_in_MUT","ENSG00000250066",NA
238.251297246066,1.61664152391219,0.231120156770095,6.9948097409796,2.65619138034708e-12,1.08671983932018e-10,"ENSG00000250208.6","FZD10-AS1","lncRNA","Up_in_MUT","ENSG00000250208","440119"
6.10422175112096,1.55042164221842,0.289117747995739,5.36259587301874,8.20344022142514e-08,1.05979668948942e-06,"ENSG00000250244.5","AC010307.4","lncRNA","Up_in_MUT","ENSG00000250244","124901067"
44.2823921890634,-1.61524990483214,0.2838873882337,-5.68975576858822,1.27221200630335e-08,2.04368290589184e-07,"ENSG00000250266.2","LINC01612","lncRNA","Down_in_MUT","ENSG00000250266","101928223"
7.78804851884186,1.93751085648624,0.399745828068737,4.8468569787127,1.25432784801243e-06,1.16993511395973e-05,"ENSG00000250271.2","AC068647.2","transcribed_unprocessed_pseudogene","Up_in_MUT","ENSG00000250271",NA
7.14701629529368,2.06126805657073,0.539075579412731,3.82370883655364,0.000131459145713954,0.000661258591074721,"ENSG00000250284.3","AC109439.1","lncRNA","Up_in_MUT","ENSG00000250284",NA
1.81534917765115,1.60652585263282,0.427196832417621,3.76062210841092,0.000169491313281436,0.000822576160437435,"ENSG00000250387.3","LINC02197","lncRNA","Up_in_MUT","ENSG00000250387",NA
1.30753076885329,-1.31896709654158,0.415608049470013,-3.17358409738103,0.0015056927508507,0.00528617907714943,"ENSG00000250431.1","AC105914.2","lncRNA","Down_in_MUT","ENSG00000250431",NA
22.6635423629751,1.07477453246774,0.381249498497786,2.81908444916676,0.00481608455019377,0.0142110388574415,"ENSG00000250546.6","AC079160.1","lncRNA","Up_in_MUT","ENSG00000250546","101928978"
9.37281851838051,-1.00144822945085,0.250051476680092,-4.00496826792216,6.20258068148162e-05,0.000344875172539254,"ENSG00000250584.3","LINC01511","lncRNA","Down_in_MUT","ENSG00000250584","100506791"
10.6271739829132,-1.55616077711378,0.227616542821927,-6.83676484064351,8.10015410526084e-12,2.97290298532263e-10,"ENSG00000250596.2","AC096751.1","transcribed_processed_pseudogene","Down_in_MUT","ENSG00000250596","100419741"
4.77763255612325,-1.20305296107678,0.285100649404903,-4.21974823132792,2.44575296444954e-05,0.00015472130355294,"ENSG00000250686.2","KHDRBS2-OT1","lncRNA","Down_in_MUT","ENSG00000250686",NA
2.35025379876803,1.40198330165388,0.498870072572143,2.81031751298557,0.00494926469474407,0.0145412658314139,"ENSG00000250708.2","LINC02269","lncRNA","Up_in_MUT","ENSG00000250708","101928478"
10.7844636036089,-2.22001867952438,0.356875833688889,-6.22070330898255,4.94931278427407e-10,1.14553048473202e-08,"ENSG00000250748.6","AC025419.1","lncRNA","Down_in_MUT","ENSG00000250748","105369187"
3.34620193290231,-1.09918809725009,0.20910631198459,-5.2565993193505,1.46743542934373e-07,1.77895148606367e-06,"ENSG00000250777.2","AC131956.2","lncRNA","Down_in_MUT","ENSG00000250777",NA
1.78321397379763,2.72550916958859,0.344834462203872,7.90381898656411,2.70485738388792e-15,2.18244328308587e-13,"ENSG00000250822.1","LINC02111","lncRNA","Up_in_MUT","ENSG00000250822","401177"
6.98939208119784,-1.48483204892704,0.256031931320821,-5.79940182174571,6.65518883105601e-09,1.14963427227418e-07,"ENSG00000250942.1","ENPP7P11","processed_pseudogene","Down_in_MUT","ENSG00000250942","100421806"
2.43261365666517,-1.18881413909255,0.270504625232992,-4.39480152351775,1.10874008873973e-05,7.78511905006035e-05,"ENSG00000250961.2","AC025470.2","lncRNA","Down_in_MUT","ENSG00000250961",NA
4.83600337625083,-1.88879683455882,0.553210985662696,-3.41424317938338,0.000639594608649077,0.00254583736383848,"ENSG00000250974.4","LINC02196","lncRNA","Down_in_MUT","ENSG00000250974","105374642"
4.86299855464687,1.17785876375825,0.302905142050859,3.88854000887342,0.000100849047642133,0.000524076308071484,"ENSG00000250979.1","AC022905.1","unprocessed_pseudogene","Up_in_MUT","ENSG00000250979",NA
2.21940224691214,-1.51740381014866,0.394495989884992,-3.84643659011851,0.00011984812885816,0.000610075022334839,"ENSG00000251061.2","LINC02512","lncRNA","Down_in_MUT","ENSG00000251061",NA
26.1795764391604,1.16520429529864,0.320920993888734,3.63081355688006,0.000282529231092833,0.00127452075359656,"ENSG00000251095.7","AC093866.1","lncRNA","Up_in_MUT","ENSG00000251095","105377329"
24.190460121028,1.94423675090215,0.476027276398888,4.08429694535607,4.42104662943947e-05,0.000257451447335767,"ENSG00000251129.2","LINC02506","lncRNA","Up_in_MUT","ENSG00000251129","102723828"
15.4893971629853,-1.40908703905692,0.214469767329512,-6.57009636650557,5.02827090728402e-11,1.52211204228849e-09,"ENSG00000251152.1","AC025539.1","lncRNA","Down_in_MUT","ENSG00000251152",NA
5.07321211416364,-1.23152318688431,0.210084167597418,-5.86204663096869,4.57196581069359e-09,8.24635666964434e-08,"ENSG00000251244.2","AC107208.1","lncRNA","Down_in_MUT","ENSG00000251244",NA
3.62583222181777,-1.246534697421,0.301630394467842,-4.13265612578676,3.58595024929941e-05,0.000214947941311683,"ENSG00000251361.1","AC012625.1","lncRNA","Down_in_MUT","ENSG00000251361",NA
34.8833622288616,1.27795773347676,0.34877900982987,3.66409014722571,0.000248219357679162,0.00114007769831281,"ENSG00000251363.3","LINC02315","lncRNA","Up_in_MUT","ENSG00000251363",NA
213.962483553921,-1.64615223766273,0.221747560885957,-7.42354157622201,1.14029351325371e-13,6.76765261841879e-12,"ENSG00000251532.1","AC091849.2","lncRNA","Down_in_MUT","ENSG00000251532",NA
7.53332806158231,1.57350676595512,0.208081713483625,7.56196563173223,3.97023299345494e-14,2.59293638800005e-12,"ENSG00000251537.4","AC005324.2","protein_coding","Up_in_MUT","ENSG00000251537",NA
2.35277394216573,1.31084014307017,0.484216873853599,2.7071343727408,0.00678667816000395,0.0188807803454509,"ENSG00000251574.8","AC099520.1","lncRNA","Up_in_MUT","ENSG00000251574","105379109"
15.8393751346271,-1.07188759720731,0.231793299718767,-4.62432520054645,3.75819855997463e-06,3.05010303806854e-05,"ENSG00000251576.1","LINC01267","lncRNA","Down_in_MUT","ENSG00000251576","101927565"
9.64200790822367,-1.57802189893111,0.229528701675864,-6.87505260740575,6.19669868134473e-12,2.32620711040209e-10,"ENSG00000251584.2","AC096751.2","lncRNA","Down_in_MUT","ENSG00000251584",NA
4.32757509666693,-1.35407526554427,0.489119159001045,-2.76839547301679,0.00563330526488592,0.0161848978722779,"ENSG00000251604.1","LINC01385","lncRNA","Down_in_MUT","ENSG00000251604",NA
2.24400753748248,-1.2044423043698,0.355598820195674,-3.38708183482454,0.000706403134117149,0.00277194955521394,"ENSG00000251623.2","AC139491.5","transcribed_processed_pseudogene","Down_in_MUT","ENSG00000251623",NA
1.31152348477414,1.43678848875517,0.374233457134984,3.83928390517188,0.000123393680064363,0.00062542620504633,"ENSG00000251630.1","AC119751.6","processed_pseudogene","Up_in_MUT","ENSG00000251630",NA
2.79613163556492,-3.43952715888636,0.893932582043268,-3.84763597163514,0.000119263087828832,0.000608068128650251,"ENSG00000251655.6","PRB1","protein_coding","Down_in_MUT","ENSG00000251655","5542"
3.00018895648049,-1.66969625662075,0.282594846052894,-5.90844553586878,3.45350951627215e-09,6.43665507562045e-08,"ENSG00000251814.1","RN7SKP18","misc_RNA","Down_in_MUT","ENSG00000251814","106480838"
7.69332931727292,1.03754496052213,0.196425497471684,5.28212973303886,1.27690721766311e-07,1.56946818103127e-06,"ENSG00000251985.1","RNU6-1161P","snRNA","Up_in_MUT","ENSG00000251985","106480077"
1.69846344845419,-1.1538669805937,0.351680241040518,-3.28101168601269,0.00103435458589268,0.00385025870205392,"ENSG00000252761.1","Y_RNA","misc_RNA","Down_in_MUT","ENSG00000252761",NA
1.29069861488028,1.20396442427392,0.324264672150593,3.71290654726267,0.00020489255915505,0.000965424416444502,"ENSG00000252845.1","RNA5SP101","rRNA_pseudogene","Up_in_MUT","ENSG00000252845","100873372"
2.91004957157242,-1.02517141251761,0.241901279292697,-4.23797433198841,2.25545547479988e-05,0.000143882348753697,"ENSG00000253105.6","AP003548.1","lncRNA","Down_in_MUT","ENSG00000253105",NA
2.27729490155415,1.0173335647977,0.284601820279128,3.57458558697879,0.000350783055568373,0.00153589871740893,"ENSG00000253130.2","AC114550.1","lncRNA","Up_in_MUT","ENSG00000253130","105379224"
2.69388808799205,1.27582878386713,0.315220302700052,4.04741944899768,5.17853943153658e-05,0.000295198050836169,"ENSG00000253182.1","AC084026.1","lncRNA","Up_in_MUT","ENSG00000253182",NA
4.80909820748926,-1.00138455406848,0.236524579669202,-4.23374414392364,2.29832415330976e-05,0.000146324189153286,"ENSG00000253223.1","AC110998.1","processed_pseudogene","Down_in_MUT","ENSG00000253223","100288001"
30.7190855804999,1.38600332540922,0.296269927910756,4.67817754971985,2.89435879028813e-06,2.42944716895636e-05,"ENSG00000253227.2","AC090192.2","lncRNA","Up_in_MUT","ENSG00000253227",NA
5.56916440783301,2.51022805943644,0.399029690293874,6.29083028279858,3.15772423805993e-10,7.6587229647571e-09,"ENSG00000253270.1","AC090541.1","lncRNA","Up_in_MUT","ENSG00000253270","124901899"
60.5919964032276,-1.47925085503319,0.294253418769404,-5.02713226313414,4.97868981104545e-07,5.21616775042174e-06,"ENSG00000253288.2","AC046195.1","lncRNA","Down_in_MUT","ENSG00000253288",NA
12.183229956943,1.07704443252185,0.221772207626209,4.85653474820063,1.19457826361601e-06,1.12307975928336e-05,"ENSG00000253315.1","LINC01932","lncRNA","Up_in_MUT","ENSG00000253315","105377682"
21.1724994980287,1.06280926926998,0.326414061440261,3.2560155790485,0.00112987551737455,0.00414530477889308,"ENSG00000253361.3","AC069120.1","lncRNA","Up_in_MUT","ENSG00000253361",NA
3.94568154540056,-1.25997030333462,0.451646832490242,-2.78972465363596,0.00527528841173264,0.0153335067261623,"ENSG00000253376.2","AC012103.1","lncRNA","Down_in_MUT","ENSG00000253376",NA
8.58291847739797,1.6564602657052,0.28254233329355,5.8626976226752,4.5540709560695e-09,8.2187313386688e-08,"ENSG00000253394.6","LINC00534","lncRNA","Up_in_MUT","ENSG00000253394",NA
7.06556288502534,-1.45094021735458,0.22412653373064,-6.47375477237493,9.5597008566553e-11,2.67495369624636e-09,"ENSG00000253408.6","AC083973.1","lncRNA","Down_in_MUT","ENSG00000253408","101929897"
3.28496440106807,-1.24808535264723,0.473656297604804,-2.63500212909355,0.00841367554000671,0.0226269726719732,"ENSG00000253452.6","AC124290.1","lncRNA","Down_in_MUT","ENSG00000253452","124902062"
1.62295946329536,-1.1944478479997,0.395041958337703,-3.02359742500726,0.00249788586686822,0.00811437370940343,"ENSG00000253467.2","IGHV7-40","IG_V_pseudogene","Down_in_MUT","ENSG00000253467",NA
0.897372600119015,-1.45316393397698,0.512627500734406,-2.83473659118001,0.00458634838903884,0.0136277745205162,"ENSG00000253474.2","AC044893.1","lncRNA","Down_in_MUT","ENSG00000253474","105375826"
6.08568394776284,1.34139624015809,0.425749421610985,3.15067072805972,0.00162896020787154,0.00564372114197998,"ENSG00000253477.5","AC012213.1","lncRNA","Up_in_MUT","ENSG00000253477",NA
35.5796703639223,-1.08974471412362,0.23712591234559,-4.595637411973,4.31428361978085e-06,3.43150819181521e-05,"ENSG00000253481.2","IGKV1OR22-1","IG_V_pseudogene","Down_in_MUT","ENSG00000253481",NA
1.26532049082924,1.19748076029922,0.399837706382901,2.99491704054662,0.00274519494135651,0.00879936719058367,"ENSG00000253488.1","SINHCAFP3","processed_pseudogene","Up_in_MUT","ENSG00000253488","646721"
1.29226530306614,-1.32049655029104,0.432711574087476,-3.05167836815036,0.00227565797748449,0.00750180961940507,"ENSG00000253507.5","AC104257.1","lncRNA","Down_in_MUT","ENSG00000253507",NA
0.97558989988796,-1.486334568137,0.340507934391158,-4.36505120150761,1.27092985803295e-05,8.76938850516741e-05,"ENSG00000253521.2","HPYR1","lncRNA","Down_in_MUT","ENSG00000253521","93668"
87.1326583317019,-1.0487232361268,0.166954468310798,-6.28149247359181,3.35338037852732e-10,8.06608196558823e-09,"ENSG00000253522.6","MIR3142HG","lncRNA","Down_in_MUT","ENSG00000253522","107075116"
3.51796356690377,1.99474525155779,0.615776060556689,3.23940045631922,0.00119781269019438,0.00435842998620678,"ENSG00000253554.7","LINC01414","lncRNA","Up_in_MUT","ENSG00000253554","102724623"
14.5419974422333,-2.25926049443748,0.313535945706618,-7.20574634383871,5.77267771019136e-13,2.87021858504694e-11,"ENSG00000253593.2","AC110741.1","lncRNA","Down_in_MUT","ENSG00000253593","101927822"
2.75026904329785,-1.08230852110354,0.355856090900051,-3.04142193650839,0.00235463613247398,0.00772063870144837,"ENSG00000253631.1","IGLV7-35","IG_V_pseudogene","Down_in_MUT","ENSG00000253631",NA
131.205617183569,1.86825366419088,0.164174559264192,11.3796782678397,5.2794137157419e-30,3.3652038906882e-27,"ENSG00000253686.2","LINC01484","lncRNA","Up_in_MUT","ENSG00000253686","101928136"
1.86391482661428,-1.02360628882225,0.296627827631396,-3.45081005041184,0.000558906781734515,0.00227263562651961,"ENSG00000253752.1","IGLVI-63","IG_V_pseudogene","Down_in_MUT","ENSG00000253752","28765"
5.82235007981452,-1.38833353442258,0.250874428270896,-5.53397787088706,3.13048487173388e-08,4.54126915553166e-07,"ENSG00000253821.2","AC090796.1","lncRNA","Down_in_MUT","ENSG00000253821",NA
4.84709926929232,-1.07994672143967,0.205532186250242,-5.25439222509314,1.48514081079573e-07,1.79699782767163e-06,"ENSG00000253842.2","AP003472.2","lncRNA","Down_in_MUT","ENSG00000253842",NA
19.674942781231,-1.57963647748983,0.687142160356584,-2.29884959565004,0.0215134814242939,0.0493953005167978,"ENSG00000253898.1","LINC01419","lncRNA","Down_in_MUT","ENSG00000253898","103352670"
2.15731335150508,-1.1012255000601,0.31390601751302,-3.50813759094128,0.000451255598116016,0.00189810837634361,"ENSG00000253939.1","AC007991.3","lncRNA","Down_in_MUT","ENSG00000253939",NA
14.3358087787086,-1.15117103342101,0.142237086206107,-8.09332547597974,5.80574579486239e-16,5.25667398375168e-14,"ENSG00000253955.2","AC008663.2","lncRNA","Down_in_MUT","ENSG00000253955","285593"
171.807749473156,-1.46075959682546,0.306740311740845,-4.7622028827421,1.91491016814254e-06,1.69480982973816e-05,"ENSG00000253998.3","IGKV2-29","IG_V_pseudogene","Down_in_MUT","ENSG00000253998","28920"
1.13141966410852,-1.19829271811816,0.366316909846801,-3.27119138076182,0.00107095408713093,0.00396151087638694,"ENSG00000254029.1","IGLC4","IG_C_pseudogene","Down_in_MUT","ENSG00000254029","3540"
2.63208067398087,-1.66162898576642,0.458546508277568,-3.62368692329155,0.000290433132416953,0.00130638269812467,"ENSG00000254081.2","LINC01299","lncRNA","Down_in_MUT","ENSG00000254081","286186"
1.61043807373644,-1.27448251696772,0.339212906498005,-3.75717578120871,0.000171841791653576,0.000831325097418204,"ENSG00000254127.1","IGLCOR22-1","IG_C_pseudogene","Down_in_MUT","ENSG00000254127",NA
193.442390346501,1.80160747908023,0.279076307062164,6.45560885496067,1.07784671364631e-10,2.97678098878869e-09,"ENSG00000254166.3","CASC19","lncRNA","Up_in_MUT","ENSG00000254166","103164619"
0.887311120414595,-1.30015771921617,0.428639840757389,-3.03321715713323,0.00241961413682025,0.00790279997485123,"ENSG00000254261.1","AL451137.2","lncRNA","Down_in_MUT","ENSG00000254261",NA
32.5455442712419,3.04578467524615,0.35383197389766,8.60799729796914,7.43480096416655e-18,9.22002107116545e-16,"ENSG00000254275.6","LINC00824","lncRNA","Up_in_MUT","ENSG00000254275",NA
1.78134950800831,1.30163145577382,0.439252514090264,2.96328743494988,0.00304372202244628,0.00961316664130268,"ENSG00000254302.2","AC087855.2","lncRNA","Up_in_MUT","ENSG00000254302",NA
11.194449277494,-1.00747566168366,0.234571129929283,-4.29496870304281,1.74717982843621e-05,0.000115360199527844,"ENSG00000254326.1","IGHV7-27","IG_V_pseudogene","Down_in_MUT","ENSG00000254326","28383"
3.12941930189523,2.14680697084302,0.359775111329674,5.9670802766449,2.41536592255735e-09,4.6853394593929e-08,"ENSG00000254339.5","AC064802.1","lncRNA","Up_in_MUT","ENSG00000254339",NA
1.75662910139191,-1.68265801267148,0.452410626499006,-3.71931584740347,0.000199763128249746,0.00094583712416345,"ENSG00000254442.1","AP000859.1","processed_pseudogene","Down_in_MUT","ENSG00000254442",NA
1.18260258975685,-1.58130935793955,0.410067497795857,-3.85621724823158,0.000115155155708533,0.000590429531465035,"ENSG00000254471.1","AP001284.1","processed_pseudogene","Down_in_MUT","ENSG00000254471","646112"
1.16373668963853,1.21499329264421,0.300335701661065,4.04545076034736,5.22225418828799e-05,0.000297158477477105,"ENSG00000254519.5","AC044839.1","lncRNA","Up_in_MUT","ENSG00000254519","100507384"
26.3097806968032,1.15490268637003,0.218589549066646,5.28343048101497,1.26786989621157e-07,1.56001891947992e-06,"ENSG00000254528.7","AP000757.1","lncRNA","Up_in_MUT","ENSG00000254528","123706543"
1.24237972347189,1.21257602526119,0.471642807612639,2.57096261342138,0.0101416274694881,0.0264158065609721,"ENSG00000254544.1","PCNAP4","processed_pseudogene","Up_in_MUT","ENSG00000254544","390102"
2.55733895996752,-1.10422063013237,0.261091261422739,-4.22925158090412,2.34470027076598e-05,0.000148949456507041,"ENSG00000254561.4","AP003393.1","lncRNA","Down_in_MUT","ENSG00000254561",NA
9.61228675592674,-1.62842337098385,0.224318884663388,-7.25941274818414,3.8877447299296e-13,2.02792655135166e-11,"ENSG00000254605.1","AP003555.1","lncRNA","Down_in_MUT","ENSG00000254605",NA
2.55944430141484,1.46689502679117,0.40300827930021,3.63986325377313,0.000272782867853149,0.00123756053827014,"ENSG00000254609.1","AC136443.1","unprocessed_pseudogene","Up_in_MUT","ENSG00000254609",NA
32.4371351282533,3.25445809381388,0.285337941893304,11.4056268585228,3.91943664489896e-30,2.6577950065867e-27,"ENSG00000254632.2","AP003119.1","lncRNA","Up_in_MUT","ENSG00000254632",NA
1.32839033275519,1.39385771642462,0.428228431373716,3.25493968710405,0.00113416448952755,0.00415864662284083,"ENSG00000254687.1","AC009646.2","lncRNA","Up_in_MUT","ENSG00000254687",NA
4.30369359727985,-1.80551811803235,0.311586466720809,-5.79459736179796,6.84852845501348e-09,1.17739374805776e-07,"ENSG00000254704.3","AP002358.2","processed_pseudogene","Down_in_MUT","ENSG00000254704","643709"
0.813560239417923,1.43740599192043,0.621062411602745,2.31443082863603,0.0206441014598789,0.0477015991900095,"ENSG00000254717.2","GLYATL1P2","transcribed_unprocessed_pseudogene","Up_in_MUT","ENSG00000254717","100129933"
4.09629432693381,-1.16829304825179,0.253294140599808,-4.61239666059878,3.98052455033512e-06,3.20847996822788e-05,"ENSG00000254780.1","AC023232.1","processed_pseudogene","Down_in_MUT","ENSG00000254780",NA
5.82682198190738,-2.3152998957496,0.377072701184066,-6.14019495041462,8.24202669388335e-10,1.80413209313706e-08,"ENSG00000254799.1","SLC25A47P1","processed_pseudogene","Down_in_MUT","ENSG00000254799",NA
170.205819994873,1.34932972371991,0.282045643820758,4.78408283652634,1.71769839333957e-06,1.54037044159047e-05,"ENSG00000254872.3","LINC02688","lncRNA","Up_in_MUT","ENSG00000254872","101927503"
1.26638532441789,1.47368307061009,0.375776278508505,3.92170329766235,8.79252194704953e-05,0.000465879413091298,"ENSG00000254948.1","OR7E158P","unprocessed_pseudogene","Up_in_MUT","ENSG00000254948","392194"
3.94379701773121,-1.06349082114469,0.274554630022417,-3.87351260861218,0.000107277853792276,0.000554321089204544,"ENSG00000254951.7","AC044810.2","lncRNA","Down_in_MUT","ENSG00000254951","283299"
0.850194684534613,2.72129273075222,0.384764650815879,7.07261627330322,1.52039493168296e-12,6.74881711248853e-11,"ENSG00000254975.1","AP001189.4","lncRNA","Up_in_MUT","ENSG00000254975",NA
4.01443768573307,1.35004591028268,0.400379824565962,3.37191293728705,0.000746480416842375,0.00291057956510684,"ENSG00000255020.1","AF131216.3","lncRNA","Up_in_MUT","ENSG00000255020","100129129"
2.20109471576567,-1.74794815314478,0.386204411056881,-4.52596630981343,6.01201578037746e-06,4.57735566278731e-05,"ENSG00000255029.2","AC110058.1","lncRNA","Down_in_MUT","ENSG00000255029",NA
1.7721649759759,-1.34543109355149,0.238525822280945,-5.64060981190872,1.69448959520889e-08,2.63696669379408e-07,"ENSG00000255092.1","AC010768.2","lncRNA","Down_in_MUT","ENSG00000255092",NA
1.57817380116948,-1.40421001586026,0.432405096231144,-3.24744094854431,0.00116447825519721,0.00425267405424434,"ENSG00000255093.2","AP002008.2","transcribed_unitary_pseudogene","Down_in_MUT","ENSG00000255093",NA
15.4874365042677,1.38212758520154,0.159133021946148,8.68536001075418,3.77544735658362e-18,4.89135295535271e-16,"ENSG00000255100.1","AP003119.2","lncRNA","Up_in_MUT","ENSG00000255100","101928837"
8.60286701605438,-1.21020384127908,0.21865648336933,-5.53472653831602,3.11714306449041e-08,4.52603492521066e-07,"ENSG00000255122.1","AC068587.2","processed_pseudogene","Down_in_MUT","ENSG00000255122",NA
4.96504345536008,-1.18807923650161,0.297581381096556,-3.9924515173754,6.5393705999453e-05,0.000361331970164453,"ENSG00000255160.5","AC009652.1","lncRNA","Down_in_MUT","ENSG00000255160",NA
1.13297525227778,-1.63630552954418,0.520360732062027,-3.1445599729634,0.00166336813360841,0.00574544334954303,"ENSG00000255171.7","LINC01499","lncRNA","Down_in_MUT","ENSG00000255171","102723644"
3.90028361281399,-1.1821476806793,0.275813395997901,-4.28604156952657,1.81884967460792e-05,0.000119522799957586,"ENSG00000255202.1","AL049629.1","lncRNA","Down_in_MUT","ENSG00000255202",NA
1.09204026320156,-2.38311218297849,0.690293187864961,-3.45231884780629,0.000555790535042547,0.00226198443906794,"ENSG00000255317.1","AP002833.2","lncRNA","Down_in_MUT","ENSG00000255317","105369558"
0.850738954232419,1.36510909981147,0.554972129106927,2.45977956047672,0.0139022376682816,0.0343258612275956,"ENSG00000255372.1","AC107886.1","lncRNA","Up_in_MUT","ENSG00000255372",NA
2.13965370969414,-1.21145281520801,0.272426940927796,-4.44689064555145,8.71221598897092e-06,6.35684605733727e-05,"ENSG00000255400.1","AC124276.2","lncRNA","Down_in_MUT","ENSG00000255400",NA
1.53488428228476,-1.67855551613105,0.712336111721213,-2.35640940914138,0.0184525678500429,0.0434494964954732,"ENSG00000255425.6","OR8G3P","polymorphic_pseudogene","Down_in_MUT","ENSG00000255425","387815"
1.49571736247994,1.03260168814451,0.430352892145656,2.39943011186971,0.0164206140652721,0.0394260502391356,"ENSG00000255433.5","LINC02735","lncRNA","Up_in_MUT","ENSG00000255433","101927120"
2.69193626433521,-1.80566527621608,0.295003021619675,-6.12083654703711,9.30853536167289e-10,2.00861428917994e-08,"ENSG00000255446.1","AP003064.2","lncRNA","Down_in_MUT","ENSG00000255446",NA
40.2453788625583,-1.2530976468358,0.163061395409243,-7.6848210681065,1.5321097636008e-14,1.08945435268409e-12,"ENSG00000255491.3","AC100858.2","lncRNA","Down_in_MUT","ENSG00000255491","105375743"
192.148599193013,-1.21658037949975,0.226366763180609,-5.37437723809785,7.68478186910514e-08,9.99680338572448e-07,"ENSG00000255571.9","MIR9-3HG","lncRNA","Down_in_MUT","ENSG00000255571","254559"
25.3100108312277,-1.28983567300137,0.154115720108857,-8.36926740562433,5.79775470734992e-17,6.20067920395803e-15,"ENSG00000255587.9","RAB44","protein_coding","Down_in_MUT","ENSG00000255587","401258"
40.1290296779636,-1.23648548924665,0.332191412474704,-3.72220786815436,0.000197488334290884,0.000936629568777493,"ENSG00000255595.5","AC007368.1","lncRNA","Down_in_MUT","ENSG00000255595",NA
3.52852577565568,-1.10064615345399,0.20210037610748,-5.44603713586682,5.15043879753077e-08,7.05074251329211e-07,"ENSG00000255606.1","AP000439.1","lncRNA","Down_in_MUT","ENSG00000255606",NA
18.4479324189364,1.14563781608055,0.210669579655439,5.43807899533621,5.38580962954418e-08,7.33865492531862e-07,"ENSG00000255650.6","FAM222A-AS1","lncRNA","Up_in_MUT","ENSG00000255650","84983"
4.70552907915373,-1.549167847077,0.310486991005053,-4.98947747234856,6.054283387001e-07,6.23243106676708e-06,"ENSG00000255666.7","LINC02700","lncRNA","Down_in_MUT","ENSG00000255666",NA
13.9916876263769,-1.14524247456477,0.289071972340603,-3.96179008740207,7.4389929086374e-05,0.000403760461497245,"ENSG00000255745.2","AC023796.1","lncRNA","Down_in_MUT","ENSG00000255745","124902897"
1.27368138820829,-2.01705416823529,0.785161228947185,-2.56896812255992,0.0102001840028276,0.0265293018079091,"ENSG00000255866.2","AC090023.1","lncRNA","Down_in_MUT","ENSG00000255866",NA
2.52278035528752,-1.28753312828918,0.294393769690117,-4.37350671396497,1.2226648277158e-05,8.47489141455641e-05,"ENSG00000255980.1","AP000439.2","lncRNA","Down_in_MUT","ENSG00000255980","102724265"
1.41222143438376,1.26435002021083,0.443431438866937,2.85128637572816,0.00435427336707434,0.0130366412853007,"ENSG00000256008.3","AC125616.1","lncRNA","Up_in_MUT","ENSG00000256008","101928300"
1.53995718258466,1.49637793132014,0.538638200914697,2.77807613492515,0.00546818040436516,0.0157816152918158,"ENSG00000256064.1","AC063926.1","lncRNA","Up_in_MUT","ENSG00000256064",NA
11.5274948983785,1.35654841349754,0.313795003889421,4.32304019083611,1.53893685095797e-05,0.000103393761760266,"ENSG00000256209.2","AC073578.1","lncRNA","Up_in_MUT","ENSG00000256209",NA
0.930278820455586,-1.45306363543649,0.545301936855936,-2.66469553329384,0.00770580540341996,0.0210122967156398,"ENSG00000256237.1","AC007450.1","lncRNA","Down_in_MUT","ENSG00000256237",NA
10.3933554958482,-1.17570448352154,0.298108151696417,-3.94388572345664,8.01718732419564e-05,0.000431006819447477,"ENSG00000256268.2","LINC02454","lncRNA","Down_in_MUT","ENSG00000256268","105369807"
2.95950323706441,1.88800036258282,0.272134963583991,6.93773537114833,3.98435153920254e-12,1.56771935686326e-10,"ENSG00000256394.3","ASIC5","protein_coding","Up_in_MUT","ENSG00000256394","51802"
18.2757610045283,-1.59375732880145,0.380577647029719,-4.18773236221358,2.8175549597487e-05,0.000174670869718247,"ENSG00000256463.8","SALL3","protein_coding","Down_in_MUT","ENSG00000256463","27164"
0.810296110217716,-1.16532039698384,0.46840921812844,-2.48782549933572,0.0128526779209305,0.0321629788016626,"ENSG00000256494.1","LINC02825","lncRNA","Down_in_MUT","ENSG00000256494",NA
2.70578742279973,-1.62020949993622,0.424044406436225,-3.82084865486816,0.000132993249426102,0.000667605583943816,"ENSG00000256654.4","AC005906.2","lncRNA","Down_in_MUT","ENSG00000256654",NA
30.2210118675237,1.01721117413014,0.198789191405283,5.11703461812616,3.10376672194899e-07,3.45271026859464e-06,"ENSG00000256673.1","AC141557.1","unprocessed_pseudogene","Up_in_MUT","ENSG00000256673",NA
2.72794036035848,1.35890183903356,0.295315402792594,4.60152713398409,4.1940450724477e-06,3.35428884577116e-05,"ENSG00000256797.1","KLRF2","protein_coding","Up_in_MUT","ENSG00000256797","100431172"
1.42643833382249,-1.44008023286876,0.534943512500891,-2.69202298787829,0.00710200498781473,0.0196465585423699,"ENSG00000256915.2","AC090023.2","lncRNA","Down_in_MUT","ENSG00000256915",NA
4.84666278738144,1.21311267677493,0.293565890991574,4.1323352405738,3.59096158298163e-05,0.000215167393516089,"ENSG00000256955.2","AC131009.2","lncRNA","Up_in_MUT","ENSG00000256955",NA
2.3142963353977,1.19634591089239,0.409923915172127,2.91845844219664,0.00351766760549309,0.0108698452835632,"ENSG00000256980.5","KHDC1L","protein_coding","Up_in_MUT","ENSG00000256980","100129128"
3.73954728155772,-1.80314562471949,0.592455045254882,-3.04351467535188,0.00233832035804473,0.00767384548514101,"ENSG00000257035.1","AC025252.2","unprocessed_pseudogene","Down_in_MUT","ENSG00000257035","100420119"
19.9292482727599,-1.91377131250266,0.330916691941481,-5.78324200352242,7.32745313097649e-09,1.24817348336372e-07,"ENSG00000257057.3","C11orf97","protein_coding","Down_in_MUT","ENSG00000257057","643037"
137.808879339832,1.16941035055006,0.140718897430555,8.31025805277619,9.54941792620229e-17,9.91366445361541e-15,"ENSG00000257135.7","ODC1-DT","lncRNA","Up_in_MUT","ENSG00000257135",NA
5.72525104173252,1.46887476744952,0.218376084860839,6.7263536132428,1.73967493809588e-11,5.89215514899616e-10,"ENSG00000257137.7","LINC02874","lncRNA","Up_in_MUT","ENSG00000257137",NA
5.29688143982704,-1.09531486960824,0.339568079045709,-3.22561199711827,0.00125703643032933,0.00454126140002562,"ENSG00000257259.3","LINC02388","lncRNA","Down_in_MUT","ENSG00000257259","101927653"
18.5325349000782,-1.44910568497298,0.233197448928929,-6.21407177320633,5.16289270020039e-10,1.18806175630388e-08,"ENSG00000257443.1","AC068305.2","lncRNA","Down_in_MUT","ENSG00000257443","105369791"
1.06616043360126,1.19118027338534,0.451692216944497,2.63715031762813,0.00836057744311883,0.0224955646846467,"ENSG00000257454.1","AC025575.1","lncRNA","Up_in_MUT","ENSG00000257454",NA
53.0094806869835,1.16568291318987,0.277122537525604,4.20638077147433,2.5949288359467e-05,0.000162865255869353,"ENSG00000257474.5","AC027288.1","lncRNA","Up_in_MUT","ENSG00000257474",NA
1.6570029466627,-1.07033961521154,0.300674995379691,-3.55978924639183,0.000371152536301703,0.00160916915854599,"ENSG00000257585.1","LINC00609","lncRNA","Down_in_MUT","ENSG00000257585","101101773"
144.341513731571,-1.1883477425597,0.274561177324725,-4.32817106241584,1.5035267518767e-05,0.000101394204631955,"ENSG00000257588.1","AC025154.2","lncRNA","Down_in_MUT","ENSG00000257588","101927318"
13.837891107148,1.19622585002626,0.235492196879326,5.07968359834551,3.78063996748875e-07,4.10537568667237e-06,"ENSG00000257604.1","AC027288.2","processed_pseudogene","Up_in_MUT","ENSG00000257604",NA
25.8217484893365,1.81997907456727,0.270323447305151,6.73259790340278,1.66660170742822e-11,5.67481442494069e-10,"ENSG00000257732.1","AC089983.1","lncRNA","Up_in_MUT","ENSG00000257732","124903002"
40.2458568142231,1.17237111973915,0.389157795250166,3.01258547059426,0.00259032480985609,0.0083728440177407,"ENSG00000257842.6","LINC02588","lncRNA","Up_in_MUT","ENSG00000257842","102725045"
1.39754166495971,1.25801407648168,0.450925616625582,2.78984832553049,0.0052732738808216,0.015330157060628,"ENSG00000257845.1","LINC02294","lncRNA","Up_in_MUT","ENSG00000257845","101927062"
11.1748628050297,1.72677330424346,0.469471175778019,3.67812422430793,0.000234955527698281,0.00108698905839337,"ENSG00000257869.1","AL139023.1","lncRNA","Up_in_MUT","ENSG00000257869",NA
64.6315612978881,1.27106733757159,0.198648310323968,6.39858116839081,1.56827369310137e-10,4.16520423940282e-09,"ENSG00000257894.2","AC027288.3","lncRNA","Up_in_MUT","ENSG00000257894",NA
1.42445022383989,2.0922646545618,0.526997860760456,3.97015777548445,7.18250536476209e-05,0.000391305347829628,"ENSG00000257986.3","LINC02306","lncRNA","Up_in_MUT","ENSG00000257986",NA
47.8321452223748,1.26012122692084,0.380641325252921,3.31052133155415,0.000931223541165771,0.00351560411523822,"ENSG00000258053.1","AC025575.2","lncRNA","Up_in_MUT","ENSG00000258053",NA
6.80870947807979,-1.44450556006359,0.406403867207163,-3.55435978006394,0.000378900495968991,0.0016360842307313,"ENSG00000258128.2","MKRN9P","transcribed_processed_pseudogene","Down_in_MUT","ENSG00000258128",NA
0.997123806488853,1.26113604514737,0.429540870017987,2.9360094304753,0.00332464215120795,0.0103655348398105,"ENSG00000258169.1","LINC00485","lncRNA","Up_in_MUT","ENSG00000258169","283432"
468.689519685161,-1.25887202241274,0.145680309378461,-8.64133270847423,5.55610590548945e-18,7.05492634716551e-16,"ENSG00000258227.7","CLEC5A","protein_coding","Down_in_MUT","ENSG00000258227","23601"
17.8317948618678,1.2515646152627,0.21606054698048,5.79265688601526,6.92815560859649e-09,1.18905356705212e-07,"ENSG00000258279.4","LINC00592","lncRNA","Up_in_MUT","ENSG00000258279","283404"
4.51123775708287,1.64588337202837,0.32299711055733,5.09565973883916,3.47528839487184e-07,3.80948840034994e-06,"ENSG00000258285.1","TESC-AS1","lncRNA","Up_in_MUT","ENSG00000258285",NA
19.3718330951207,-1.0107653542809,0.231308067276539,-4.36977994836854,1.24371802862917e-05,8.61332839861809e-05,"ENSG00000258343.2","AC090001.1","lncRNA","Down_in_MUT","ENSG00000258343","105369921"
39.7294086149597,2.12979803789783,0.348791126147697,6.10622770544902,1.02013441380061e-09,2.18206066457982e-08,"ENSG00000258346.1","AC079384.1","lncRNA","Up_in_MUT","ENSG00000258346",NA
1.23431511206678,-2.07242577664579,0.496276005613677,-4.1759540118872,2.96739769667185e-05,0.000182328768055964,"ENSG00000258460.2","AL355096.1","lncRNA","Down_in_MUT","ENSG00000258460","124903387"
13.9716343283778,1.50219136685817,0.304518501595243,4.9330052492339,8.09739781235565e-07,7.97750125742155e-06,"ENSG00000258474.1","LINC02313","lncRNA","Up_in_MUT","ENSG00000258474",NA
142.211101219337,-1.71709620239971,0.209998542018823,-8.17670535182001,2.91710174716131e-16,2.77525223235158e-14,"ENSG00000258545.6","RHOXF1-AS1","lncRNA","Down_in_MUT","ENSG00000258545","101928969"
2.97908412093334,-1.26917940147804,0.348479260195069,-3.64205146890978,0.000270473976851134,0.00122848455411465,"ENSG00000258580.1","AL136298.1","lncRNA","Down_in_MUT","ENSG00000258580",NA
3.07372776133329,-1.05787744642744,0.245116992802593,-4.31580623738888,1.59021423814594e-05,0.00010636247215939,"ENSG00000258586.1","LINC02274","lncRNA","Down_in_MUT","ENSG00000258586","100506498"
12.8912539163252,1.26015069079605,0.287124449892773,4.38886584290073,1.13943328804239e-05,7.96553593402038e-05,"ENSG00000258592.1","AL391152.1","lncRNA","Up_in_MUT","ENSG00000258592",NA
1.76023315420551,-2.4656436821911,0.597087862164783,-4.12944867653437,3.63634162403253e-05,0.000217518475787426,"ENSG00000258616.5","LINC02303","lncRNA","Down_in_MUT","ENSG00000258616","105370479"
24.7124379194676,1.69107311050382,0.197535179032042,8.56087061955436,1.12018358373913e-17,1.36264774799045e-15,"ENSG00000258689.1","LINC01269","lncRNA","Up_in_MUT","ENSG00000258689",NA
3.09360145185023,-1.16984980029575,0.310518616199795,-3.76740633013463,0.000164952401723501,0.000804368093991758,"ENSG00000258699.1","AL357093.1","lncRNA","Down_in_MUT","ENSG00000258699",NA
0.84122125384411,-1.11426241780957,0.464703619594407,-2.3977915618176,0.0164942482379731,0.0395760133699044,"ENSG00000258751.2","AL358335.2","lncRNA","Down_in_MUT","ENSG00000258751",NA
54.522471348208,-1.23641370325083,0.239164265487065,-5.16972592344777,2.34437562802014e-07,2.69543995817568e-06,"ENSG00000258752.2","AL357093.2","lncRNA","Down_in_MUT","ENSG00000258752",NA
32.5900545483796,-2.24233803771833,0.414166629862472,-5.41409634683249,6.15989935618226e-08,8.26967785934645e-07,"ENSG00000258837.1","AL133370.1","lncRNA","Down_in_MUT","ENSG00000258837",NA
2.72237292322424,-1.02342505827072,0.395078457089968,-2.59043498805013,0.00958547250414057,0.0251916050284047,"ENSG00000258868.1","AL110505.1","lncRNA","Down_in_MUT","ENSG00000258868",NA
3.52728900258896,-2.11436820976509,0.488955007953674,-4.32425923729453,1.53045243770976e-05,0.000102861766432408,"ENSG00000258910.3","LINC01956","lncRNA","Down_in_MUT","ENSG00000258910","124905956"
8.37572142124368,1.89471544496037,0.485013264377827,3.90652294301869,9.36337565991867e-05,0.000491793252566361,"ENSG00000258927.2","AL133467.2","lncRNA","Up_in_MUT","ENSG00000258927",NA
1.62530148350072,-1.00211052388432,0.243292909885194,-4.11894668182972,3.80608192754632e-05,0.000226566374883879,"ENSG00000259056.1","DUXAP1","transcribed_unprocessed_pseudogene","Down_in_MUT","ENSG00000259056","503630"
28.7849366803,-2.00693031138821,0.354854480449789,-5.65564314939568,1.55263760045287e-08,2.4340439234645e-07,"ENSG00000259094.1","AC013457.1","lncRNA","Down_in_MUT","ENSG00000259094",NA
6.40762333602537,-1.45289486600128,0.298654159265345,-4.86480707174891,1.14568506489312e-06,1.08364226307653e-05,"ENSG00000259144.2","RANBP20P","processed_pseudogene","Down_in_MUT","ENSG00000259144",NA
712.221948946155,-1.55230293618619,0.174184771022255,-8.91181776154162,5.02026028607175e-19,7.58297230224611e-17,"ENSG00000259207.9","ITGB3","protein_coding","Down_in_MUT","ENSG00000259207","3690"
95.3106126636131,-1.38852266164599,0.170740273331071,-8.13236756950483,4.20986002815458e-16,3.9231710221437e-14,"ENSG00000259225.7","LINC02345","lncRNA","Down_in_MUT","ENSG00000259225","101928227"
5.42187246423655,1.24858896402866,0.279281200640936,4.47072327519076,7.79555117831126e-06,5.7712430105449e-05,"ENSG00000259240.1","MIR4713HG","lncRNA","Up_in_MUT","ENSG00000259240","109729174"
1.31015120306208,1.50146206220357,0.540298019329901,2.77895163129738,0.00545346448039553,0.0157434208745187,"ENSG00000259256.2","LINC01895","lncRNA","Up_in_MUT","ENSG00000259256","105371964"
1.5586144610185,2.4531594666565,0.442538310982606,5.54338326372138,2.96682492300608e-08,4.32553939820946e-07,"ENSG00000259265.1","AC027088.3","lncRNA","Up_in_MUT","ENSG00000259265",NA
3.43069561528848,-1.3466814047106,0.320090526221087,-4.20718919928434,2.58566655151005e-05,0.00016234786970681,"ENSG00000259303.5","IGHV2OR16-5","IG_V_gene","Down_in_MUT","ENSG00000259303","100129631"
7.11190958530737,1.26766302030368,0.315750849419037,4.01475727661889,5.95070017721438e-05,0.000332900977908271,"ENSG00000259306.2","AC020891.2","lncRNA","Up_in_MUT","ENSG00000259306",NA
2.50397477538879,-1.15917366712672,0.273646897346251,-4.23601976988614,2.27516754178774e-05,0.000145023729448634,"ENSG00000259380.6","AC087473.1","lncRNA","Down_in_MUT","ENSG00000259380",NA
4.4337228203743,1.2354566308344,0.175548704888915,7.03768581839542,1.95458787531933e-12,8.31704541712982e-11,"ENSG00000259424.1","IRAIN","lncRNA","Up_in_MUT","ENSG00000259424",NA
7.14204942226154,-1.05732427754877,0.305396933729917,-3.46213128152698,0.000535915674982431,0.00219370260433664,"ENSG00000259430.2","CERS3-AS1","lncRNA","Down_in_MUT","ENSG00000259430",NA
2.02958325316871,-1.61533179897963,0.317237397886808,-5.09187066133984,3.54547937750854e-07,3.87244596437885e-06,"ENSG00000259441.2","MRPL15P1","processed_pseudogene","Down_in_MUT","ENSG00000259441",NA
1.47002676809517,-1.27013754849066,0.312458067530998,-4.06498561079608,4.80354254494002e-05,0.000276742054319927,"ENSG00000259444.1","AL161669.1","lncRNA","Down_in_MUT","ENSG00000259444",NA
6.11023044575061,1.61484888098354,0.251312544679711,6.4256596623205,1.31298869799548e-10,3.57660365759093e-09,"ENSG00000259471.1","LINC01169","lncRNA","Up_in_MUT","ENSG00000259471","102723165"
115.548589853603,-1.11592172601297,0.205339092798265,-5.43453129555462,5.49406543470286e-08,7.47338281986406e-07,"ENSG00000259495.3","AC016705.2","lncRNA","Down_in_MUT","ENSG00000259495","101929560"
4.46113359855918,-1.53875915060592,0.295342394337639,-5.21008558238609,1.88753542868797e-07,2.22312053391405e-06,"ENSG00000259508.1","AL132801.1","lncRNA","Down_in_MUT","ENSG00000259508",NA
2.06702067590761,-1.2349364778932,0.264221587803996,-4.67386668953521,2.95581232725576e-06,2.47516276095556e-05,"ENSG00000259561.1","AC079075.1","lncRNA","Down_in_MUT","ENSG00000259561",NA
1.82362793921878,-2.31679314884763,0.375688663856041,-6.16679014231687,6.9690147896473e-10,1.55028249499199e-08,"ENSG00000259579.1","AC087762.1","lncRNA","Down_in_MUT","ENSG00000259579",NA
21.0519976698826,-2.42984132446988,0.335679662338248,-7.23857176078023,4.53434275274967e-13,2.32711816220426e-11,"ENSG00000259663.2","AC010478.1","lncRNA","Down_in_MUT","ENSG00000259663","642366"
3.79139472107133,1.28424284899643,0.298357738881592,4.30437250868865,1.67459692900385e-05,0.000111328908477851,"ENSG00000259685.3","IDH2-DT","lncRNA","Up_in_MUT","ENSG00000259685",NA
11.1713855747763,1.2432036100956,0.270803790983382,4.59079101360101,4.41569307127636e-06,3.50604269742523e-05,"ENSG00000259725.1","AC106738.2","lncRNA","Up_in_MUT","ENSG00000259725",NA
1.76409166164271,1.53074758501984,0.348812224677776,4.38845738974288,1.1415749471403e-05,7.97525978524953e-05,"ENSG00000259754.2","AC092078.2","lncRNA","Up_in_MUT","ENSG00000259754","124900354"
13.9245918910421,-1.01603005782714,0.306305472136055,-3.3170483398215,0.00090973874862346,0.00344841622946935,"ENSG00000259831.1","LINC00567","lncRNA","Down_in_MUT","ENSG00000259831","283486"
581.483606646907,-1.41831997475283,0.162221912538921,-8.74308502812494,2.26829842456561e-18,3.12956446274158e-16,"ENSG00000259834.1","AL365361.1","lncRNA","Down_in_MUT","ENSG00000259834",NA
1.6946464017086,-1.29457074059443,0.382625525522751,-3.38338833726725,0.000715973155449624,0.00280535781132714,"ENSG00000259846.1","AC092131.1","lncRNA","Down_in_MUT","ENSG00000259846",NA
0.96881473237573,2.12794393301276,0.586271907849163,3.62961947267691,0.000283839337305323,0.00127970625537671,"ENSG00000259862.1","AC026336.2","lncRNA","Up_in_MUT","ENSG00000259862",NA
2.86741600055287,-1.11130963668944,0.362328720976424,-3.06713095692392,0.0021612414885884,0.00719383054650662,"ENSG00000259878.1","AC126323.3","lncRNA","Down_in_MUT","ENSG00000259878",NA
7.53629996408412,-1.00776039278743,0.280732467906582,-3.58975361953067,0.000330990657969803,0.00146257129906296,"ENSG00000260015.1","AC010547.2","lncRNA","Down_in_MUT","ENSG00000260015",NA
3.47354605255376,1.15415151336055,0.497488328859807,2.31995696463021,0.0203432055035936,0.0471224872886861,"ENSG00000260019.2","LINC01992","lncRNA","Up_in_MUT","ENSG00000260019","105371708"
6.87296248508256,-1.34536304697475,0.377332850232626,-3.56545433599361,0.000363226403427827,0.00158017863822663,"ENSG00000260057.6","LINC01571","lncRNA","Down_in_MUT","ENSG00000260057",NA
9.2039455554129,-1.30917559154245,0.300235929030634,-4.36048941833629,1.29771857938326e-05,8.91820304878633e-05,"ENSG00000260062.3","GOLGA2P11","transcribed_unprocessed_pseudogene","Down_in_MUT","ENSG00000260062",NA
2.65447461380055,-1.64857661466743,0.412713328410819,-3.99448358262475,6.48354135763852e-05,0.000358495743596977,"ENSG00000260066.1","AC112176.1","lncRNA","Down_in_MUT","ENSG00000260066",NA
8.81819129334177,1.37636849559403,0.426466037858325,3.22738125292703,0.00124928882404431,0.00451839356685387,"ENSG00000260115.1","AC012174.1","lncRNA","Up_in_MUT","ENSG00000260115","119863871"
1.42163192856085,-1.10378909609311,0.288433941332786,-3.826834979936,0.00012980146910274,0.000653992755586511,"ENSG00000260146.1","AC132186.1","processed_pseudogene","Down_in_MUT","ENSG00000260146","107984807"
10.3837828696896,-1.12975364140528,0.246323298847167,-4.58646683725296,4.50809970831116e-06,3.56785810289508e-05,"ENSG00000260182.1","AC120498.2","lncRNA","Down_in_MUT","ENSG00000260182",NA
1.81747796705457,-1.50277475763879,0.354685381352255,-4.23692330343412,2.26603497210508e-05,0.00014447049529098,"ENSG00000260183.1","AC108097.1","lncRNA","Down_in_MUT","ENSG00000260183",NA
3.98291038184775,1.28407335252005,0.328720247629225,3.90628007182691,9.37278707880926e-05,0.000491983917926106,"ENSG00000260209.1","AP000842.3","lncRNA","Up_in_MUT","ENSG00000260209",NA
2.59926068920392,1.79001945143858,0.309230841473047,5.78861876425931,7.09675628344471e-09,1.21406720080336e-07,"ENSG00000260239.2","LINC02533","lncRNA","Up_in_MUT","ENSG00000260239",NA
7.80885079662573,1.13679702142947,0.258521496877589,4.39730171440153,1.09604936833691e-05,7.70911967452176e-05,"ENSG00000260253.1","AC084262.1","lncRNA","Up_in_MUT","ENSG00000260253",NA
2.18610439468522,-1.40558375008136,0.347719410735484,-4.04229302904982,5.29310272882192e-05,0.00030076034421516,"ENSG00000260347.1","MOCS1P1","processed_pseudogene","Down_in_MUT","ENSG00000260347",NA
0.92340341031788,-1.65538155419753,0.464054444123896,-3.56721409558479,0.000360796691328072,0.00157196874221695,"ENSG00000260375.1","AC126323.4","unprocessed_pseudogene","Down_in_MUT","ENSG00000260375",NA
2.50569526312923,2.46279825064831,0.410262462697224,6.00298217501284,1.93725893632284e-09,3.85211676817133e-08,"ENSG00000260377.1","AC083801.2","lncRNA","Up_in_MUT","ENSG00000260377",NA
42.6382583815984,1.08667022986733,0.180245472757832,6.02883508384878,1.65145698405876e-09,3.34393809014846e-08,"ENSG00000260423.2","LINC02367","lncRNA","Up_in_MUT","ENSG00000260423","101930452"
5.43154414923471,3.91148288331047,0.509800845334522,7.67257041471524,1.6858335663761e-14,1.18177421711485e-12,"ENSG00000260458.3","KCNJ18","protein_coding","Up_in_MUT","ENSG00000260458","100134444"
3.36577477850549,-1.37857658749493,0.239964893091954,-5.74490947293138,9.1970176889313e-09,1.53224333906916e-07,"ENSG00000260496.3","AC009041.1","lncRNA","Down_in_MUT","ENSG00000260496",NA
160.305890876116,-1.03673638996702,0.176764129102448,-5.86508357341073,4.48906534395094e-09,8.12441803390463e-08,"ENSG00000260549.2","MT1L","transcribed_unprocessed_pseudogene","Down_in_MUT","ENSG00000260549",NA
3.52825921695285,-1.27457789789778,0.245436479633511,-5.19310698964144,2.06813252958429e-07,2.41087973117707e-06,"ENSG00000260581.1","AC011374.1","lncRNA","Down_in_MUT","ENSG00000260581",NA
3.35609482268561,1.69862455444273,0.2349269509428,7.2304371534465,4.81441749377516e-13,2.45897916577096e-11,"ENSG00000260685.1","AC027104.1","processed_pseudogene","Up_in_MUT","ENSG00000260685",NA
39.6045942296521,1.02316921572627,0.247633532752342,4.13178782515508,3.59952604006335e-05,0.000215599500888666,"ENSG00000260704.1","LINC00543","lncRNA","Up_in_MUT","ENSG00000260704","100132234"
3.18065530059982,-2.23703523575785,0.464995016796561,-4.81088002011121,1.50267204294314e-06,1.37107531292989e-05,"ENSG00000260725.1","AC005307.1","lncRNA","Down_in_MUT","ENSG00000260725",NA
1.05787876826848,-1.02809767876569,0.345100592132925,-2.97912464424195,0.0028907316096843,0.00920200830326091,"ENSG00000260737.6","LINC01227","lncRNA","Down_in_MUT","ENSG00000260737","101928276"
1.24856515066858,-1.30460067020243,0.36659365905656,-3.55871040857569,0.000372680168861561,0.00161425518643474,"ENSG00000260762.1","ACSM5P1","unprocessed_pseudogene","Down_in_MUT","ENSG00000260762",NA
1.13181705339079,-1.33571811392885,0.463091280435173,-2.88435168261785,0.00392220466803862,0.0119472985735505,"ENSG00000260781.1","ARHGAP23P1","transcribed_unprocessed_pseudogene","Down_in_MUT","ENSG00000260781","102577425"
1.21068284046444,2.07644917292538,0.375459879233242,5.53041559904048,3.19472982601059e-08,4.62814701294471e-07,"ENSG00000260785.2","CASC17","lncRNA","Up_in_MUT","ENSG00000260785","101928165"
19.8238363821393,-1.17579174861052,0.148973623572956,-7.89261696406751,2.95914772951951e-15,2.36962304742503e-13,"ENSG00000260810.1","AL135818.2","lncRNA","Down_in_MUT","ENSG00000260810",NA
0.651052558154399,2.43555240725601,0.874811268164607,2.7840889754037,0.00536783068846306,0.0155384315960042,"ENSG00000260857.3","AC018558.1","lncRNA","Up_in_MUT","ENSG00000260857",NA
7.87349568325002,1.5578776248674,0.322566331821328,4.82963493452975,1.36783596518447e-06,1.26177424157437e-05,"ENSG00000260903.3","XKR7","protein_coding","Up_in_MUT","ENSG00000260903","343702"
51.4739285771747,-1.44118603164883,0.225824962762234,-6.38187211024239,1.74936034471658e-10,4.58502167322879e-09,"ENSG00000260908.1","AC009093.3","transcribed_unprocessed_pseudogene","Down_in_MUT","ENSG00000260908",NA
72.2201727963458,-1.27593411163528,0.272747082842044,-4.67808527350669,2.89566130081622e-06,2.42990050864438e-05,"ENSG00000260943.1","LINC02555","lncRNA","Down_in_MUT","ENSG00000260943",NA
4.56381984800626,-1.99525795417746,0.385230222721112,-5.17939101476453,2.22611421859166e-07,2.57059732828749e-06,"ENSG00000260951.2","AC005100.1","lncRNA","Down_in_MUT","ENSG00000260951",NA
303.081074751879,-1.92618712254517,0.202500921206986,-9.51199190139153,1.87046085948068e-21,4.02793635489924e-19,"ENSG00000260997.1","AC004847.1","lncRNA","Down_in_MUT","ENSG00000260997",NA
1.54258580027169,1.82930026216797,0.26545477071942,6.89119376988518,5.53261150167569e-12,2.10166699844941e-10,"ENSG00000261033.1","AC005730.2","lncRNA","Up_in_MUT","ENSG00000261033","119545627"
5.42808989921886,1.49011376864338,0.55120384515461,2.70338057642797,0.00686381078263637,0.01906540992273,"ENSG00000261092.1","LINC02178","lncRNA","Up_in_MUT","ENSG00000261092",NA
45.0005819190946,1.0122988083489,0.200787708271782,5.04163734454635,4.61565397084792e-07,4.88885037237933e-06,"ENSG00000261123.1","AC009065.5","lncRNA","Up_in_MUT","ENSG00000261123",NA
5.11871768361551,1.89090303348523,0.73244221361867,2.581641252138,0.0098331742321277,0.0257301392407342,"ENSG00000261146.1","AC007159.1","lncRNA","Up_in_MUT","ENSG00000261146",NA
33.6480457065833,-2.58340634963964,0.302122392939555,-8.55086021431223,1.22174515622086e-17,1.45291939828041e-15,"ENSG00000261175.6","LINC02188","lncRNA","Down_in_MUT","ENSG00000261175","102724344"
19.7033980459432,-2.13466111343943,0.300380520501915,-7.10652311898444,1.19002732009236e-12,5.45004931275622e-11,"ENSG00000261231.6","LINC02133","lncRNA","Down_in_MUT","ENSG00000261231","101927132"
1.03573841743933,1.23218080471245,0.284941329307717,4.32433163594103,1.52994995752336e-05,0.000102861766432408,"ENSG00000261239.6","ANKRD26P1","transcribed_unprocessed_pseudogene","Up_in_MUT","ENSG00000261239",NA
8.92284135202918,1.40604806309288,0.375615151014653,3.74332094776983,0.000181604024730485,0.000871994042698614,"ENSG00000261241.7","LINC02128","lncRNA","Up_in_MUT","ENSG00000261241","102724940"
21.660649986155,1.64533051328215,0.160815400257315,10.2311750656313,1.43764263018015e-24,4.7236194089146e-22,"ENSG00000261253.2","AC137932.2","lncRNA","Up_in_MUT","ENSG00000261253","100287036"
50.4130402285162,-1.85837822087365,0.250074378025048,-7.43130198123502,1.07533893954085e-13,6.43004265330326e-12,"ENSG00000261272.1","MUC22","protein_coding","Down_in_MUT","ENSG00000261272","100507679"
11.1770944605401,-1.04040817057893,0.284224627294521,-3.66051380023743,0.000251709995768011,0.00115394839975867,"ENSG00000261296.1","AC126323.6","lncRNA","Down_in_MUT","ENSG00000261296",NA
36.2178642770754,-1.00996360187075,0.185348053144423,-5.44901111577247,5.06506480651817e-08,6.96413634376793e-07,"ENSG00000261308.3","FIGNL2","protein_coding","Down_in_MUT","ENSG00000261308","401720"
1.85126070500921,-2.47013098858061,0.415366480542652,-5.94687126740108,2.73316189199241e-09,5.24119149576956e-08,"ENSG00000261325.1","LINC02192","lncRNA","Down_in_MUT","ENSG00000261325","100507534"
6.96645438053649,-1.6849468614414,0.278942864610852,-6.04047306889185,1.53663031572542e-09,3.13332980118265e-08,"ENSG00000261379.1","AC010735.1","lncRNA","Down_in_MUT","ENSG00000261379",NA
9.90453725489477,3.04318556015748,0.341316690115019,8.91601743568992,4.83357457149321e-19,7.37085431426124e-17,"ENSG00000261409.1","AL035425.3","lncRNA","Up_in_MUT","ENSG00000261409",NA
2.97075877556458,-1.10534880282126,0.241789973082058,-4.57152457040112,4.84188502481621e-06,3.79912705468713e-05,"ENSG00000261447.1","AL162412.1","lncRNA","Down_in_MUT","ENSG00000261447",NA
0.879681491891991,-1.1897992133962,0.438812810218967,-2.71140492184467,0.00669987524986452,0.0186833252330416,"ENSG00000261514.1","LINC01976","lncRNA","Down_in_MUT","ENSG00000261514",NA
228.146844986835,-1.26617539195902,0.146898090838645,-8.61941353172387,6.72978979763109e-18,8.44429648190159e-16,"ENSG00000261534.1","AL596244.1","lncRNA","Down_in_MUT","ENSG00000261534",NA
145.502010558668,1.5514331861033,0.161962264862194,9.578979322272,9.80086802750264e-22,2.16919072850373e-19,"ENSG00000261578.1","AP003119.3","lncRNA","Up_in_MUT","ENSG00000261578",NA
8.02584092419407,1.01388968305642,0.281162559865231,3.60606221376845,0.000310878634268214,0.00138670580164622,"ENSG00000261649.6","GOLGA6L7","protein_coding","Up_in_MUT","ENSG00000261649","728310"
22.2051764103441,-1.23936436851302,0.168322482194591,-7.36303524255444,1.79774884134994e-13,1.01950272816128e-11,"ENSG00000261656.6","BEAN1-AS1","lncRNA","Down_in_MUT","ENSG00000261656","101927726"
3.09140127353379,-1.70590112527732,0.391013238558355,-4.36277076338102,1.28425491274528e-05,8.84027825574621e-05,"ENSG00000261706.1","LINC00165","lncRNA","Down_in_MUT","ENSG00000261706","727701"
16.4032691317929,-2.0501682757578,0.247359658938784,-8.28820788544656,1.14967512270449e-16,1.18197728502306e-14,"ENSG00000261730.1","AL034346.1","lncRNA","Down_in_MUT","ENSG00000261730",NA
30.7709169214335,-1.41266564404262,0.192995710113661,-7.31967380627609,2.48574437159706e-13,1.36591653219259e-11,"ENSG00000261742.6","LINC00922","lncRNA","Down_in_MUT","ENSG00000261742","283867"
67.5164253770453,1.32077709775967,0.194330763499325,6.79654149439009,1.07160451813903e-11,3.79904725934873e-10,"ENSG00000261762.1","AC027228.2","lncRNA","Up_in_MUT","ENSG00000261762",NA
4.08387329024424,1.58265951504338,0.191122168999977,8.28087878724091,1.22269595974573e-16,1.24946686933816e-14,"ENSG00000261773.1","AC244090.2","lncRNA","Up_in_MUT","ENSG00000261773",NA
0.838930949166845,2.16787540873966,0.415907861826044,5.21239343546333,1.86419658270069e-07,2.20214267187745e-06,"ENSG00000261780.3","LINC02582","lncRNA","Up_in_MUT","ENSG00000261780","100505817"
3.58959298181235,2.5546995702715,0.641096968819913,3.98488792572832,6.75119820079774e-05,0.000371490742157501,"ENSG00000261807.2","LINC02141","lncRNA","Up_in_MUT","ENSG00000261807","101927580"
1.17798124253735,1.08384757313229,0.309470952430283,3.50225946771678,0.000461330116882106,0.00193334019134117,"ENSG00000261817.1","AL390718.1","lncRNA","Up_in_MUT","ENSG00000261817",NA
19.1799576462259,1.56116322594773,0.381249970586506,4.09485467906024,4.22433268311022e-05,0.000247579453739253,"ENSG00000261949.6","GFY","protein_coding","Up_in_MUT","ENSG00000261949","100507003"
1.18372911879606,2.26508783418507,0.42749552796082,5.29850650131868,1.16753720653828e-07,1.45240352496415e-06,"ENSG00000261963.3","CCDC92B","unitary_pseudogene","Up_in_MUT","ENSG00000261963",NA
227.419955791888,1.10772045928289,0.141062922694649,7.85266913603305,4.07275083366054e-15,3.20500350171839e-13,"ENSG00000262001.1","DLGAP1-AS2","lncRNA","Up_in_MUT","ENSG00000262001",NA
10.9032132219961,-1.31012437812466,0.451090912075016,-2.9043466473268,0.00368020442123857,0.0113030543615009,"ENSG00000262117.5","BCAR4","lncRNA","Down_in_MUT","ENSG00000262117","400500"
20.5168540702893,1.35281236016284,0.144131385701147,9.3859665164662,6.23420107083086e-21,1.23410075980404e-18,"ENSG00000262136.1","AC092115.3","lncRNA","Up_in_MUT","ENSG00000262136","119139903"
42.8309572482601,1.35076967756644,0.194746113134154,6.93605461915403,4.03201764293223e-12,1.5845183020702e-10,"ENSG00000262294.1","AC129507.2","lncRNA","Up_in_MUT","ENSG00000262294",NA
158.706218603615,1.37193541645351,0.133132795902791,10.3050146821468,6.68814647067512e-25,2.29202060394502e-22,"ENSG00000262454.4","MIR193BHG","lncRNA","Up_in_MUT","ENSG00000262454","100129781"
4.66496193989039,1.11202429501892,0.18037559953069,6.16504836525695,7.04616004095371e-10,1.56493495933962e-08,"ENSG00000262519.1","TXNP4","processed_pseudogene","Up_in_MUT","ENSG00000262519",NA
26.6886312677011,1.11863162511072,0.182084338601144,6.14348072824148,8.07324713475828e-10,1.77083592176105e-08,"ENSG00000262558.1","AC129507.3","lncRNA","Up_in_MUT","ENSG00000262558",NA
4.3469316378378,1.24724227595209,0.39660845348525,3.1447697722824,0.00166217581295959,0.00574194725068666,"ENSG00000262668.2","AJ003147.2","lncRNA","Up_in_MUT","ENSG00000262668",NA
6.24145581735571,2.00784161244268,0.22735257033845,8.83140053993538,1.03373093290107e-18,1.49077097567829e-16,"ENSG00000262681.2","AC005722.3","lncRNA","Up_in_MUT","ENSG00000262681",NA
65.9557993927538,2.12831214220627,0.282637314764413,7.53018809275161,5.06672828865647e-14,3.24912871806379e-12,"ENSG00000262920.5","AC129507.4","lncRNA","Up_in_MUT","ENSG00000262920",NA
0.621295723804605,-1.39946497228039,0.460169195078081,-3.04119655824186,0.0023563994691818,0.00772403656096815,"ENSG00000263041.2","AL513324.1","lncRNA","Down_in_MUT","ENSG00000263041",NA
6.81272476338362,-1.48457103971311,0.243034604167259,-6.10847597114779,1.00586999829889e-09,2.15588989346226e-08,"ENSG00000263096.1","AC007638.2","lncRNA","Down_in_MUT","ENSG00000263096",NA
2.23708894149976,-1.96357586921101,0.829545129999132,-2.36705128895527,0.0179304477964711,0.042421594664192,"ENSG00000263146.2","LINC01896","lncRNA","Down_in_MUT","ENSG00000263146",NA
12.6097666003432,-1.15208512842542,0.211321832730889,-5.45180359992692,4.9861506912189e-08,6.8674852497769e-07,"ENSG00000263154.1","AC110285.3","lncRNA","Down_in_MUT","ENSG00000263154",NA
5.51965116492457,-1.24201168969778,0.256843611358488,-4.83567289499074,1.32695978444243e-06,1.22887650433417e-05,"ENSG00000263167.1","AC115099.1","lncRNA","Down_in_MUT","ENSG00000263167",NA
2.14422840696333,-2.25406760102385,0.467442525144419,-4.82212781202874,1.42034883433594e-06,1.30492757852755e-05,"ENSG00000263207.2","AC109462.2","lncRNA","Down_in_MUT","ENSG00000263207",NA
2.60085482492833,1.70644894043625,0.206081605795415,8.28045246372112,1.22708145368154e-16,1.24946686933816e-14,"ENSG00000263257.3","AC040173.1","lncRNA","Up_in_MUT","ENSG00000263257",NA
21.3370504076306,-1.2788914089478,0.172751781580278,-7.40305771233678,1.33083874856618e-13,7.79690473447661e-12,"ENSG00000263293.2","THCAT158","lncRNA","Down_in_MUT","ENSG00000263293","653479"
13.3187450152688,1.1333855340163,0.225029207855181,5.03661522350333,4.73835925819596e-07,4.9939235422607e-06,"ENSG00000263316.1","AC027763.2","lncRNA","Up_in_MUT","ENSG00000263316",NA
45.0597933273584,1.13993222503141,0.223184574492439,5.10757621857971,3.2631748621905e-07,3.60988011221359e-06,"ENSG00000263368.1","AC069366.1","processed_pseudogene","Up_in_MUT","ENSG00000263368",NA
7.70310184324845,1.06257546646887,0.264639095051952,4.015187046571,5.93986683856973e-05,0.000332355154515547,"ENSG00000263427.1","AC129492.2","lncRNA","Up_in_MUT","ENSG00000263427",NA
3.08135139639551,-1.61846615454265,0.436351708154951,-3.70908632714216,0.000208008504096289,0.000977649171811358,"ENSG00000263450.1","AC090371.1","lncRNA","Down_in_MUT","ENSG00000263450",NA
1.44725235056265,-1.90215584072855,0.623377557656909,-3.0513704212872,0.00227799349934332,0.00750717928007143,"ENSG00000263547.2","AC011095.1","lncRNA","Down_in_MUT","ENSG00000263547","339298"
5.45762482112307,1.68552184061216,0.380996630988338,4.42398095815119,9.68985647042813e-06,6.94145685702439e-05,"ENSG00000263588.1","AC091043.1","lncRNA","Up_in_MUT","ENSG00000263588",NA
1.02441390481367,-1.96830144382675,0.372712896101764,-5.28101244795494,1.28471960673065e-07,1.57846178049779e-06,"ENSG00000263649.1","MIR3135B","miRNA","Down_in_MUT","ENSG00000263649","100616218"
3.47457651790219,-1.11976789749285,0.344553240513972,-3.24991254130272,0.00115440505102626,0.0042212073636138,"ENSG00000263655.1","AC090125.1","lncRNA","Down_in_MUT","ENSG00000263655",NA
434.150196027524,1.15082059557044,0.341769608377894,3.36724087619275,0.000759243404593661,0.00295167681724867,"ENSG00000263711.6","LINC02864","lncRNA","Up_in_MUT","ENSG00000263711","400655"
33.3065271079934,-1.67007702557856,0.17141767924197,-9.74273501405365,1.98148187789318e-22,4.78422794926768e-20,"ENSG00000263718.2","SEPTIN9-DT","lncRNA","Down_in_MUT","ENSG00000263718","105371907"
99.5224318128847,1.3565722215956,0.229197502339272,5.91879146914749,3.2431585060425e-09,6.11975753381175e-08,"ENSG00000263934.5","SNORD3A","snoRNA","Up_in_MUT","ENSG00000263934",NA
1.58130143261413,-1.59703874665315,0.361185943270261,-4.42165254880405,9.79488738503179e-06,6.99468644069792e-05,"ENSG00000263958.2","AC091138.1","lncRNA","Down_in_MUT","ENSG00000263958",NA
71.7194494646475,-1.16916053926313,0.172196282858108,-6.7896967336196,1.12369502174348e-11,3.95290110794553e-10,"ENSG00000263961.8","RHEX","protein_coding","Down_in_MUT","ENSG00000263961","440712"
3.77506438068416,2.09211015710853,0.27039844454791,7.73713828349278,1.01679450024167e-14,7.57155549467341e-13,"ENSG00000264006.8","AKR1C8P","protein_coding","Up_in_MUT","ENSG00000264006","340811"
7.78318428260684,-1.69570826887411,0.225153100657363,-7.5313565033005,5.0215877034314e-14,3.22667382451738e-12,"ENSG00000264026.2","LINC02003","lncRNA","Down_in_MUT","ENSG00000264026","146795"
1.98798276054767,-1.1112359963905,0.310927929600058,-3.57393431275172,0.000351657184455668,0.00153866915510524,"ENSG00000264067.1","AC005291.1","lncRNA","Down_in_MUT","ENSG00000264067",NA
18.5404494605053,-1.21563142649474,0.249907096465961,-4.86433336101887,1.14843214702226e-06,1.08578110227667e-05,"ENSG00000264175.1","MIR3189","miRNA","Down_in_MUT","ENSG00000264175","100422943"
1.79131929101837,-1.15977853522517,0.329319236152165,-3.52174549162771,0.000428715517819817,0.00181656086740032,"ENSG00000264424.1","MYH4","protein_coding","Down_in_MUT","ENSG00000264424","4622"
1.97362198540635,-1.56107797867635,0.472551913593393,-3.30350578163054,0.000954840004657378,0.0035933056781716,"ENSG00000264451.1","AC036222.1","lncRNA","Down_in_MUT","ENSG00000264451",NA
11.884123702068,-2.47202704230515,0.292327757463516,-8.45635414082658,2.75866951811117e-17,3.18556363085946e-15,"ENSG00000264659.2","AC064805.2","lncRNA","Down_in_MUT","ENSG00000264659",NA
7.74710330692166,-1.71178990834004,0.297852535250034,-5.74710538187315,9.07841533946205e-09,1.51644745955972e-07,"ENSG00000264727.1","AC005725.1","lncRNA","Down_in_MUT","ENSG00000264727",NA
11.5464916444662,1.39706477537099,0.142339120585023,9.81504430847234,9.69953694942402e-23,2.45344398504042e-20,"ENSG00000264769.1","AC145207.8","lncRNA","Up_in_MUT","ENSG00000264769","128385369"
3.33927725101922,2.54543564201301,0.420140513594337,6.05853413239442,1.37367601880413e-09,2.84158069812707e-08,"ENSG00000264785.1","AC005722.4","lncRNA","Up_in_MUT","ENSG00000264785",NA
0.499151610789901,2.2291644373655,0.879391329490327,2.53489471934807,0.0112481125490786,0.0287503885677828,"ENSG00000264970.2","AC131274.3","transcribed_processed_pseudogene","Up_in_MUT","ENSG00000264970",NA
2.09247765943669,1.03933802673082,0.213451501550378,4.86919988466569,1.12051020694766e-06,1.0625343887423e-05,"ENSG00000265095.1","FTLP12","processed_pseudogene","Up_in_MUT","ENSG00000265095","100462792"
9.91690966244324,-2.04132689513095,0.243580867581397,-8.38048946700955,5.27080496161897e-17,5.79261465281925e-15,"ENSG00000265121.1","AC068594.1","lncRNA","Down_in_MUT","ENSG00000265121",NA
14.9710265186656,1.37612469877506,0.260446464152414,5.28371426831793,1.26590644133273e-07,1.55895302131821e-06,"ENSG00000265246.1","AC129926.1","lncRNA","Up_in_MUT","ENSG00000265246","124903956"
3.13467747966105,1.38288113831457,0.197925850562313,6.98686469900604,2.81097083565433e-12,1.1456323721629e-10,"ENSG00000265273.1","PGDP1","processed_pseudogene","Up_in_MUT","ENSG00000265273","342705"
4.02265224180771,-1.83780011122188,0.433433773336707,-4.24009439106216,2.23425814789184e-05,0.000142758703751926,"ENSG00000265374.1","LINC01908","lncRNA","Down_in_MUT","ENSG00000265374","105372040"
3.03926429663555,1.10018571368593,0.296098595170489,3.71560598945923,0.000202717266617119,0.000956872334768099,"ENSG00000265646.2","TUFMP1","processed_pseudogene","Up_in_MUT","ENSG00000265646","645668"
22.9249337675937,1.83461415052821,0.193781382810447,9.46744276421433,2.86778266339059e-21,5.93500657564425e-19,"ENSG00000265750.1","AC090772.3","lncRNA","Up_in_MUT","ENSG00000265750",NA
1.0484595999986,-1.2790251588101,0.373474957901194,-3.42466109641675,0.000615566774037348,0.00246869619420465,"ENSG00000265810.1","MIR3907","miRNA","Down_in_MUT","ENSG00000265810","100500835"
0.96785028948011,-1.92851338322329,0.375683050907053,-5.13335211308328,2.84626692602543e-07,3.19976625041822e-06,"ENSG00000266071.1","MIR3617","miRNA","Down_in_MUT","ENSG00000266071","100500897"
4.19451520344722,-1.01037478072401,0.231815630927872,-4.35852740680106,1.30940526767359e-05,8.98663446087851e-05,"ENSG00000266117.1","FBXO36P1","processed_pseudogene","Down_in_MUT","ENSG00000266117",NA
1.67530112639223,2.29516746433169,0.275515502597276,8.33044762525239,8.05372584797244e-17,8.41574742625343e-15,"ENSG00000266304.1","LIVAR","lncRNA","Up_in_MUT","ENSG00000266304",NA
14.1416462529653,2.24707028688636,0.308615707866742,7.28112740086653,3.31041864534404e-13,1.74969075697778e-11,"ENSG00000266401.2","AP002478.1","lncRNA","Up_in_MUT","ENSG00000266401","105371967"
4.32037487939512,-1.72488543363593,0.430926644785758,-4.00273562683385,6.26142570424212e-05,0.000347661844285541,"ENSG00000266554.2","LINC01443","lncRNA","Down_in_MUT","ENSG00000266554","400644"
3.37599662697583,1.43962980797146,0.276563276832367,5.20542649212266,1.93551554388154e-07,2.27239045967284e-06,"ENSG00000266578.2","AP001025.1","lncRNA","Up_in_MUT","ENSG00000266578",NA
1.05461951637924,2.4837515805009,0.734257605701273,3.38267055215413,0.000717846892760927,0.00281198737893083,"ENSG00000266736.1","GTF2IP6","unprocessed_pseudogene","Up_in_MUT","ENSG00000266736",NA
368.869488682036,2.60607111307013,0.410286549729812,6.35183170100584,2.12766035180988e-10,5.4048573068362e-09,"ENSG00000266968.2","AC023421.1","lncRNA","Up_in_MUT","ENSG00000266968",NA
7.87319532673919,-2.44850954805719,0.545919443355645,-4.48511145345319,7.28758315993207e-06,5.43431359125398e-05,"ENSG00000266976.3","AC079466.1","lncRNA","Down_in_MUT","ENSG00000266976","102724908"
1.61490490916701,1.78015845006497,0.342271506086862,5.20101270017258,1.98205556225386e-07,2.31901956037418e-06,"ENSG00000266988.6","AC021517.1","lncRNA","Up_in_MUT","ENSG00000266988","112268408"
43.0093116959434,-1.4004226760253,0.228687411389112,-6.12374186894999,9.14029325844622e-10,1.97364692709986e-08,"ENSG00000267013.6","LINC01929","lncRNA","Down_in_MUT","ENSG00000267013","101927229"
9.76824809324645,1.21970945585601,0.256247683161692,4.75988481459314,1.93703474214194e-06,1.71176448417242e-05,"ENSG00000267015.1","AC023090.1","lncRNA","Up_in_MUT","ENSG00000267015","124904332"
62.5491607906384,2.20395608932391,0.331346170207297,6.65152124119941,2.9007897792338e-11,9.27292588304518e-10,"ENSG00000267056.2","AC005336.1","processed_pseudogene","Up_in_MUT","ENSG00000267056","729654"
4.2788717524177,3.35748098738205,0.481797540323138,6.96865530930318,3.19984607678964e-12,1.28279615488506e-10,"ENSG00000267134.3","LINC01924","lncRNA","Up_in_MUT","ENSG00000267134","284294"
2.85852990761361,1.1422711463739,0.434215784704897,2.6306532065623,0.0085220948226191,0.0228568277448198,"ENSG00000267215.2","AC040963.1","lncRNA","Up_in_MUT","ENSG00000267215",NA
1.91880886942382,-1.24892869504799,0.337329542071386,-3.70239940261057,0.000213570052811188,0.00100039552515364,"ENSG00000267275.1","AC020911.2","lncRNA","Down_in_MUT","ENSG00000267275","118827812"
18.7358028693382,-1.14670095747462,0.156177678423643,-7.34228456363729,2.09978350383006e-13,1.16386434870553e-11,"ENSG00000267287.1","AC068473.3","lncRNA","Down_in_MUT","ENSG00000267287",NA
2.20506399127738,1.21210796786553,0.307166203671873,3.94609808428127,7.94350840571151e-05,0.000427431295624568,"ENSG00000267305.2","AL592148.2","unprocessed_pseudogene","Up_in_MUT","ENSG00000267305",NA
24.1837013465844,1.13492894975293,0.341772499368476,3.3207146620926,0.00089787281729613,0.00341033304255094,"ENSG00000267313.7","KC6","lncRNA","Up_in_MUT","ENSG00000267313","641516"
1.40717338206009,-1.11662992465967,0.313871719594775,-3.55759966556177,0.000374259118855227,0.00161999353212481,"ENSG00000267409.1","AC068473.4","lncRNA","Down_in_MUT","ENSG00000267409",NA
11.8091041693909,-1.70993559630093,0.260179214970401,-6.57214526723614,4.95954398024145e-11,1.50538691613596e-09,"ENSG00000267440.2","LINC02594","lncRNA","Down_in_MUT","ENSG00000267440","105371786"
8.83605199742365,-1.21305779528842,0.252358702022763,-4.80687919839991,1.53304559346967e-06,1.39559257667729e-05,"ENSG00000267453.7","CLEC4O","transcribed_unprocessed_pseudogene","Down_in_MUT","ENSG00000267453",NA
32.2986363749383,1.23026137324676,0.31898092034939,3.85684940622536,0.000114857874399679,0.00058900005068257,"ENSG00000267466.1","AC021683.1","lncRNA","Up_in_MUT","ENSG00000267466",NA
5.82154525184032,-1.7750412340578,0.305856462310124,-5.80351064238098,6.49406289235896e-09,1.12729999151619e-07,"ENSG00000267490.1","AC008759.1","unprocessed_pseudogene","Down_in_MUT","ENSG00000267490",NA
1.22523538970033,-1.08756576089565,0.396329381419139,-2.74409572412066,0.00606778414568718,0.0172113976669947,"ENSG00000267521.1","AC016168.1","lncRNA","Down_in_MUT","ENSG00000267521",NA
4.54758987322671,-1.10885607822038,0.290058936440307,-3.82286473165971,0.000131910151506243,0.000663422508861522,"ENSG00000267594.5","CYP4F24P","unprocessed_pseudogene","Down_in_MUT","ENSG00000267594",NA
14.5325095407867,-1.03608111935225,0.185795382293483,-5.57646323908987,2.45457754625407e-08,3.64707883341089e-07,"ENSG00000267607.1","AC011511.5","lncRNA","Down_in_MUT","ENSG00000267607","123706506"
1.55684402589009,1.36554775916376,0.199202920322773,6.85505893664175,7.12831247554009e-12,2.63863469114911e-10,"ENSG00000267719.1","LINC02078","lncRNA","Up_in_MUT","ENSG00000267719","100652929"
5.18724454791193,-1.82499679527767,0.375748642205836,-4.85696178318572,1.19200589225515e-06,1.12132289823093e-05,"ENSG00000267761.3","MIR4527HG","lncRNA","Down_in_MUT","ENSG00000267761","110175910"
3.01605334486064,1.31653715070147,0.489643984847935,2.68876406418091,0.00717170880004676,0.0197964257029526,"ENSG00000267879.2","AC011483.1","lncRNA","Up_in_MUT","ENSG00000267879",NA
4.79160060674642,1.49745079230667,0.296122348814916,5.05686517177607,4.26204336933413e-07,4.55518802442862e-06,"ENSG00000267909.3","CCDC177","protein_coding","Up_in_MUT","ENSG00000267909","56936"
1.00012128545892,-1.2231020511967,0.384122506466091,-3.18414576237456,0.00145181885465977,0.00512981360497357,"ENSG00000267922.1","AC007785.1","lncRNA","Down_in_MUT","ENSG00000267922",NA
1.86183696122735,-1.8102510496293,0.615042517961206,-2.9432941573374,0.00324739697779128,0.010155803069295,"ENSG00000268038.3","LINC01785","lncRNA","Down_in_MUT","ENSG00000268038","374890"
24.9651330256905,1.33559793039617,0.291740063681667,4.57804085438713,4.6935104030793e-06,3.69876075236558e-05,"ENSG00000268089.3","GABRQ","protein_coding","Up_in_MUT","ENSG00000268089","55879"
229.275654696791,-1.24951734890494,0.233898939741884,-5.34212489498168,9.18633239791791e-08,1.1758136540323e-06,"ENSG00000268416.1","AC010329.1","lncRNA","Down_in_MUT","ENSG00000268416",NA
2.80454717686949,-1.48698766620294,0.347863916074611,-4.27462463765287,1.91459577976919e-05,0.000124862046443675,"ENSG00000268535.1","MTDHP4","processed_pseudogene","Down_in_MUT","ENSG00000268535","100418834"
3.44881676668455,-1.91517732305252,0.311192608538542,-6.15431494998157,7.54027076814072e-10,1.66654625278372e-08,"ENSG00000268620.1","AC078899.3","unprocessed_pseudogene","Down_in_MUT","ENSG00000268620",NA
13.8284041637173,-1.51619578151824,0.291959192082242,-5.19317706938696,2.06735386837275e-07,2.41085382871964e-06,"ENSG00000268621.6","IGFL2-AS1","lncRNA","Down_in_MUT","ENSG00000268621","645553"
2.93689452695463,-1.99700639004436,0.609237114528282,-3.27788038913321,0.00104589704130089,0.00388248875863673,"ENSG00000268696.3","ZNF723","protein_coding","Down_in_MUT","ENSG00000268696","646864"
3.66033049350492,-1.35072931592738,0.34224177881558,-3.9467107744763,7.92321726205247e-05,0.000426627567762923,"ENSG00000268879.1","IGFL1P1","unprocessed_pseudogene","Down_in_MUT","ENSG00000268879",NA
3.22975912896016,2.16558189515862,0.787115855325118,2.75128734926084,0.00593615468956185,0.0168988949975936,"ENSG00000268940.5","CT45A1","protein_coding","Up_in_MUT","ENSG00000268940","541466"
1.27116996849893,-1.63788455745618,0.497082699398537,-3.29499409140168,0.000984237492816384,0.00368652404907169,"ENSG00000269037.1","LINC01838","lncRNA","Down_in_MUT","ENSG00000269037",NA
2.02136565095788,-1.62655808595358,0.340836124734347,-4.7722584782389,1.82171500669948e-06,1.62042642976609e-05,"ENSG00000269055.1","BNIP3P18","processed_pseudogene","Down_in_MUT","ENSG00000269055","106481693"
7.63592405795729,-1.04228180622609,0.293912811677268,-3.54622787716574,0.000390788118325521,0.00167854556861896,"ENSG00000269067.2","ZNF728","protein_coding","Down_in_MUT","ENSG00000269067","388523"
12.3166813651274,-1.30732876183097,0.206404490925695,-6.33381936588582,2.39165499094549e-10,5.96902397935973e-09,"ENSG00000269091.6","AC010624.3","lncRNA","Down_in_MUT","ENSG00000269091",NA
7.83456196614785,-1.40471002643088,0.268501892476453,-5.23165782361876,1.67996513240089e-07,2.00908700693241e-06,"ENSG00000269097.1","TPRG1LP1","processed_pseudogene","Down_in_MUT","ENSG00000269097","100130490"
1.85308604470246,-1.6397204464108,0.641106355839516,-2.55764185064679,0.0105384567280807,0.0272578440497208,"ENSG00000269138.1","ZNF209P","unprocessed_pseudogene","Down_in_MUT","ENSG00000269138",NA
51.7339854684133,-1.06522326194598,0.195350537118651,-5.45288115230004,4.95601939913223e-08,6.84076631744232e-07,"ENSG00000269235.2","ZNF350-AS1","lncRNA","Down_in_MUT","ENSG00000269235","101669766"
4.35046283252268,-4.21483479378332,0.502969936171396,-8.37989408644702,5.29753517910075e-17,5.8019843193512e-15,"ENSG00000269274.1","AC078899.4","unprocessed_pseudogene","Down_in_MUT","ENSG00000269274",NA
3.60890684018136,-1.18706856290578,0.337633843431911,-3.51584589637019,0.000438355339519857,0.00185019507692191,"ENSG00000269621.1","AL589765.7","lncRNA","Down_in_MUT","ENSG00000269621",NA
11.0936812909546,-1.13558616084539,0.206798143326517,-5.49127831893731,3.99034953812589e-08,5.61981573705745e-07,"ENSG00000269720.2","CCDC194","protein_coding","Down_in_MUT","ENSG00000269720","110806280"
7.61192059067912,-1.32545866992035,0.403021047957299,-3.28880756138769,0.00100612789835629,0.00375645140604028,"ENSG00000269779.1","AC010329.2","unprocessed_pseudogene","Down_in_MUT","ENSG00000269779",NA
24.4671656962371,1.40791474945635,0.150073676659613,9.38149035056752,6.5046695252647e-21,1.27969334839328e-18,"ENSG00000269887.1","AL391001.1","lncRNA","Up_in_MUT","ENSG00000269887",NA
6.40171081167449,-1.07089684223884,0.213795807819601,-5.00897025606065,5.47220285071279e-07,5.67538486999894e-06,"ENSG00000270035.1","AL359881.2","lncRNA","Down_in_MUT","ENSG00000270035",NA
5.59808928813912,1.79625894782454,0.549878597378429,3.26664641320517,0.00108829515363189,0.00401609081659875,"ENSG00000270038.1","AL133467.4","lncRNA","Up_in_MUT","ENSG00000270038",NA
3.11991523697542,-1.48286739389464,0.28388080349816,-5.22355642094076,1.75518951387608e-07,2.0873001864457e-06,"ENSG00000270171.1","AL359881.3","lncRNA","Down_in_MUT","ENSG00000270171",NA
2.2759256233448,-1.19236772321536,0.26092030220555,-4.56985413988992,4.88063779770565e-06,3.82564700567331e-05,"ENSG00000270207.2","AC077690.1","lncRNA","Down_in_MUT","ENSG00000270207",NA
4.18719618064755,-1.11333052075493,0.220956175791042,-5.0386938349612,4.68719571602217e-07,4.94982074683152e-06,"ENSG00000270244.1","AC104687.2","processed_pseudogene","Down_in_MUT","ENSG00000270244",NA
3.81224480742533,1.8094864900181,0.195694613336544,9.24648082625681,2.32005559436352e-20,4.22528524845485e-18,"ENSG00000270299.1","AL121758.1","protein_coding","Up_in_MUT","ENSG00000270299",NA
1.67241898647635,-1.82909024902551,0.711545430683704,-2.57058814539501,0.0101525986521465,0.0264379011065089,"ENSG00000270496.1","BNIP3P7","processed_pseudogene","Down_in_MUT","ENSG00000270496","101927265"
3.35562415520229,-1.16131940139108,0.227037633610421,-5.11509648388873,3.13580625840315e-07,3.48227460841696e-06,"ENSG00000270578.1","AP000787.2","processed_pseudogene","Down_in_MUT","ENSG00000270578",NA
5.57163986312837,-1.02866811391066,0.204235564499109,-5.03667476540377,4.73688621141401e-07,4.9939235422607e-06,"ENSG00000270689.1","BUD13P1","processed_pseudogene","Down_in_MUT","ENSG00000270689",NA
3.53908891307459,-1.70148788145113,0.312267501738438,-5.44881510877277,5.07064909751679e-08,6.96880799426294e-07,"ENSG00000270716.1","BNIP3P15","processed_pseudogene","Down_in_MUT","ENSG00000270716","106481692"
135.314606230559,-1.91567244467454,0.235320112967499,-8.14070850348061,3.92971463587577e-16,3.6836451517646e-14,"ENSG00000270765.6","GAS2L2","protein_coding","Down_in_MUT","ENSG00000270765","246176"
14.6502275036328,-1.07067174980646,0.208227880089592,-5.14182706631693,2.72079500019156e-07,3.07825550057171e-06,"ENSG00000270806.2","C17orf50","protein_coding","Down_in_MUT","ENSG00000270806","146853"
0.791821466610077,-1.74180353757982,0.721368245252358,-2.41458304970228,0.0157532312102985,0.0381049811705694,"ENSG00000270835.2","AP001425.1","transcribed_processed_pseudogene","Down_in_MUT","ENSG00000270835","100288590"
1.11752799338743,-1.45113370537269,0.601055715911622,-2.41430813642917,0.015765123503724,0.0381308530915373,"ENSG00000271201.1","AC247036.1","lncRNA","Down_in_MUT","ENSG00000271201",NA
2.6709514720421,1.63281332548173,0.229975332819757,7.09994983140844,1.24802184959078e-12,5.6499580068619e-11,"ENSG00000271204.1","AC016831.4","lncRNA","Up_in_MUT","ENSG00000271204",NA
3.92070083671952,1.81446548082018,0.211294495130281,8.5873769674,8.89773213231102e-18,1.09914581701118e-15,"ENSG00000271303.2","SRXN1","protein_coding","Up_in_MUT","ENSG00000271303","140809"
2.19059792899674,1.04586353488945,0.317462274149742,3.29444982932407,0.000986145469327281,0.00369280252061212,"ENSG00000271369.1","AC087783.1","processed_pseudogene","Up_in_MUT","ENSG00000271369",NA
12.4787303987008,-2.28383423484099,0.28238864070477,-8.08755702474833,6.08733331690055e-16,5.48049152946151e-14,"ENSG00000271392.1","AC006237.1","lncRNA","Down_in_MUT","ENSG00000271392",NA
1682.95797960747,-1.57167806243126,0.22035787699129,-7.13238883896754,9.86417351954142e-13,4.62219383529511e-11,"ENSG00000271447.6","MMP28","protein_coding","Down_in_MUT","ENSG00000271447","79148"
5.21483125130002,-1.30863404459324,0.380090461341407,-3.44295418510328,0.000575396782202521,0.00232994324729725,"ENSG00000271824.2","SMIM32","protein_coding","Down_in_MUT","ENSG00000271824","389332"
8.77053756390299,1.42483028630525,0.419116064316052,3.39960790725216,0.000674825464101659,0.00266411028940716,"ENSG00000271830.1","AC012213.4","lncRNA","Up_in_MUT","ENSG00000271830",NA
92.140373618505,-1.04802494534542,0.142341177251211,-7.36276715975037,1.8013642272185e-13,1.01973853082914e-11,"ENSG00000272031.3","ANKRD34A","protein_coding","Down_in_MUT","ENSG00000272031","284615"
263.35074792386,2.47538355864794,0.25227498570858,9.81224338075051,9.97263881991209e-23,2.50266119550723e-20,"ENSG00000272068.1","AL365181.2","lncRNA","Up_in_MUT","ENSG00000272068",NA
1.66685646933231,2.36561313310622,0.538445811685967,4.39340985065717,1.11586473242237e-05,7.82480195534286e-05,"ENSG00000272157.1","AC107373.2","lncRNA","Up_in_MUT","ENSG00000272157",NA
8.91261675079098,1.44363687850641,0.332872713699599,4.33690362439625,1.44503946244087e-05,9.78641154004525e-05,"ENSG00000272163.1","AF106564.1","lncRNA","Up_in_MUT","ENSG00000272163",NA
613.844698386533,1.94256769568107,0.220096680543385,8.82597452576372,1.0851072731989e-18,1.55781323892442e-16,"ENSG00000272405.1","AL365181.3","lncRNA","Up_in_MUT","ENSG00000272405",NA
1.48349347758889,-1.39216837840602,0.287706807933042,-4.83884405936622,1.30596460975405e-06,1.21277383675616e-05,"ENSG00000272411.1","AC116312.1","lncRNA","Down_in_MUT","ENSG00000272411",NA
4.12469400550576,-1.08858099139375,0.265128011396112,-4.10586940874897,4.02797006505475e-05,0.000237468431267777,"ENSG00000272541.1","AL021368.3","lncRNA","Down_in_MUT","ENSG00000272541",NA
2.38118728520904,1.59586220260149,0.262114578969007,6.08841449750182,1.14034326243026e-09,2.40528657292619e-08,"ENSG00000272549.1","LINC02538","lncRNA","Up_in_MUT","ENSG00000272549","401286"
88.9662376781391,-1.3332031191748,0.209054399149991,-6.37730238921333,1.80234379149234e-10,4.70840155562723e-09,"ENSG00000272622.2","AC010735.2","lncRNA","Down_in_MUT","ENSG00000272622",NA
1.36139471742123,1.65565370490071,0.44474282655299,3.72272155063852,0.000197086838258716,0.000935142864693099,"ENSG00000272703.1","AP005137.2","lncRNA","Up_in_MUT","ENSG00000272703",NA
5.51578601756436,-1.19302065320465,0.390487823200483,-3.05520577678074,0.00224906153411439,0.00742873252707634,"ENSG00000272727.2","LINC02266","lncRNA","Down_in_MUT","ENSG00000272727","105377466"
81.9049718946524,-1.07089417967891,0.223501524601393,-4.79144015500034,1.65588413174526e-06,1.4937640295175e-05,"ENSG00000272808.4","AC015712.6","lncRNA","Down_in_MUT","ENSG00000272808","105369201"
80.9502497820402,-1.97301298899293,0.203111137866635,-9.7139576377561,2.62925338992424e-22,6.20718035483522e-20,"ENSG00000272825.1","AL844908.1","lncRNA","Down_in_MUT","ENSG00000272825",NA
1.08423364045044,1.34614947495212,0.271781942193462,4.9530497283513,7.30592942378548e-07,7.29928766976386e-06,"ENSG00000272971.1","AL365181.4","lncRNA","Up_in_MUT","ENSG00000272971",NA
2.14142717635087,-1.0872105778191,0.255176686642988,-4.26061875840636,2.03861722591702e-05,0.000131897624050348,"ENSG00000273012.1","AL353600.1","lncRNA","Down_in_MUT","ENSG00000273012",NA
1.47017204607008,-1.17149502908631,0.244384009998803,-4.79366481093442,1.63761804144656e-06,1.47896074239e-05,"ENSG00000273112.1","AL590385.2","lncRNA","Down_in_MUT","ENSG00000273112",NA
7.43635877667668,1.34046217355728,0.203594573126385,6.58397791735422,4.58025182333242e-11,1.40227863459585e-09,"ENSG00000273143.2","AL355512.1","lncRNA","Up_in_MUT","ENSG00000273143","105378482"
3.1030743136614,-1.08145807781012,0.201368942199052,-5.3705306587999,7.8505284688258e-08,1.01999263281674e-06,"ENSG00000273291.5","AC092042.3","protein_coding","Down_in_MUT","ENSG00000273291",NA
41.3270471165367,1.39334689754832,0.18914935213809,7.36638472084798,1.75317408104928e-13,9.95996633460279e-12,"ENSG00000273297.2","AC009275.1","lncRNA","Up_in_MUT","ENSG00000273297","105375517"
10.9057671479711,1.86388215902982,0.209113832655891,8.91324182316024,4.95617264902996e-19,7.52181802367781e-17,"ENSG00000273319.1","AC058791.1","lncRNA","Up_in_MUT","ENSG00000273319",NA
4.48526708381076,-1.04813355400385,0.2481917200754,-4.22308026103943,2.40985952923184e-05,0.00015266275701878,"ENSG00000273388.1","AC005291.2","lncRNA","Down_in_MUT","ENSG00000273388",NA
3.36009469241664,-1.49972801788939,0.312159740388199,-4.8043607930489,1.55246667545535e-06,1.41125685720015e-05,"ENSG00000273409.3","LINC02712","lncRNA","Down_in_MUT","ENSG00000273409","101929497"
14.3629967903424,-1.03542823868042,0.205652466090662,-5.0348447473708,4.7823626953698e-07,5.0336420562791e-06,"ENSG00000273492.6","AP000229.1","lncRNA","Down_in_MUT","ENSG00000273492","118568803"
17.1061051228355,-1.80166151749038,0.405557109043063,-4.44243603999818,8.89460778771942e-06,6.46624189786509e-05,"ENSG00000273706.5","LHX1","protein_coding","Down_in_MUT","ENSG00000273706","3975"
3.56262569636954,-1.46462991803606,0.241140581578597,-6.0737595822654,1.24949755662808e-09,2.61475618038697e-08,"ENSG00000273866.1","Metazoa_SRP","misc_RNA","Down_in_MUT","ENSG00000273866",NA
2.94215870330821,1.00748407174586,0.197405977551903,5.10361481572143,3.33226183013877e-07,3.67727676042485e-06,"ENSG00000274128.1","AC027807.2","lncRNA","Up_in_MUT","ENSG00000274128",NA
5.90455543304961,-1.04476752231928,0.327519631419445,-3.18993862380504,0.0014230301206183,0.00504229810891724,"ENSG00000274209.4","ANTXRL","protein_coding","Down_in_MUT","ENSG00000274209","195977"
11.7810667890258,-1.33800139787255,0.301699727518219,-4.43487771394077,9.21245666152203e-06,6.64126229946547e-05,"ENSG00000274312.1","AC015722.2","lncRNA","Down_in_MUT","ENSG00000274312",NA
1.01867612592141,-1.10734729021476,0.424414859315221,-2.60911526990696,0.00907766582828669,0.0240874438109504,"ENSG00000274423.1","SEC22B2P","unprocessed_pseudogene","Down_in_MUT","ENSG00000274423",NA
4.86924478409276,-1.05695569137979,0.200281029845627,-5.2773629743889,1.31056133844097e-07,1.60773288750778e-06,"ENSG00000274624.1","AC007671.1","lncRNA","Down_in_MUT","ENSG00000274624",NA
8.59433209593329,-1.16122829801953,0.299623200942471,-3.87562877095919,0.000106349718937959,0.000550328282557509,"ENSG00000274993.1","AC254629.1","lncRNA","Down_in_MUT","ENSG00000274993",NA
2.66890767857518,1.01735952916811,0.241900969535255,4.20568603392818,2.60291375639915e-05,0.000163302095138184,"ENSG00000274997.2","H2AC12","protein_coding","Up_in_MUT","ENSG00000274997","85235"
11.7272030431762,1.23094539798514,0.299405884458143,4.11129327071469,3.93449063929085e-05,0.000232905184184322,"ENSG00000275011.1","ALOXE3P1","unprocessed_pseudogene","Up_in_MUT","ENSG00000275011",NA
3.73831284669624,1.29439766777267,0.343250961209854,3.77099502710879,0.00016259791368073,0.000794443983890625,"ENSG00000275212.3","LINC02826","lncRNA","Up_in_MUT","ENSG00000275212","105370057"
212.146544901667,1.49902926565476,0.383829662010286,3.90545446072009,9.40484689888376e-05,0.00049340226422111,"ENSG00000275216.2","AL161431.1","lncRNA","Up_in_MUT","ENSG00000275216",NA
1.62410658413626,1.63208167423219,0.440429782948462,3.70565692289519,0.000210843539841893,0.000989514719231479,"ENSG00000275232.1","AC073578.2","lncRNA","Up_in_MUT","ENSG00000275232",NA
1.28923482221405,-1.22542182828583,0.398208282959858,-3.07733887195248,0.0020885771829827,0.00698845599987838,"ENSG00000275315.1","AC141273.3","unprocessed_pseudogene","Down_in_MUT","ENSG00000275315",NA
11.5113385582011,-1.00689578599653,0.221499123002657,-4.54582290144981,5.47210341338423e-06,4.21972920125741e-05,"ENSG00000275392.1","AL445493.3","lncRNA","Down_in_MUT","ENSG00000275392",NA
4199.30146812474,-1.97560743633283,0.19626862638441,-10.0658341209533,7.82214246069914e-24,2.35188209778247e-21,"ENSG00000275395.6","FCGBP","protein_coding","Down_in_MUT","ENSG00000275395","8857"
1.71489609328523,-1.03368664175773,0.348862236074792,-2.9630224623571,0.00304634337766324,0.0096157284133411,"ENSG00000275465.7","AL449403.2","lncRNA","Down_in_MUT","ENSG00000275465","158434"
7.57727655269687,1.25490970463639,0.144233937547547,8.70051616127239,3.3037799691567e-18,4.33311816448532e-16,"ENSG00000275552.1","AC243965.2","lncRNA","Up_in_MUT","ENSG00000275552",NA
2.11911815637991,1.17656559470507,0.267978562139701,4.39052133614967,1.13079218455021e-05,7.91479997869858e-05,"ENSG00000275567.1","AC008250.2","lncRNA","Up_in_MUT","ENSG00000275567",NA
2.44238541370022,1.15098756163169,0.184126431029917,6.25107191397565,4.07645106889576e-10,9.63802463032468e-09,"ENSG00000275636.1","AC021755.3","lncRNA","Up_in_MUT","ENSG00000275636",NA
2.27102571645894,-1.9757287889782,0.461211438289633,-4.28378098406457,1.83743791822982e-05,0.00012061994622431,"ENSG00000275676.1","BX005040.1","lncRNA","Down_in_MUT","ENSG00000275676",NA
15.3804752291415,-1.89189485298363,0.373561541850735,-5.06447972029085,4.09517227133779e-07,4.40787691522481e-06,"ENSG00000275678.1","AL133320.2","lncRNA","Down_in_MUT","ENSG00000275678",NA
12.7549277353239,-1.02609072284922,0.320707481580946,-3.19945988721887,0.00137685345557672,0.00490243508911694,"ENSG00000275874.1","PICSAR","lncRNA","Down_in_MUT","ENSG00000275874","378825"
34.4152849450067,1.23117915490224,0.180234699977722,6.83097735926775,8.43380447276264e-12,3.08603653675566e-10,"ENSG00000275880.1","AL139385.1","lncRNA","Up_in_MUT","ENSG00000275880","127138861"
554.651513711445,-2.4904640911846,0.33296836764237,-7.479581645604,7.45595789493357e-14,4.56978527056592e-12,"ENSG00000275896.6","PRSS2","protein_coding","Down_in_MUT","ENSG00000275896","5645"
1.4175594252198,1.1046311004428,0.263308523791312,4.1951968912267,2.7263465545224e-05,0.000169942090825706,"ENSG00000275929.1","AC068831.4","unprocessed_pseudogene","Up_in_MUT","ENSG00000275929",NA
1.44390091088336,-1.22958593773246,0.352721436133645,-3.48599719713824,0.000490306142057162,0.00203444174632259,"ENSG00000275944.1","AC244100.3","lncRNA","Down_in_MUT","ENSG00000275944",NA
1.37923814856046,-1.36093226783758,0.304099398102004,-4.47528760770871,7.63085224653053e-06,5.66331809600225e-05,"ENSG00000275981.1","AC018816.2","misc_RNA","Down_in_MUT","ENSG00000275981",NA
40.6409824291331,2.06441257152369,0.662760435594266,3.11486996002202,0.00184026020235086,0.00626947438900311,"ENSG00000276122.1","AC026336.3","lncRNA","Up_in_MUT","ENSG00000276122",NA
1.95786807977678,-1.20243552932602,0.312558284188733,-3.84707617795836,0.000119535811204338,0.000608976351551466,"ENSG00000276128.2","AL591441.1","transcribed_processed_pseudogene","Down_in_MUT","ENSG00000276128","100131760"
1.94305365391054,-1.59598313018107,0.334715094512477,-4.76818391625174,1.85894044571695e-06,1.65052279762748e-05,"ENSG00000276160.1","GGTLC5P","unprocessed_pseudogene","Down_in_MUT","ENSG00000276160","653590"
9.84540544031633,-1.32812438384461,0.266882047274171,-4.97644707618799,6.47619724283401e-07,6.58592477110284e-06,"ENSG00000276289.4","KCNE1B","protein_coding","Down_in_MUT","ENSG00000276289","102723475"
3.46502721059539,-2.53826522753032,0.455013968071475,-5.57843364301204,2.42694021987866e-08,3.61612958147511e-07,"ENSG00000276422.2","AL590491.2","lncRNA","Down_in_MUT","ENSG00000276422","124906839"
1.65161500756197,-1.57103733397029,0.28534961535131,-5.50565779468845,3.67792353852626e-08,5.24235693633141e-07,"ENSG00000277103.1","AL445670.1","processed_pseudogene","Down_in_MUT","ENSG00000277103",NA
26.8375893289767,1.75721034493801,0.229833976561238,7.64556385974471,2.08031674155331e-14,1.41973821991532e-12,"ENSG00000277200.1","AC005696.4","lncRNA","Up_in_MUT","ENSG00000277200","101928991"
7.69305130156613,-1.83645109349157,0.459856508654024,-3.99353071867303,6.50966406565056e-05,0.000359877716281612,"ENSG00000277268.2","LHX1-DT","lncRNA","Down_in_MUT","ENSG00000277268","102723471"
4.29543293524882,-2.06820195271711,0.401471620470878,-5.15155205812894,2.58339490684174e-07,2.94146118796038e-06,"ENSG00000277350.2","AL353770.4","lncRNA","Down_in_MUT","ENSG00000277350",NA
1.98427520590687,1.19763310908011,0.260847579125474,4.59131387416104,4.40464343295084e-06,3.49851823695531e-05,"ENSG00000277504.1","AC010536.3","lncRNA","Up_in_MUT","ENSG00000277504",NA
7.56005354596585,-1.59235872717647,0.210389040248498,-7.56863915199991,3.77154183442011e-14,2.47840844958358e-12,"ENSG00000277531.2","PNMA8C","protein_coding","Down_in_MUT","ENSG00000277531","110806277"
94.9804466573793,2.53949707916282,0.317303850359245,8.00336042656795,1.21068896364754e-15,1.0513860479676e-13,"ENSG00000277586.4","NEFL","protein_coding","Up_in_MUT","ENSG00000277586","4747"
3.45859061183075,-1.33587148723047,0.222782275244315,-5.9963095617256,2.01852070966511e-09,3.99083582740302e-08,"ENSG00000277587.1","AC008759.3","lncRNA","Down_in_MUT","ENSG00000277587",NA
390.412503109941,-1.77018280552626,0.229575399480414,-7.71068158667095,1.25147547819577e-14,9.10634131634183e-13,"ENSG00000277639.2","AC007906.2","protein_coding","Down_in_MUT","ENSG00000277639","105371267"
4.57653119786713,2.31178709306769,0.432216632928765,5.34867683689698,8.85995806515123e-08,1.13723609945403e-06,"ENSG00000277738.1","AC126175.2","lncRNA","Up_in_MUT","ENSG00000277738",NA
2.39696165371935,-2.13819442291604,0.440185934574115,-4.85748011231838,1.18889074338232e-06,1.1190530679958e-05,"ENSG00000277748.1","AC006262.4","unprocessed_pseudogene","Down_in_MUT","ENSG00000277748",NA
2.74761291768829,1.48162750531946,0.303291683454202,4.88515704896734,1.03346444732725e-06,9.90602869195995e-06,"ENSG00000277775.2","H3C7","protein_coding","Up_in_MUT","ENSG00000277775","8968"
0.590870910594527,1.85408618883964,0.511659886610418,3.6236692329398,0.000290453007402071,0.00130638269812467,"ENSG00000277837.1","AC090340.1","lncRNA","Up_in_MUT","ENSG00000277837",NA
143.225396038578,-1.32266655171431,0.255504543431419,-5.17668505597175,2.25863012921049e-07,2.60342860210009e-06,"ENSG00000277893.2","SRD5A2","protein_coding","Down_in_MUT","ENSG00000277893","6716"
19.7496008694344,-1.37677215846242,0.305028891217047,-4.51357952674313,6.37425318593418e-06,4.82779998310143e-05,"ENSG00000277987.2","LINC02351","lncRNA","Down_in_MUT","ENSG00000277987","105371011"
0.765874446616239,2.37733882697174,0.665104687726789,3.57438290669257,0.000351054871447962,0.00153645561767619,"ENSG00000278012.1","AL031658.2","lncRNA","Up_in_MUT","ENSG00000278012",NA
2.04176691737511,1.04346921368221,0.234041767991897,4.45847432548166,8.25450818160353e-06,6.0645327398775e-05,"ENSG00000278022.1","AC118658.1","lncRNA","Up_in_MUT","ENSG00000278022",NA
1.11203258581026,-1.40342071093173,0.493673986027698,-2.84280871719457,0.00447178997108972,0.0133396123332647,"ENSG00000278054.1","AL591926.5","processed_pseudogene","Down_in_MUT","ENSG00000278054",NA
13.4756992177837,-1.17770113993958,0.362181938853258,-3.25168379093784,0.00114723576462062,0.00419932824787228,"ENSG00000278484.1","AC010998.3","lncRNA","Down_in_MUT","ENSG00000278484",NA
3.27106943289114,1.00845915776696,0.367250610707581,2.74596999532272,0.00603322811536248,0.017137701716998,"ENSG00000278698.1","AL162574.2","lncRNA","Up_in_MUT","ENSG00000278698","105370349"
4.37439222481588,1.05025027356753,0.249180850209723,4.21481134157617,2.49987071768171e-05,0.000157737833385931,"ENSG00000278716.1","AC133540.1","lncRNA","Up_in_MUT","ENSG00000278716",NA
7.80484456299212,1.01235972070121,0.292216782167853,3.4644133481687,0.000531389305393998,0.00217825190382149,"ENSG00000278840.1","AC009878.1","lncRNA","Up_in_MUT","ENSG00000278840",NA
2.96133759608476,-1.03063228533989,0.202727234214843,-5.08383735086953,3.69884714196968e-07,4.02478515745018e-06,"ENSG00000278875.1","AC025809.2","TEC","Down_in_MUT","ENSG00000278875",NA
1.25798700424964,-1.19389153341769,0.366118113948913,-3.26094636657143,0.00111041041461049,0.00408470571607235,"ENSG00000278902.1","AC010947.1","TEC","Down_in_MUT","ENSG00000278902",NA
26.7938237036205,-1.78011917369653,0.257885415888073,-6.90275240096996,5.10044862386958e-12,1.95085950514863e-10,"ENSG00000278910.4","BANCR","lncRNA","Down_in_MUT","ENSG00000278910","100885775"
3.32401732132708,1.00013490740286,0.335078555863909,2.9847774198032,0.00283784738260978,0.009058090528909,"ENSG00000278924.1","AC078883.3","TEC","Up_in_MUT","ENSG00000278924",NA
5.78872873347433,-1.06470188824195,0.197280496299575,-5.39689380457143,6.78044923581187e-08,9.00790736117383e-07,"ENSG00000279013.1","AC110774.1","TEC","Down_in_MUT","ENSG00000279013",NA
13.9632667649528,-1.68419880118067,0.276251732928916,-6.09660899978512,1.08342084111093e-09,2.3035921701167e-08,"ENSG00000279017.1","AC098476.1","TEC","Down_in_MUT","ENSG00000279017",NA
1.81611268712644,-1.04685497254086,0.323842279783279,-3.23260746941824,0.0012266598648372,0.00444765376020777,"ENSG00000279124.1","AL356585.2","unprocessed_pseudogene","Down_in_MUT","ENSG00000279124","122965330"
6.22013833835252,1.44536048948894,0.238240107206962,6.06682269595075,1.30465447140085e-09,2.71768906261545e-08,"ENSG00000279128.1","AC078925.2","TEC","Up_in_MUT","ENSG00000279128",NA
4.36442057946886,1.23761844926164,0.346997092043272,3.56665366264021,0.000361568830672054,0.00157468710062162,"ENSG00000279136.1","AL031258.1","TEC","Up_in_MUT","ENSG00000279136",NA
2.39540020404742,-1.73122769666205,0.337617402427948,-5.1277798010768,2.93179063109513e-07,3.28620352347753e-06,"ENSG00000279160.1","AC009336.2","TEC","Down_in_MUT","ENSG00000279160",NA
4.5113517206178,1.21227435474655,0.287890093799587,4.21089290967569,2.54363311146536e-05,0.000160023945707684,"ENSG00000279197.1","AC010608.2","TEC","Up_in_MUT","ENSG00000279197",NA
1.74695204841409,-1.09202545762212,0.251643327028207,-4.33957645735512,1.42757592672069e-05,9.69285734139648e-05,"ENSG00000279288.1","AC073346.2","TEC","Down_in_MUT","ENSG00000279288",NA
1.62055681693857,-1.1126962862305,0.258418940504339,-4.30578456849534,1.66394932967641e-05,0.000110713421891685,"ENSG00000279315.1","AL158212.4","TEC","Down_in_MUT","ENSG00000279315",NA
8.29118042610333,-1.07891367269209,0.226671760746575,-4.75980629055218,1.93778849097585e-06,1.71176448417242e-05,"ENSG00000279328.1","AC073439.1","TEC","Down_in_MUT","ENSG00000279328","124906280"
43.1441328905667,1.02808176817756,0.140811743117529,7.30110817049869,2.85407169896197e-13,1.53393118242187e-11,"ENSG00000279332.1","AC090772.4","TEC","Up_in_MUT","ENSG00000279332",NA
1.40611764761606,1.34270183985758,0.320397619753248,4.1907360013837,2.78051032875636e-05,0.000172792694777928,"ENSG00000279421.1","AC067863.2","TEC","Up_in_MUT","ENSG00000279421",NA
1.47820830350457,-1.55079869485829,0.388020856936079,-3.99668901075017,6.4234597437621e-05,0.000355667278480615,"ENSG00000279444.1","AC135584.1","TEC","Down_in_MUT","ENSG00000279444",NA
1.58535872203708,-1.09480232169602,0.264359436593292,-4.14134004749122,3.45282619969365e-05,0.000207906714170482,"ENSG00000279571.3","AL162426.1","lncRNA","Down_in_MUT","ENSG00000279571",NA
5.65453393688981,-2.00900314943743,0.309578483828745,-6.48947925770185,8.61335636816835e-11,2.45542290527633e-09,"ENSG00000279588.2","AC087762.2","TEC","Down_in_MUT","ENSG00000279588",NA
4.52733267056697,-1.58970932028028,0.30001706586493,-5.29872964291964,1.16611148377105e-07,1.45119637248212e-06,"ENSG00000279711.1","AP004782.1","TEC","Down_in_MUT","ENSG00000279711",NA
1.22888607940115,-2.05153221630121,0.455981879125046,-4.49915294931842,6.82247599657782e-06,5.12707221143437e-05,"ENSG00000279737.1","AC112204.3","TEC","Down_in_MUT","ENSG00000279737",NA
1.72609898932954,-2.69057795425717,0.459185828465637,-5.85945337914216,4.64393233980714e-09,8.34781543158452e-08,"ENSG00000279774.1","AL590483.3","TEC","Down_in_MUT","ENSG00000279774",NA
14.3629910784707,1.65162100989796,0.193488861399041,8.53600045995279,1.38947808855846e-17,1.64624744090879e-15,"ENSG00000279841.1","AC092135.3","TEC","Up_in_MUT","ENSG00000279841",NA
1.6224720723214,1.28273502296822,0.308285611823997,4.16086568354199,3.1704351779986e-05,0.000193461496377548,"ENSG00000279903.1","SLC7A2-IT1","TEC","Up_in_MUT","ENSG00000279903",NA
3.2649076945308,1.70302966539931,0.336785014246274,5.05672637843074,4.26514504773984e-07,4.55697076153256e-06,"ENSG00000279905.1","AC063926.3","TEC","Up_in_MUT","ENSG00000279905",NA
5.86872509848444,1.20046538362492,0.255594391768516,4.6967594841132,2.64321385537771e-06,2.24449736913207e-05,"ENSG00000279993.1","AC078925.3","TEC","Up_in_MUT","ENSG00000279993",NA
84.4408565326127,-1.17971494738415,0.157512308962165,-7.48966830057405,6.90478918987031e-14,4.28971805595237e-12,"ENSG00000280032.1","AP002800.1","TEC","Down_in_MUT","ENSG00000280032",NA
2.13889126554828,2.49232632428035,0.38852124067692,6.4149036483513,1.40911954174198e-10,3.79949652409972e-09,"ENSG00000280068.1","AC138965.2","TEC","Up_in_MUT","ENSG00000280068",NA
2.52718798320721,1.71939290135146,0.387572416650529,4.43631390543932,9.15123748183045e-06,6.60759152205297e-05,"ENSG00000280147.1","AC084026.3","TEC","Up_in_MUT","ENSG00000280147",NA
5.60689400751268,-1.00684153784506,0.255080795339619,-3.94714755575596,7.90878181767159e-05,0.000425978935243365,"ENSG00000280165.1","PCDH20","protein_coding","Down_in_MUT","ENSG00000280165","64881"
6.45296453559232,-1.39186917445613,0.392936749779207,-3.54222193581595,0.000396771495536626,0.0016994361422185,"ENSG00000280171.1","AC010329.5","unprocessed_pseudogene","Down_in_MUT","ENSG00000280171",NA
4.92697996555661,1.12095080621835,0.258388580959363,4.33823662816834,1.43630468030267e-05,9.73967371615455e-05,"ENSG00000280179.1","CU639417.5","lncRNA","Up_in_MUT","ENSG00000280179",NA
3.44870581188588,3.0770415777557,0.569391805242876,5.40408476100773,6.51401378219866e-08,8.69380792514462e-07,"ENSG00000280180.1","AC023824.6","TEC","Up_in_MUT","ENSG00000280180",NA
15.3986849021613,-1.48610173617535,0.261539267541889,-5.68213618605984,1.33022667767216e-08,2.12616120582193e-07,"ENSG00000280208.1","GGT4P","unprocessed_pseudogene","Down_in_MUT","ENSG00000280208",NA
125.498092490649,-1.01779185275188,0.129287914452879,-7.87228920088139,3.48210075879075e-15,2.7744508320855e-13,"ENSG00000280219.1","AC093908.1","TEC","Down_in_MUT","ENSG00000280219",NA
4.8158902366605,4.38436713912487,0.594724965538228,7.37209196381558,1.67971074941581e-13,9.57675515109681e-12,"ENSG00000280229.1","AL161658.1","TEC","Up_in_MUT","ENSG00000280229",NA
9.49374559620138,-2.05846688035187,0.359569414519065,-5.72481083549648,1.03549053905145e-08,1.69676704216497e-07,"ENSG00000280623.1","PCAT14","lncRNA","Down_in_MUT","ENSG00000280623","124900476"
2.53052193227891,-2.1244329704582,0.432211138552134,-4.91526659302407,8.86617255471211e-07,8.64140016792751e-06,"ENSG00000280725.2","LINC00251","lncRNA","Down_in_MUT","ENSG00000280725","552859"
225.341915839353,1.21539124847055,0.116761263383464,10.4091991920214,2.25107239735971e-25,8.0611155478934e-23,"ENSG00000280832.1","GSEC","lncRNA","Up_in_MUT","ENSG00000280832","399972"
2.90579046744134,1.64364171652066,0.714245299859524,2.30122860709608,0.0213787127147186,0.0491212567897626,"ENSG00000280837.1","CPS1-IT1","lncRNA","Up_in_MUT","ENSG00000280837","29034"
8.27519744569099,1.53156823276185,0.278714896623801,5.49510719130705,3.90473165043565e-08,5.51881187575621e-07,"ENSG00000280870.3","MIR325HG","lncRNA","Up_in_MUT","ENSG00000280870","101928469"
3.7642884378688,1.98266807213742,0.317049983576927,6.2534873831853,4.01387005164826e-10,9.50416436969403e-09,"ENSG00000281186.1","LINC00706","lncRNA","Up_in_MUT","ENSG00000281186","100652997"
3.72171814792446,-1.36422994235286,0.346489146023824,-3.93729488501511,8.24053173087178e-05,0.000440956995961408,"ENSG00000281655.1","AP000851.2","lncRNA","Down_in_MUT","ENSG00000281655",NA
1.65453254685169,1.80633278952268,0.436876380259242,4.13465426638722,3.55489396450269e-05,0.000213367279741366,"ENSG00000281732.1","Z84468.1","lncRNA","Up_in_MUT","ENSG00000281732","284933"
1.78957224988273,1.58154225764504,0.548728587071217,2.8821940298142,0.00394916469076804,0.0120179344848151,"ENSG00000281832.1","LINC00602","lncRNA","Up_in_MUT","ENSG00000281832","441177"
12.3214656958189,1.16288221016436,0.188559209542879,6.1671992207833,6.95101608407778e-10,1.54811903295348e-08,"ENSG00000282021.1","AC100810.3","lncRNA","Up_in_MUT","ENSG00000282021",NA
584.322049541796,-1.57722279504767,0.318072165026694,-4.95869481353486,7.09683501088219e-07,7.12612566577903e-06,"ENSG00000282122.1","IGHV7-4-1","IG_V_gene","Down_in_MUT","ENSG00000282122","57289"
5.12819138390242,1.08291823461053,0.21847078874346,4.95681020258573,7.16599166140436e-07,7.18877306391623e-06,"ENSG00000282440.1","AC074099.1","lncRNA","Up_in_MUT","ENSG00000282440",NA
17.8886825202049,-3.93130109425829,0.638190285869261,-6.16007667509946,7.27097307716129e-10,1.61261783536679e-08,"ENSG00000282842.1","FRG2EP","unprocessed_pseudogene","Down_in_MUT","ENSG00000282842",NA
1.51367273915292,1.00156551735567,0.407879736099366,2.45554125079574,0.0140672606741333,0.0346849500963408,"ENSG00000282911.1","DUX4L35","unprocessed_pseudogene","Up_in_MUT","ENSG00000282911",NA
4.92062064101893,1.91329545541248,0.295095744503992,6.48364299061114,8.95339415625384e-11,2.53422402445796e-09,"ENSG00000283020.1","DUX4L37","unprocessed_pseudogene","Up_in_MUT","ENSG00000283020","107080108"
1.48758446806515,-1.16054498971763,0.3386533079685,-3.42694124761236,0.000610421126743557,0.00245052673264188,"ENSG00000283145.1","AP000550.3","unprocessed_pseudogene","Down_in_MUT","ENSG00000283145",NA
5.88291170183085,-1.97883224695949,0.334680463310067,-5.91260161226138,3.36745974182501e-09,6.30207336651233e-08,"ENSG00000283178.1","BX119927.1","unprocessed_pseudogene","Down_in_MUT","ENSG00000283178","100289206"
1.51870190843148,-1.07132378342466,0.30509318628209,-3.51146414143156,0.000445645579918426,0.00187723635706848,"ENSG00000283258.2","AC007491.1","lncRNA","Down_in_MUT","ENSG00000283258",NA
1.26153552673161,-1.51596619641907,0.415094274291044,-3.6521009570856,0.000260103583608913,0.00118730468536231,"ENSG00000283259.1","AC242022.1","lncRNA","Down_in_MUT","ENSG00000283259",NA
11.2548727295196,-1.64985032017548,0.278831058233065,-5.91702492050375,3.27817040350162e-09,6.16392737050147e-08,"ENSG00000283288.1","SMIM33","protein_coding","Down_in_MUT","ENSG00000283288","111064649"
11.0685431176871,-1.34671679498387,0.299516822101968,-4.49629768883361,6.91469094902675e-06,5.19025236072613e-05,"ENSG00000283361.2","CFAP97D2","protein_coding","Down_in_MUT","ENSG00000283361","101929355"
1.74528727048728,-1.56306668591843,0.372439598196609,-4.19683270384502,2.70673722265822e-05,0.000168851873210688,"ENSG00000283423.1","AC109462.3","lncRNA","Down_in_MUT","ENSG00000283423",NA
51.7447606102885,-2.85884255542117,0.307176540302367,-9.30683883804112,1.31693498553478e-20,2.4689432308223e-18,"ENSG00000283453.2","AC244258.1","transcribed_unprocessed_pseudogene","Down_in_MUT","ENSG00000283453","100996481"
9.52723068898653,-1.85914661637349,0.354794042460514,-5.24007281373785,1.60513249879421e-07,1.92973134172276e-06,"ENSG00000283544.1","ABBA01000935.2","unprocessed_pseudogene","Down_in_MUT","ENSG00000283544","101930420"
3.2668897852149,-1.37521510145975,0.233055242878799,-5.90081168941965,3.61717572228885e-09,6.69860589454201e-08,"ENSG00000283563.1","AC098650.1","protein_coding","Down_in_MUT","ENSG00000283563",NA
1.36920705988173,-1.24003760762701,0.307340812178149,-4.03473134218254,5.46648079187083e-05,0.000309618285618829,"ENSG00000283583.1","AC007326.3","unprocessed_pseudogene","Down_in_MUT","ENSG00000283583",NA
18.7248935442442,-1.29028892852527,0.371357401888456,-3.47452056149625,0.000511767140488373,0.00210839329556682,"ENSG00000283597.3","FAM169B","transcribed_unitary_pseudogene","Down_in_MUT","ENSG00000283597",NA
7.35218051008388,2.27646494993144,0.440933359353505,5.16283220954111,2.43241159442818e-07,2.7816071017589e-06,"ENSG00000283599.2","BX276092.9","protein_coding","Up_in_MUT","ENSG00000283599","101059915"
33.0873852843925,-3.68538323688553,0.354510583099216,-10.3956931402922,2.59394036397006e-25,9.18571926000998e-23,"ENSG00000283631.1","AL928596.1","lncRNA","Down_in_MUT","ENSG00000283631",NA
9.39857474938383,-1.26385688086042,0.331515258656145,-3.81236413063967,0.00013764389602977,0.000687577235139559,"ENSG00000283654.3","LMLN2","protein_coding","Down_in_MUT","ENSG00000283654","100128908"
1.20894585526214,-2.00520915052407,0.365885408350405,-5.48042940428962,4.24294792324548e-08,5.95189230905619e-07,"ENSG00000283755.2","CPHXL","protein_coding","Down_in_MUT","ENSG00000283755","105371346"
1.86012140479742,-1.6989572700742,0.390621048673081,-4.34937460704042,1.36526322114033e-05,9.31740987600932e-05,"ENSG00000283769.1","CR392000.2","lncRNA","Down_in_MUT","ENSG00000283769",NA
1.64136885572045,-1.84693022116446,0.507004150532359,-3.64283057490784,0.000269656336113914,0.00122512004109573,"ENSG00000284294.1","AC007326.5","lncRNA","Down_in_MUT","ENSG00000284294","122455341"
1.32332694208613,-1.58864509471555,0.501519512826952,-3.16766357855293,0.00153669232515196,0.00537355173460943,"ENSG00000284309.1","AL391650.2","lncRNA","Down_in_MUT","ENSG00000284309",NA
0.81589314567753,1.13966440472906,0.401447355909467,2.8388888055999,0.00452709294648422,0.013479351578606,"ENSG00000284377.1","AL589669.1","lncRNA","Up_in_MUT","ENSG00000284377","105373347"
17.2182943964763,1.27541833734061,0.310903521758259,4.10229620471235,4.09070116780042e-05,0.000240765903820807,"ENSG00000284395.2","PERCC1","protein_coding","Up_in_MUT","ENSG00000284395","105371045"
2.25262396182311,-1.2269552053193,0.311114076423152,-3.9437469992534,8.02182875606758e-05,0.000431136094915059,"ENSG00000284471.1","CR769775.2","TEC","Down_in_MUT","ENSG00000284471",NA
4.50812892196208,-1.26902422920284,0.237646561011861,-5.33996462561689,9.29647193688256e-08,1.18895608788276e-06,"ENSG00000284505.1","LYNX1-SLURP2","protein_coding","Down_in_MUT","ENSG00000284505","111188157"
10.0353703169497,-1.11793463569024,0.265265834512928,-4.21439360158445,2.50450184892892e-05,0.000157998769650066,"ENSG00000284615.1","AL078582.1","lncRNA","Down_in_MUT","ENSG00000284615",NA
4.80269289660466,-1.84562708242029,0.270392042178814,-6.82574482424947,8.7470289401998e-12,3.17301919799128e-10,"ENSG00000284640.1","AL590434.1","lncRNA","Down_in_MUT","ENSG00000284640","105378644"
1.31363665739424,-1.51160834831759,0.331410888986711,-4.56113060418543,5.08789207918876e-06,3.96663915009357e-05,"ENSG00000284699.1","AL445648.1","lncRNA","Down_in_MUT","ENSG00000284699",NA
0.901870195993788,1.143486533648,0.353861306389899,3.23145399906499,0.00123162146455854,0.00446158305261938,"ENSG00000284703.1","AL805961.1","lncRNA","Up_in_MUT","ENSG00000284703",NA
2.1727866869381,1.3626164387485,0.193392156636802,7.04587229619425,1.84303228523249e-12,7.91634527798448e-11,"ENSG00000284820.1","AC068946.2","protein_coding","Up_in_MUT","ENSG00000284820",NA
3.26185785955855,-3.20912744006598,0.628592969066693,-5.10525506645541,3.30348621908813e-07,3.64940760098987e-06,"ENSG00000284848.2","LINC02359","lncRNA","Down_in_MUT","ENSG00000284848","101927464"
3.39078683761079,-1.10860202357129,0.203011038426521,-5.46079677323821,4.74002403893893e-08,6.57680914867317e-07,"ENSG00000284914.1","AL121935.2","lncRNA","Down_in_MUT","ENSG00000284914",NA
3.94783587693568,1.29461456893771,0.272930804054695,4.74338018906165,2.10181273389787e-06,1.83224490268214e-05,"ENSG00000285051.2","SLC7A14-AS1","lncRNA","Up_in_MUT","ENSG00000285051","101928583"
19.5638740014093,1.35682686924543,0.483743850996561,2.80484571834914,0.00503406692967829,0.0147436819624864,"ENSG00000285407.1","AL033530.1","lncRNA","Up_in_MUT","ENSG00000285407",NA
89.9537591364946,-1.53294366621127,0.186100934203599,-8.2371626599907,1.76342662872336e-16,1.74000526575982e-14,"ENSG00000285417.1","BX571818.1","transcribed_unitary_pseudogene","Down_in_MUT","ENSG00000285417",NA
11.5629218631898,-1.93818140336248,0.295978771867145,-6.54837977445378,5.81646537249993e-11,1.73573565437215e-09,"ENSG00000285476.1","AC139491.7","protein_coding","Down_in_MUT","ENSG00000285476",NA
49.1129693697264,3.32765685572484,0.417112162715184,7.97784661579637,1.48908276805701e-15,1.2655615173532e-13,"ENSG00000285520.1","AL353586.1","lncRNA","Up_in_MUT","ENSG00000285520",NA
19.2893581414541,1.33220222141912,0.387885809709494,3.43452167641004,0.000593600594494577,0.00239143528594826,"ENSG00000285534.1","AL163541.1","lncRNA","Up_in_MUT","ENSG00000285534",NA
17.6668974921856,-1.76462497781623,0.309642099238264,-5.69891814503681,1.20570094928569e-08,1.94763785882839e-07,"ENSG00000285571.1","AL513548.4","lncRNA","Down_in_MUT","ENSG00000285571",NA
2.26946153648937,-1.03411043892484,0.233366559606471,-4.43127087560734,9.36793198770199e-06,6.73810337124916e-05,"ENSG00000285579.1","AC015687.1","lncRNA","Down_in_MUT","ENSG00000285579",NA
0.746707585024764,1.81785076662809,0.68839488842439,2.6407092748594,0.00827326792989965,0.022303952139556,"ENSG00000285588.1","AL160254.1","lncRNA","Up_in_MUT","ENSG00000285588",NA
58.8590737780475,1.3442203875164,0.283628021945093,4.73937792993044,2.14375335495013e-06,1.86269256203968e-05,"ENSG00000285601.1","AC084262.2","lncRNA","Up_in_MUT","ENSG00000285601",NA
4.46900630696455,2.93478754360674,0.339262134043355,8.65050133544138,5.12736807987002e-18,6.58928822877166e-16,"ENSG00000285634.2","AL583827.1","lncRNA","Up_in_MUT","ENSG00000285634","105376121"
1.76712500818729,-1.63420999564777,0.405320861005338,-4.03189214489074,5.53295797637072e-05,0.000312716622920573,"ENSG00000285663.1","AC108457.1","lncRNA","Down_in_MUT","ENSG00000285663",NA
3.68195707822709,-2.00410477209556,0.413343583473447,-4.84852034052273,1.24385778681289e-06,1.16152919787616e-05,"ENSG00000285683.2","AC023781.1","lncRNA","Down_in_MUT","ENSG00000285683","105375775"
8.47376386639406,1.3168877496718,0.264166956690528,4.98505856360578,6.19430479914216e-07,6.34786778950031e-06,"ENSG00000285694.1","AL162718.2","lncRNA","Up_in_MUT","ENSG00000285694",NA
16.2314134965513,1.23959446267988,0.197033411979792,6.29129065078067,3.14837205431776e-10,7.64217560877086e-09,"ENSG00000285715.1","AC063960.1","lncRNA","Up_in_MUT","ENSG00000285715",NA
17.0843839801195,1.53612363296028,0.47406844276747,3.24029927829165,0.0011940430469302,0.00434737479062568,"ENSG00000285722.1","AC207130.1","lncRNA","Up_in_MUT","ENSG00000285722","124905143"
2.81013712420783,-1.1064236978443,0.212681682287685,-5.20225195674204,1.9688804688414e-07,2.30614441096818e-06,"ENSG00000285774.3","AL133444.1","lncRNA","Down_in_MUT","ENSG00000285774",NA
18.9683125388313,2.21397377380461,0.327357843626928,6.76316091673601,1.35013135107826e-11,4.697602215089e-10,"ENSG00000285820.1","AL157829.1","lncRNA","Up_in_MUT","ENSG00000285820",NA
1.6545858121919,2.04719148266919,0.863999179436626,2.36943683673875,0.0178151977799663,0.0421838426390443,"ENSG00000285822.1","AC129926.2","lncRNA","Up_in_MUT","ENSG00000285822",NA
7.16250533203095,-1.00798127601776,0.264585026942624,-3.80966862586801,0.000139153172819678,0.000694262800710076,"ENSG00000285844.2","FO393414.3","lncRNA","Down_in_MUT","ENSG00000285844",NA
2.39232619455018,-1.28552564152601,0.330082961916972,-3.89455315736463,9.8379916515929e-05,0.000513253612584576,"ENSG00000285885.1","AC092058.1","lncRNA","Down_in_MUT","ENSG00000285885",NA
2.37681050059496,-1.69139788397405,0.334068574065847,-5.06302602303642,4.12653499481148e-07,4.43713889404982e-06,"ENSG00000285914.1","AC022440.1","lncRNA","Down_in_MUT","ENSG00000285914","105377724"
5.94407315738604,-2.1875810349681,0.391220255410158,-5.59168653646172,2.24874527634677e-08,3.38224448808154e-07,"ENSG00000285930.1","AC015813.8","lncRNA","Down_in_MUT","ENSG00000285930",NA
0.819814951873283,1.12818102759334,0.440826624446792,2.55923976690186,0.0104901362585728,0.0271549003165184,"ENSG00000285958.1","AC073174.1","lncRNA","Up_in_MUT","ENSG00000285958",NA
5.27866886048933,-3.07861663887825,0.488559500010963,-6.30141597657842,2.94938656305872e-10,7.2474864418847e-09,"ENSG00000285960.1","AC005100.2","lncRNA","Down_in_MUT","ENSG00000285960",NA
0.937988052446809,1.32532740472862,0.466312418605553,2.84214477643946,0.00448111371887317,0.0133642766847036,"ENSG00000285971.1","AC023095.1","lncRNA","Up_in_MUT","ENSG00000285971",NA
7.37825014594477,-1.72331205605257,0.2898302298197,-5.94593620246107,2.74881199891559e-09,5.26486702027878e-08,"ENSG00000285972.1","CERNA2","lncRNA","Down_in_MUT","ENSG00000285972","642934"
1.39714192776432,1.90383021450661,0.46916203875934,4.05793746557401,4.95080196082389e-05,0.000284119589018294,"ENSG00000286016.1","AC079949.3","lncRNA","Up_in_MUT","ENSG00000286016",NA
9.62376345313579,-2.61691988696302,0.372402613484621,-7.02712546100617,2.10831782473951e-12,8.89989369434078e-11,"ENSG00000286028.1","AP002008.4","lncRNA","Down_in_MUT","ENSG00000286028","728196"
1507.16907369324,1.48087180282028,0.278078685019986,5.32536969783876,1.00747916824955e-07,1.27976757956482e-06,"ENSG00000286042.1","LCAL1","lncRNA","Up_in_MUT","ENSG00000286042","80078"
7.93955950698584,-1.39543684252862,0.211653020305534,-6.59304006394156,4.3091022933903e-11,1.32819535002555e-09,"ENSG00000286048.1","AC008966.3","lncRNA","Down_in_MUT","ENSG00000286048",NA
5.62488664149368,1.39816403070854,0.354909530705859,3.93949418018673,8.16535827245223e-05,0.000437448535050135,"ENSG00000286081.1","AC016682.1","lncRNA","Up_in_MUT","ENSG00000286081","105373682"
22.3565564133598,2.50295044682409,0.17024378282123,14.7021547885387,6.24407118978638e-49,2.48755991112102e-45,"ENSG00000286153.1","AP000331.1","lncRNA","Up_in_MUT","ENSG00000286153","124905014"
2.24309208824137,-1.04598961895045,0.281910926183038,-3.71035501572334,0.000206968801397314,0.000974040510608545,"ENSG00000286179.1","AL139351.2","lncRNA","Down_in_MUT","ENSG00000286179",NA
16.7442206952307,-2.14415440582851,0.304363666683679,-7.04471210112244,1.85845358360532e-12,7.97184039880014e-11,"ENSG00000286191.1","AL158195.1","lncRNA","Down_in_MUT","ENSG00000286191",NA
16.2104487340423,1.02448145836264,0.161716124863146,6.33506064549605,2.37247936889368e-10,5.93045411498123e-09,"ENSG00000286215.1","AL356534.1","transcribed_processed_pseudogene","Up_in_MUT","ENSG00000286215","100130535"
13.1987403304893,-1.11183074788624,0.2079219558511,-5.34734652401239,8.92530373164327e-08,1.14516246067312e-06,"ENSG00000286271.2","AC008945.2","lncRNA","Down_in_MUT","ENSG00000286271",NA
13.6809881038346,1.15874722774057,0.213204938771697,5.43489862109328,5.48275959460729e-08,7.46118834499269e-07,"ENSG00000286277.1","AL009177.1","lncRNA","Up_in_MUT","ENSG00000286277",NA
1.59109507613001,1.75280862487618,0.404845332137584,4.32957597811825,1.49396720912429e-05,0.000100792186541068,"ENSG00000286321.1","AC093791.2","lncRNA","Up_in_MUT","ENSG00000286321",NA
9.49908555406737,1.15480234542366,0.271684722183452,4.25052368106255,2.13271284357373e-05,0.000137177983930451,"ENSG00000286324.1","AL033381.3","lncRNA","Up_in_MUT","ENSG00000286324",NA
19.6109850098232,-1.53327499125657,0.236924708299997,-6.47157066165979,9.69893823368759e-11,2.70678511773956e-09,"ENSG00000286330.1","AL353660.1","lncRNA","Down_in_MUT","ENSG00000286330",NA
77.4169309207325,-1.02604163218583,0.239150433338186,-4.29036074852054,1.78383110871458e-05,0.000117463804268269,"ENSG00000286342.1","AC073210.3","lncRNA","Down_in_MUT","ENSG00000286342",NA
4.76102341104159,-1.01844760480654,0.315666613661003,-3.22633931094235,0.00125384615428006,0.00453230472757852,"ENSG00000286351.1","AC046129.1","lncRNA","Down_in_MUT","ENSG00000286351",NA
1.57387872473663,1.17966921783119,0.419176331159024,2.81425531486809,0.00488903812438797,0.0143863478960732,"ENSG00000286374.1","AP001999.3","lncRNA","Up_in_MUT","ENSG00000286374",NA
1.74717931697262,1.28070175299527,0.529803938484927,2.41731263202322,0.0156355814539129,0.0378727852965455,"ENSG00000286383.1","AC096645.1","lncRNA","Up_in_MUT","ENSG00000286383","105371689"
0.73045627121326,1.42648290839196,0.38339213413944,3.72068903185465,0.000198679962157802,0.000941160682807866,"ENSG00000286391.1","AL592078.2","lncRNA","Up_in_MUT","ENSG00000286391","107985206"
2.0662942523098,-2.71478753734995,0.528527690152267,-5.13650956786736,2.79888107310261e-07,3.1531685641871e-06,"ENSG00000286452.1","AL355596.2","lncRNA","Down_in_MUT","ENSG00000286452",NA
1.07090375540381,-1.22367978439716,0.358014355860074,-3.41796289553099,0.000630917074038614,0.00251727066433208,"ENSG00000286460.1","AC006538.4","lncRNA","Down_in_MUT","ENSG00000286460",NA
1.08024906864345,-2.19877583739453,0.643559703100907,-3.41658408194301,0.000634120782824532,0.00252783783232028,"ENSG00000286478.1","AC007130.1","lncRNA","Down_in_MUT","ENSG00000286478",NA
4.78253418465056,-1.27970268152832,0.345118894663688,-3.7080052738792,0.000208898306712388,0.000981397101006858,"ENSG00000286483.1","AL121762.1","lncRNA","Down_in_MUT","ENSG00000286483",NA
0.841673953102841,-1.22966386666697,0.423286726211322,-2.90503762703173,0.00367208952802148,0.0112803050937419,"ENSG00000286494.1","AC022325.2","lncRNA","Down_in_MUT","ENSG00000286494",NA
2.96766802449941,-1.71549173966728,0.27508031218284,-6.23633049582635,4.47954201188791e-10,1.05130694742916e-08,"ENSG00000286505.1","AC087468.2","lncRNA","Down_in_MUT","ENSG00000286505",NA
1.80642227069458,-1.35183839385383,0.312351323251933,-4.32794194620227,1.50509126031476e-05,0.000101456775713815,"ENSG00000286509.1","AC026408.1","lncRNA","Down_in_MUT","ENSG00000286509",NA
6.28727583147171,1.04139205100535,0.227099644838576,4.58561725953196,4.52647143925007e-06,3.57973129628632e-05,"ENSG00000286522.2","H3C2","protein_coding","Up_in_MUT","ENSG00000286522","8358"
3.0415750990736,-1.15094926189017,0.322775642699572,-3.5657872206963,0.000362765617115497,0.00157860499496013,"ENSG00000286543.1","AC138409.3","lncRNA","Down_in_MUT","ENSG00000286543","124900957"
1.04160886313922,-1.03301355395681,0.395719593079881,-2.6104685540508,0.00904182843708922,0.0240103411196859,"ENSG00000286544.1","AL359502.2","lncRNA","Down_in_MUT","ENSG00000286544",NA
6.2997066945616,-1.14066297463403,0.234896246703564,-4.85602895168238,1.19763198787603e-06,1.12528682445746e-05,"ENSG00000286546.1","AL079338.1","lncRNA","Down_in_MUT","ENSG00000286546","613266"
2.21498060517893,-1.01334552305684,0.242492377905316,-4.17887577255113,2.92953642346387e-05,0.000180315286504861,"ENSG00000286583.1","AC105101.2","lncRNA","Down_in_MUT","ENSG00000286583",NA
1.83075944773329,1.28525482894424,0.295798746505122,4.34503135706151,1.39255769359394e-05,9.48337740438727e-05,"ENSG00000286594.1","AL133493.2","lncRNA","Up_in_MUT","ENSG00000286594",NA
6.24891074759085,-1.86661854961458,0.260212254380523,-7.17344597800886,7.31331190532607e-13,3.52621125165881e-11,"ENSG00000286607.1","AL135818.3","lncRNA","Down_in_MUT","ENSG00000286607",NA
1.00453187443899,2.50324019536292,0.433507692064548,5.77438472531232,7.72347836871796e-09,1.31003182059292e-07,"ENSG00000286610.1","AL356433.1","lncRNA","Up_in_MUT","ENSG00000286610",NA
2.09289754509441,-2.21915183240042,0.381045288056176,-5.82385323204223,5.75060820990414e-09,1.00923807410713e-07,"ENSG00000286662.2","AC087894.3","lncRNA","Down_in_MUT","ENSG00000286662",NA
0.908684964215539,-1.90475148975752,0.503748972427175,-3.78115210951201,0.000156104253406298,0.00076659455474763,"ENSG00000286698.1","AC027612.3","lncRNA","Down_in_MUT","ENSG00000286698",NA
2.69776309767598,-1.58724930812781,0.349909996110253,-4.53616451593937,5.72864993983982e-06,4.39205682541821e-05,"ENSG00000286780.1","AL139379.1","lncRNA","Down_in_MUT","ENSG00000286780",NA
2.62495577986163,1.47589705677216,0.379314866829257,3.89095494492313,9.98504741744738e-05,0.000519989291244225,"ENSG00000286812.1","AP001120.5","lncRNA","Up_in_MUT","ENSG00000286812",NA
516.134065870284,-1.49768034816066,0.31559399042332,-4.74559210126834,2.07897288902687e-06,1.81531356016919e-05,"ENSG00000286818.1","AC008496.3","lncRNA","Down_in_MUT","ENSG00000286818",NA
22.535736829947,-1.00770853889076,0.214624324264421,-4.69522055500683,2.66319216048001e-06,2.25981356088015e-05,"ENSG00000286830.1","AC105052.5","lncRNA","Down_in_MUT","ENSG00000286830",NA
8.41402530176971,-2.01836835688121,0.348451468344404,-5.79239446592398,6.93899285635402e-09,1.19027255826081e-07,"ENSG00000286839.1","AC093240.1","lncRNA","Down_in_MUT","ENSG00000286839",NA
0.810082181754443,1.38030764705933,0.537876948809913,2.56621454054379,0.0102815213825149,0.026714688405522,"ENSG00000286876.1","AC069540.2","lncRNA","Up_in_MUT","ENSG00000286876",NA
30.2299899116567,-1.64270513669615,0.250129288272188,-6.56742418308318,5.11930620661351e-11,1.54358948070936e-09,"ENSG00000286892.1","AC084212.1","lncRNA","Down_in_MUT","ENSG00000286892",NA
1.27673075976579,1.02705183491613,0.273781974566214,3.75134935944346,0.000175885417491104,0.000848697069017255,"ENSG00000286911.1","AC009533.3","lncRNA","Up_in_MUT","ENSG00000286911",NA
1.04383739248482,2.17071366117546,0.55166104225412,3.93486850604094,8.32422580051359e-05,0.000444912628690539,"ENSG00000286928.1","AC012325.1","lncRNA","Up_in_MUT","ENSG00000286928",NA
2.10809396425448,-1.65595965945683,0.308704287638815,-5.36422630253294,8.12969275033947e-08,1.05240226501247e-06,"ENSG00000286941.1","AC244250.4","lncRNA","Down_in_MUT","ENSG00000286941",NA
3.0348010842607,-1.97191113275707,0.575820144491423,-3.42452613306661,0.000615872609264175,0.00246930128693653,"ENSG00000286949.1","AC008969.2","lncRNA","Down_in_MUT","ENSG00000286949",NA
1.60000702545138,-1.08925129765423,0.304586172860734,-3.57616791144447,0.000348667747093367,0.00152810640368711,"ENSG00000286962.1","AC027128.1","lncRNA","Down_in_MUT","ENSG00000286962",NA
1.91966662073698,1.76605050201833,0.289495774933462,6.10043618917838,1.05779404957433e-09,2.25958137761283e-08,"ENSG00000286966.1","AL137800.1","lncRNA","Up_in_MUT","ENSG00000286966",NA
41.2714120113711,-1.0474765213032,0.16494867124716,-6.35031803156301,2.14870242989948e-10,5.44650310768481e-09,"ENSG00000286989.1","AL691432.4","lncRNA","Down_in_MUT","ENSG00000286989",NA
4.53727152089067,-1.84184163330379,0.562969699396784,-3.27165322623455,0.00106920632331703,0.00395596409686988,"ENSG00000286995.1","AC092448.1","lncRNA","Down_in_MUT","ENSG00000286995",NA
2.21970533679987,-1.08489245397408,0.24152445523327,-4.49185343540583,7.06060085104367e-06,5.28732165703977e-05,"ENSG00000286999.1","AL121581.3","lncRNA","Down_in_MUT","ENSG00000286999",NA
12.3519350599125,-1.6671533532848,0.326889473466896,-5.10005212343931,3.39559959024688e-07,3.73694284631373e-06,"ENSG00000287003.1","AC008674.1","lncRNA","Down_in_MUT","ENSG00000287003","107986482"
3.95889509315764,-1.33452396127726,0.45121962924476,-2.95759287669056,0.0031005132850457,0.00976254286778219,"ENSG00000287023.1","AC018978.1","lncRNA","Down_in_MUT","ENSG00000287023",NA
5.4002122678736,1.03500005032335,0.274363212720413,3.77237181348381,0.000161703047303307,0.000790700467718693,"ENSG00000287048.1","AC096589.2","lncRNA","Up_in_MUT","ENSG00000287048",NA
4.34657614616144,1.21821837744149,0.366457053062965,3.32431417886279,0.000886362797820481,0.00337506197483113,"ENSG00000287088.1","AP001066.1","lncRNA","Up_in_MUT","ENSG00000287088",NA
3.31700364189758,1.14793701190156,0.266301642511239,4.31066440701023,1.62764763063386e-05,0.000108660992115483,"ENSG00000287114.1","AC104024.3","lncRNA","Up_in_MUT","ENSG00000287114",NA
6.75549283352299,-1.01707290380133,0.194065336763572,-5.2408787718768,1.59813685057737e-07,1.92204602131137e-06,"ENSG00000287117.1","AC105916.1","lncRNA","Down_in_MUT","ENSG00000287117",NA
4.12798856780667,-1.52933660900393,0.215117040038395,-7.10932341171564,1.16613198323087e-12,5.36626503357384e-11,"ENSG00000287167.1","AL133313.1","lncRNA","Down_in_MUT","ENSG00000287167",NA
1.81317974951296,-1.02081796034189,0.283414755974906,-3.60185184017827,0.000315958429935619,0.00140366756627796,"ENSG00000287181.1","AC107067.2","lncRNA","Down_in_MUT","ENSG00000287181","124900731"
96.0657421139131,-1.28331243592217,0.262772949002131,-4.88373114810901,1.04096988560239e-06,9.96598114269564e-06,"ENSG00000287189.1","AL121956.7","lncRNA","Down_in_MUT","ENSG00000287189","107986669"
2.14362116701649,-1.89706780439152,0.341340331214947,-5.55770189136223,2.7334972265373e-08,4.02027180927412e-07,"ENSG00000287223.1","Z94277.1","lncRNA","Down_in_MUT","ENSG00000287223",NA
1.59035460287864,2.16064967228308,0.285522021676011,7.56736611628094,3.80867372527526e-14,2.49765926539604e-12,"ENSG00000287229.1","AC009731.1","lncRNA","Up_in_MUT","ENSG00000287229",NA
21.0495531765311,-1.09805195669459,0.177698562086972,-6.17929567802112,6.43882057962249e-10,1.44311990642158e-08,"ENSG00000287232.1","AC079848.2","lncRNA","Down_in_MUT","ENSG00000287232","124909426"
2.11610686394968,-1.04194488306999,0.211311684731523,-4.93084367006872,8.18752379068664e-07,8.06130895066339e-06,"ENSG00000287237.1","AC073655.3","lncRNA","Down_in_MUT","ENSG00000287237",NA
1.2270441269099,2.26469962217298,0.484568309489683,4.67364369031484,2.95902511320347e-06,2.47655171698813e-05,"ENSG00000287241.1","AL359511.3","lncRNA","Up_in_MUT","ENSG00000287241",NA
20.0367245964311,2.14115287781549,0.262013861864206,8.17190687004639,3.03552826362969e-16,2.87932503839708e-14,"ENSG00000287245.1","AP001981.2","lncRNA","Up_in_MUT","ENSG00000287245",NA
9.83726650511534,1.06967767729197,0.136939492542708,7.81131620564729,5.65938324084615e-15,4.377917555073e-13,"ENSG00000287264.1","AP003778.1","lncRNA","Up_in_MUT","ENSG00000287264","102723575"
5.19852656661331,-1.53726779589436,0.292135450429557,-5.26217476733466,1.42361345168197e-07,1.72977446887366e-06,"ENSG00000287266.1","AL359813.2","lncRNA","Down_in_MUT","ENSG00000287266",NA
6.62934238594704,-1.17118355348112,0.220962340576155,-5.30037630135199,1.15564242055156e-07,1.44098120443657e-06,"ENSG00000287275.1","AC011451.4","lncRNA","Down_in_MUT","ENSG00000287275",NA
13.852445362546,-1.44485901215013,0.240164030719587,-6.0161340889433,1.78631622465455e-09,3.59190437829434e-08,"ENSG00000287281.1","AC012101.2","lncRNA","Down_in_MUT","ENSG00000287281","107985177"
1.63188853085969,1.27930878461234,0.339172276523845,3.7718554055299,0.000162038151190001,0.000792194802358725,"ENSG00000287289.1","AP000428.2","lncRNA","Up_in_MUT","ENSG00000287289",NA
2.90588688489298,-1.24683846589678,0.293131955028072,-4.25350578300947,2.10449500917753e-05,0.000135554487545467,"ENSG00000287300.1","AL080275.1","lncRNA","Down_in_MUT","ENSG00000287300","105377848"
27.0714710380903,1.87229838132054,0.331859275340814,5.64184436128151,1.68238148067299e-08,2.61940303715335e-07,"ENSG00000287331.1","AC106045.1","lncRNA","Up_in_MUT","ENSG00000287331",NA
20.7166260878242,1.18549562247483,0.222075235539524,5.33826124103711,9.38421795294888e-08,1.19873511173721e-06,"ENSG00000287342.1","AC188616.1","lncRNA","Up_in_MUT","ENSG00000287342","105375118"
1.90751510246781,-1.97381689427335,0.370956827001787,-5.32088035749734,1.03266302029048e-07,1.30810823210166e-06,"ENSG00000287348.1","AC099535.2","lncRNA","Down_in_MUT","ENSG00000287348",NA
1.74094558131473,-1.09566064587125,0.33650955867717,-3.2559569783941,0.0011301087383666,0.00414568319526726,"ENSG00000287413.1","AL449363.2","lncRNA","Down_in_MUT","ENSG00000287413",NA
6.10896878669165,-1.36608850718001,0.264268344592846,-5.16932328495385,2.34943173086768e-07,2.69930564868363e-06,"ENSG00000287415.1","AC099541.2","lncRNA","Down_in_MUT","ENSG00000287415",NA
3.58907236432462,1.42790134392769,0.411014087857981,3.4740934340457,0.000512582510409204,0.00211066113556224,"ENSG00000287424.1","AC080079.2","lncRNA","Up_in_MUT","ENSG00000287424",NA
1.70994279604154,-1.36708768094833,0.329091551562336,-4.15412572719714,3.26533607081517e-05,0.00019860596548273,"ENSG00000287433.1","AC107222.2","lncRNA","Down_in_MUT","ENSG00000287433",NA
2.02298471498197,-1.3542928568214,0.354951191684967,-3.8154340330357,0.000135943770804039,0.000680273813674913,"ENSG00000287435.1","AC069404.1","lncRNA","Down_in_MUT","ENSG00000287435","105374802"
7.68032456791631,1.66609162616406,0.401668023692124,4.14793194352236,3.35492090252855e-05,0.000203085819723623,"ENSG00000287446.1","AC007731.5","lncRNA","Up_in_MUT","ENSG00000287446",NA
7.49174751499417,1.30327257747291,0.421698029651565,3.09053513612516,0.00199796164245381,0.00673403505780937,"ENSG00000287498.1","AC007749.2","lncRNA","Up_in_MUT","ENSG00000287498",NA
5.75007496129288,1.01270974514943,0.166949748237247,6.06595550962018,1.31171440623907e-09,2.72704826100753e-08,"ENSG00000287513.1","AL133390.1","lncRNA","Up_in_MUT","ENSG00000287513",NA
13.4160409314744,1.09106304199334,0.275647801654222,3.95817791923475,7.55236935131004e-05,0.000409075159391642,"ENSG00000287560.1","AL731533.3","lncRNA","Up_in_MUT","ENSG00000287560","124902532"
1.07150736554286,1.36386060590528,0.3097879073887,4.40256244151585,1.06979786152849e-05,7.55328481275465e-05,"ENSG00000287577.1","AC009533.4","lncRNA","Up_in_MUT","ENSG00000287577",NA
3.5634841859006,1.40649252122538,0.417894216176241,3.36566639781445,0.000763589961333684,0.00296640366378179,"ENSG00000287609.1","AL589787.2","lncRNA","Up_in_MUT","ENSG00000287609",NA
127.195586274872,1.31529350236453,0.483521060123206,2.72024035939485,0.00652344793355375,0.018269666879639,"ENSG00000287627.1","AL359704.2","lncRNA","Up_in_MUT","ENSG00000287627",NA
2.59898078790257,1.19559310259157,0.159499679204621,7.49589659711949,6.58466867651893e-14,4.11490147822225e-12,"ENSG00000287655.1","AC023283.1","lncRNA","Up_in_MUT","ENSG00000287655",NA
2.49846812614687,-1.3337939234963,0.382732839395678,-3.48492155938935,0.000492281332193869,0.00204104310372717,"ENSG00000287661.1","AL391844.1","lncRNA","Down_in_MUT","ENSG00000287661",NA
110.264325302851,-1.38091538151513,0.373294077405579,-3.69926946366949,0.000216220941279105,0.00101162325594632,"ENSG00000287673.1","AC051635.1","lncRNA","Down_in_MUT","ENSG00000287673",NA
1.31354111953898,-1.54436048446814,0.346323492204707,-4.45930039177155,8.22276108584011e-06,6.04678400015714e-05,"ENSG00000287679.1","AL355347.1","lncRNA","Down_in_MUT","ENSG00000287679",NA
1.8039918153768,-1.7799340012344,0.365610305181093,-4.86839122423742,1.12510424118038e-06,1.06625623760511e-05,"ENSG00000287730.1","AC097526.1","lncRNA","Down_in_MUT","ENSG00000287730","105377503"
35.8997960554927,1.1589493910905,0.184485174400003,6.28207331488681,3.34087218095705e-10,8.04206474919048e-09,"ENSG00000287750.1","AL353572.4","lncRNA","Up_in_MUT","ENSG00000287750","102724156"
0.630120924375798,2.52122200096365,0.667839902595379,3.77518921999958,0.000159886249690102,0.000782995492297673,"ENSG00000287753.1","AC130307.1","lncRNA","Up_in_MUT","ENSG00000287753",NA
9.78159635311911,1.44528337021651,0.295473471159897,4.89141500434192,1.001136246513e-06,9.63964148417395e-06,"ENSG00000287786.1","AC113615.2","lncRNA","Up_in_MUT","ENSG00000287786",NA
3.97365580876768,1.14167124040431,0.469477624492159,2.43179052811999,0.0150243935606309,0.0366395628717473,"ENSG00000287824.1","AL627443.3","lncRNA","Up_in_MUT","ENSG00000287824",NA
20.3278729511545,1.21291278904377,0.178906158408542,6.77960333972417,1.20506276290804e-11,4.21586776252933e-10,"ENSG00000287828.1","AL354743.2","lncRNA","Up_in_MUT","ENSG00000287828",NA
9.55634876259419,-1.89228036029845,0.379275558923856,-4.98919668240037,6.0630892146613e-07,6.23948067034131e-06,"ENSG00000287838.1","AL953883.1","lncRNA","Down_in_MUT","ENSG00000287838","101927042"
5.56815558075948,2.30520577738542,0.29316322714957,7.86321599676388,3.74394607196232e-15,2.96087606103005e-13,"ENSG00000287848.1","AL355303.2","lncRNA","Up_in_MUT","ENSG00000287848",NA
3.72581955739356,2.49602432002315,0.945311219360574,2.64042599823528,0.00828018736294464,0.0223156337181518,"ENSG00000287861.1","AL137001.2","lncRNA","Up_in_MUT","ENSG00000287861","107984132"
7.69411857427228,1.13940491008973,0.389140451580446,2.92800428601596,0.00341145342486234,0.0105898930655291,"ENSG00000287862.1","AC114971.1","lncRNA","Up_in_MUT","ENSG00000287862",NA
0.908293867000782,1.43008183914855,0.441571584678053,3.23861835491796,0.00120110175189162,0.0043679043740915,"ENSG00000287900.1","AC061961.1","lncRNA","Up_in_MUT","ENSG00000287900",NA
5.05901621007883,-1.78881473033843,0.27602557324765,-6.4806123189662,9.13511199755677e-11,2.57650579180648e-09,"ENSG00000287914.1","AL078582.2","lncRNA","Down_in_MUT","ENSG00000287914",NA
3.98108544700718,2.1075898154576,0.277809160452768,7.58646623467235,3.2874796822273e-14,2.17827993663755e-12,"ENSG00000287933.1","AL357141.1","lncRNA","Up_in_MUT","ENSG00000287933",NA
5.01559170636096,1.22301741247669,0.308925985145054,3.95893343806101,7.52852130371568e-05,0.000408063779712113,"ENSG00000288021.1","AL450338.2","lncRNA","Up_in_MUT","ENSG00000288021",NA
5.8847847193166,-1.21517657939232,0.346581629039458,-3.5061771241602,0.000454592597346501,0.00191037924908346,"ENSG00000288047.1","AP001994.3","lncRNA","Down_in_MUT","ENSG00000288047",NA
109.41631612696,-1.02251962537626,0.224200532385126,-4.56073683009725,5.09744343613292e-06,3.97226020349051e-05,"ENSG00000288075.1","AC108519.1","lncRNA","Down_in_MUT","ENSG00000288075","105369250"
4.12172493566177,-1.01964796880914,0.270414927662068,-3.77067929505495,0.000162803785030202,0.000795206043325299,"ENSG00000288082.1","AC023787.3","lncRNA","Down_in_MUT","ENSG00000288082","124908011"
4.67919445348713,1.45318562664964,0.415674863961044,3.49596704694135,0.000472347028806025,0.001971473566668,"ENSG00000288087.1","AC112770.1","lncRNA","Up_in_MUT","ENSG00000288087",NA
4.55812261493627,1.77227156181363,0.35246152198339,5.02826961604379,4.94925668456204e-07,5.18703583668783e-06,"ENSG00000288097.1","AP002448.1","lncRNA","Up_in_MUT","ENSG00000288097",NA
2.35383524892773,1.16982727011031,0.291190483817108,4.01739526228837,5.88449757172959e-05,0.000329546340025643,"ENSG00000288107.1","AL731769.2","lncRNA","Up_in_MUT","ENSG00000288107",NA
3.27839686129725,3.0241402854839,1.01333868060645,2.98433321786753,0.00284197088441832,0.00906852763889629,"ENSG00000288110.1","AC010941.1","lncRNA","Up_in_MUT","ENSG00000288110",NA
5.83898758025632,1.79533145853857,0.250386964364156,7.17022734429372,7.48733239288518e-13,3.59922731061303e-11,"ENSG00000288234.1","BX255925.4","lncRNA","Up_in_MUT","ENSG00000288234",NA
1.18337500394397,-1.70614139495939,0.445926819784888,-3.82605692069032,0.000130212193588038,0.000655814289166304,"ENSG00000288555.1","AF222685.1","lncRNA","Down_in_MUT","ENSG00000288555",NA
