"baseMean","log2FoldChange","lfcSE","stat","pvalue","padj","gene_id","gene_name","gene_type","direction"
4833.5510142173,1.66951809235092,0.177579865870132,9.40150553763718,5.37878391447954e-21,1.07815862980112e-18,"ENSG00000001084.13","GCLC","protein_coding","Up_in_MUT"
264.230277130689,1.26380546415184,0.214503127665012,5.8917810565705,3.82055166653695e-09,7.02219158963085e-08,"ENSG00000003987.14","MTMR7","protein_coding","Up_in_MUT"
6188.73700972576,1.77691602970424,0.219409160984201,8.09864101267944,5.55765178141644e-16,5.07529856520124e-14,"ENSG00000003989.18","SLC7A2","protein_coding","Up_in_MUT"
362.329593970369,-1.4745998324042,0.206279140398044,-7.14856494727854,8.76897600183593e-13,4.15268995771936e-11,"ENSG00000004838.14","ZMYND10","protein_coding","Down_in_MUT"
192.433852132108,-1.7057825385695,0.259093657995344,-6.58365222741251,4.59030134416019e-11,1.40400666160969e-09,"ENSG00000004848.8","ARX","protein_coding","Down_in_MUT"
883.971801442238,-1.05103776520717,0.13352250225659,-7.87161525169285,3.50091416497828e-15,2.78248467212027e-13,"ENSG00000005379.17","TSPOAP1","protein_coding","Down_in_MUT"
93.2394442631604,-1.38420322955094,0.207574287295282,-6.66847155101566,2.58481141352973e-11,8.33810977334068e-10,"ENSG00000005421.9","PON1","protein_coding","Down_in_MUT"
56.5973297281393,1.21934295803711,0.266253583276367,4.5796302270661,4.65798694571344e-06,3.67462133531765e-05,"ENSG00000006071.15","ABCC8","protein_coding","Up_in_MUT"
4943.53367029683,-1.56053493633666,0.156852031328737,-9.94908974475461,2.54500350152339e-23,7.373800599732e-21,"ENSG00000006210.7","CX3CL1","protein_coding","Down_in_MUT"
57.3215958422839,-1.05817082791233,0.193301926206582,-5.47418667096708,4.39525564087219e-08,6.15200669873682e-07,"ENSG00000006283.18","CACNA1G","protein_coding","Down_in_MUT"
298.71358054887,-2.22237251729018,0.285734235389714,-7.7777607372077,7.38195142619068e-15,5.62847305990725e-13,"ENSG00000007174.18","DNAH9","protein_coding","Down_in_MUT"
154.026710091883,-2.09389972439788,0.367033773726987,-5.70492383612467,1.16395122734206e-08,1.88497406334445e-07,"ENSG00000007216.15","SLC13A2","protein_coding","Down_in_MUT"
67.0389404604425,-1.80437401084355,0.430955738503519,-4.18691259828489,2.82774652993693e-05,0.000175200446453382,"ENSG00000008197.5","TFAP2D","protein_coding","Down_in_MUT"
281.963816779272,-1.34343770653289,0.200758775983463,-6.69180064458826,2.20441047360656e-11,7.28804628675464e-10,"ENSG00000008226.20","DLEC1","protein_coding","Down_in_MUT"
2827.91732465685,-1.0405779855293,0.103996704115198,-10.0058746513412,1.43616921167501e-23,4.27777092946675e-21,"ENSG00000008256.16","CYTH3","protein_coding","Down_in_MUT"
502.091013796515,1.68959669830894,0.274311749709872,6.15940330698906,7.30195484096882e-10,1.61836302320249e-08,"ENSG00000009694.13","TENM1","protein_coding","Up_in_MUT"
613.960310658814,1.91880225058761,0.478104510983754,4.01335316129827,5.98622469652205e-05,0.000334479255439786,"ENSG00000009709.12","PAX7","protein_coding","Up_in_MUT"
5061.26290444415,1.55339751360922,0.265963067204423,5.84065122250697,5.19971616903157e-09,9.22718006810719e-08,"ENSG00000019186.10","CYP24A1","protein_coding","Up_in_MUT"
12687.5676909143,1.50078700469361,0.370711111448596,4.04840038063362,5.15688749538752e-05,0.000294226926898488,"ENSG00000021826.17","CPS1","protein_coding","Up_in_MUT"
1135.07752209092,2.45206008115348,0.296926573870786,8.25813617551303,1.47964691538743e-16,1.48295052956958e-14,"ENSG00000023839.12","ABCC2","protein_coding","Up_in_MUT"
2764.78347925947,1.58531893890738,0.115610138633,13.7126289930325,8.53098011155037e-43,1.81260578090148e-39,"ENSG00000023909.10","GCLM","protein_coding","Up_in_MUT"
99.883331445502,-1.51078128706645,0.262870092914021,-5.74725435791811,9.07042313577521e-09,1.51590695207285e-07,"ENSG00000029559.7","IBSP","protein_coding","Down_in_MUT"
218.915498952378,-1.69079131694358,0.253531676896869,-6.66895489209958,2.57631414824018e-11,8.32461044445077e-10,"ENSG00000034239.11","EFCAB1","protein_coding","Down_in_MUT"
1848.88007174187,1.10881758278619,0.0902868913196197,12.2810472991137,1.14506276340078e-34,1.25842397697746e-31,"ENSG00000038002.9","AGA","protein_coding","Up_in_MUT"
190.357053042243,-1.43653634464436,0.256811857851736,-5.59373058807006,2.22241724895757e-08,3.34896738257809e-07,"ENSG00000039537.14","C6","protein_coding","Down_in_MUT"
107.067722289385,1.14290371798101,0.202993503720621,5.63024775193782,1.79950943381861e-08,2.77734456005971e-07,"ENSG00000041515.16","MYO16","protein_coding","Up_in_MUT"
16044.5472198252,-1.62565326809838,0.177948542938178,-9.13552446823437,6.50904989345427e-20,1.1153221997542e-17,"ENSG00000041982.16","TNC","protein_coding","Down_in_MUT"
1608.82039807487,1.11793805877652,0.0796946801928267,14.0277626570757,1.05425344343943e-44,2.58462396121985e-41,"ENSG00000042286.15","AIFM2","protein_coding","Up_in_MUT"
4296.23713007329,-1.4100551350736,0.188150128314682,-7.4943086550293,6.66487183957705e-14,4.15687143638278e-12,"ENSG00000047936.11","ROS1","protein_coding","Down_in_MUT"
96.1503265083114,-1.20505497223644,0.15255004214131,-7.8994076653232,2.8023193805676e-15,2.24969070473728e-13,"ENSG00000050767.17","COL23A1","protein_coding","Down_in_MUT"
998.030221980067,1.34466888556451,0.244332669091676,5.50343468420906,3.7246255906265e-08,5.29944384816327e-07,"ENSG00000053108.17","FSTL4","protein_coding","Up_in_MUT"
384.336543288529,1.20174255089392,0.157571109729322,7.62666806725098,2.40898804524695e-14,1.6300819106171e-12,"ENSG00000054277.14","OPN3","protein_coding","Up_in_MUT"
160.716163179527,2.12947619099926,0.267446038518695,7.96226484712132,1.68918428438142e-15,1.4167366401979e-13,"ENSG00000054356.14","PTPRN","protein_coding","Up_in_MUT"
563.248730774945,1.25400155129387,0.208158134299025,6.02427359140555,1.69870810478727e-09,3.43089518426332e-08,"ENSG00000055118.16","KCNH2","protein_coding","Up_in_MUT"
164.532654686859,-1.10642768449646,0.38096042682953,-2.90431133150625,0.00368061960927817,0.0113032402743597,"ENSG00000057149.16","SERPINB3","protein_coding","Down_in_MUT"
771.748067436802,-1.94357781960455,0.208768584514849,-9.30972360674464,1.28165431380812e-20,2.41701802576204e-18,"ENSG00000058335.16","RASGRF1","protein_coding","Down_in_MUT"
166.260389620372,2.03633153932155,0.300932050311891,6.76674863050001,1.31708611877247e-11,4.5976836463743e-10,"ENSG00000060709.15","RIMBP2","protein_coding","Up_in_MUT"
3552.3517510219,-1.18051054095323,0.249395618191133,-4.73348549391317,2.20696743297586e-06,1.91032751375268e-05,"ENSG00000060718.22","COL11A1","protein_coding","Down_in_MUT"
204.97518945737,-1.18607296336181,0.197688372449881,-5.9997102948607,1.97669878043352e-09,3.91787107159183e-08,"ENSG00000064195.7","DLX3","protein_coding","Down_in_MUT"
3342.63061734129,-1.47181746763908,0.256942258098428,-5.72820321005845,1.01499938194965e-08,1.66490197128755e-07,"ENSG00000065618.21","COL17A1","protein_coding","Down_in_MUT"
1942.94407244608,1.4805136304541,0.122810531551191,12.0552660407384,1.81944060999124e-33,1.70551152003032e-30,"ENSG00000065833.9","ME1","protein_coding","Up_in_MUT"
3493.29543882761,-1.16121302252484,0.299927406326742,-3.87164693199064,0.000108102461678302,0.000557858412588918,"ENSG00000066405.13","CLDN18","protein_coding","Down_in_MUT"
181.931793273218,-1.15163716034863,0.165144845475572,-6.97349745934991,3.09157022765922e-12,1.24565657048959e-10,"ENSG00000067840.12","PDZD4","protein_coding","Down_in_MUT"
136.386904795867,1.83298724091247,0.281551307171949,6.51031337529195,7.49941876349657e-11,2.17088079392733e-09,"ENSG00000069482.7","GAL","protein_coding","Up_in_MUT"
289.109113129466,1.39130308047766,0.219107284195238,6.34987141385002,2.15494977214099e-10,5.44650310768481e-09,"ENSG00000069764.10","PLA2G10","protein_coding","Up_in_MUT"
4506.80975972581,1.08440793604504,0.144445535787894,7.50738283554435,6.0321129838135e-14,3.80692025558653e-12,"ENSG00000070087.14","PFN2","protein_coding","Up_in_MUT"
1501.89945552596,-1.50006572757364,0.224462100783863,-6.68293543691846,2.34202776002015e-11,7.67039354690299e-10,"ENSG00000070182.21","SPTB","protein_coding","Down_in_MUT"
65.2050890286228,1.40427321227969,0.404849502619473,3.46863020256591,0.000523118971140528,0.00214794186153308,"ENSG00000072041.17","SLC6A15","protein_coding","Up_in_MUT"
9583.19134936086,1.06705136984429,0.11596648964616,9.20137682101192,3.53392255987855e-20,6.29215898915582e-18,"ENSG00000072210.19","ALDH3A2","protein_coding","Up_in_MUT"
843.993974736886,1.61431048635805,0.147005393879325,10.9813010513289,4.701039155744e-28,2.23622117810025e-25,"ENSG00000073150.14","PANX2","protein_coding","Up_in_MUT"
743.749667909782,-1.21888996368334,0.236649894104212,-5.15060430640458,2.59648478574603e-07,2.95228564418522e-06,"ENSG00000073282.14","TP63","protein_coding","Down_in_MUT"
607.383717331598,1.97345675316052,0.27793498445036,7.10042586780932,1.24373035301298e-12,5.6465712365921e-11,"ENSG00000074211.14","PPP2R2C","protein_coding","Up_in_MUT"
2874.13951113605,1.07525896692743,0.230301331967072,4.668922049835,3.02784226535289e-06,2.52618745651994e-05,"ENSG00000074410.14","CA12","protein_coding","Up_in_MUT"
580.788303343299,-1.18671818333621,0.169281667505609,-7.01031718804925,2.37778443932402e-12,9.83965916879501e-11,"ENSG00000074706.13","IPCEF1","protein_coding","Down_in_MUT"
231.356348616114,1.19002442564202,0.195194649551775,6.09660371518723,1.0834566417762e-09,2.3035921701167e-08,"ENSG00000075340.23","ADD2","protein_coding","Up_in_MUT"
111.656275811169,-1.09877206823867,0.160870552094646,-6.83016284790407,8.48182939819887e-12,3.09911198886869e-10,"ENSG00000076344.16","RGS11","protein_coding","Down_in_MUT"
342.052175204359,-1.50910778520415,0.261019514773544,-5.78158988040963,7.39979277503535e-09,1.25982262571128e-07,"ENSG00000077327.16","SPAG6","protein_coding","Down_in_MUT"
1887.4845047287,1.50139968783356,0.156556707534679,9.59013325890865,8.79713182893445e-22,1.98846374836858e-19,"ENSG00000078018.20","MAP2","protein_coding","Up_in_MUT"
422.521684936288,-2.75220381886934,0.305038872374155,-9.02246916089286,1.83896779560163e-19,2.9751138382548e-17,"ENSG00000078725.13","BRINP1","protein_coding","Down_in_MUT"
529.865429417442,-1.61613552739735,0.365652558523719,-4.41986659117693,9.87618517553142e-06,7.04958337579758e-05,"ENSG00000078898.7","BPIFB2","protein_coding","Down_in_MUT"
131.976378952404,1.42347822039424,0.297903606729607,4.77831818157966,1.76767502942629e-06,1.57808321744665e-05,"ENSG00000079393.20","DUSP13","protein_coding","Up_in_MUT"
102.703888585221,-1.28966286140314,0.244457124767678,-5.27561985615588,1.32308102670184e-07,1.62184290007748e-06,"ENSG00000079841.18","RIMS1","protein_coding","Down_in_MUT"
1040.91987226216,-1.21765842130972,0.229022876617981,-5.31675454998683,1.05634408713339e-07,1.33492237910501e-06,"ENSG00000080293.10","SCTR","protein_coding","Down_in_MUT"
753.373098198013,-1.10622705710187,0.202091990531951,-5.47387877268186,4.4029032004886e-08,6.1573026723463e-07,"ENSG00000080854.16","IGSF9B","protein_coding","Down_in_MUT"
1998.92344105378,1.30671446130553,0.282010129368191,4.63357278773306,3.59408308946021e-06,2.93184085344731e-05,"ENSG00000081277.13","PKP1","protein_coding","Up_in_MUT"
322.716247543843,-1.06438210451275,0.145672874412117,-7.30665958784851,2.73865194857793e-13,1.47968078724193e-11,"ENSG00000082196.21","C1QTNF3","protein_coding","Down_in_MUT"
63.7705185713436,-1.33710759064776,0.295156962630641,-4.530157712461,5.89396721250582e-06,4.50147685189967e-05,"ENSG00000083782.8","EPYC","protein_coding","Down_in_MUT"
571.95460856155,1.25531410190647,0.221880599314389,5.65761092130357,1.53494614862563e-08,2.4146233318286e-07,"ENSG00000084110.11","HAL","protein_coding","Up_in_MUT"
57.8874002013926,1.94770718549257,0.251829898297546,7.73421741683462,1.04041099357418e-14,7.69348927522105e-13,"ENSG00000084628.10","NKAIN1","protein_coding","Up_in_MUT"
252.447674191578,-2.67254580852838,0.243227348106545,-10.9878507878879,4.37213187397067e-28,2.13408761610738e-25,"ENSG00000086570.12","FAT2","protein_coding","Down_in_MUT"
1453.39653225381,1.05654156238989,0.157457930357717,6.70999269449059,1.94634158205217e-11,6.50229062490407e-10,"ENSG00000086619.14","ERO1B","protein_coding","Up_in_MUT"
65.4110188353711,1.53892254189183,0.172372273286374,8.92790071483892,4.34169039524172e-19,6.65259685513216e-17,"ENSG00000086717.18","PPEF1","protein_coding","Up_in_MUT"
84.9262282666672,-1.04796950186416,0.179830966712997,-5.82752526452619,5.6255335672474e-09,9.90560112274817e-08,"ENSG00000086967.10","MYBPC2","protein_coding","Down_in_MUT"
935.49399400476,-1.38604445378756,0.203683959777753,-6.80487778860898,1.01135053649729e-11,3.61353732608802e-10,"ENSG00000087085.16","ACHE","protein_coding","Down_in_MUT"
1034.05179203258,1.63258737450302,0.131625657427412,12.4032609326442,2.5090113092786e-35,2.96165553474142e-32,"ENSG00000087842.11","PIR","protein_coding","Up_in_MUT"
4261.28627928805,1.13034437254575,0.232137786206681,4.86928212341681,1.1200440176127e-06,1.0625343887423e-05,"ENSG00000088992.18","TESC","protein_coding","Up_in_MUT"
210.986596139607,1.07224085154962,0.314790287993596,3.40620690169271,0.000658722376970379,0.0026089045907373,"ENSG00000090932.11","DLL3","protein_coding","Up_in_MUT"
503.141700865098,1.34652619754106,0.198510428750614,6.78315092066362,1.17582689479105e-11,4.11810757844896e-10,"ENSG00000091129.21","NRCAM","protein_coding","Up_in_MUT"
99.4974434599316,-1.5429881261763,0.200537745540005,-7.69425288003195,1.42323326638977e-14,1.02319313416427e-12,"ENSG00000091181.20","IL5RA","protein_coding","Down_in_MUT"
316.848737537312,-1.21805998018559,0.258254502569179,-4.71651014045459,2.39924414626518e-06,2.05942122773007e-05,"ENSG00000091583.11","APOH","protein_coding","Down_in_MUT"
666.792929100067,-1.37302083381539,0.1801173533834,-7.62292365518363,2.47993567381092e-14,1.67453453093279e-12,"ENSG00000091831.24","ESR1","protein_coding","Down_in_MUT"
186.073581671264,-1.54784395647344,0.213261843533556,-7.25795074649578,3.92998591189908e-13,2.04327212068737e-11,"ENSG00000092850.12","TEKT2","protein_coding","Down_in_MUT"
302.647293279645,-1.80723687526589,0.2711536717109,-6.66499134554494,2.64680951907647e-11,8.52085516994810e-10,"ENSG00000094755.17","GABRP","protein_coding","Down_in_MUT"
119.14530176809,-1.32131351363117,0.235218982910293,-5.61737618827764,1.9387900584723e-08,2.96787598240012e-07,"ENSG00000095917.14","TPSD1","protein_coding","Down_in_MUT"
78578.4168746363,1.35392334211264,0.38756419432368,3.49341699244253,0.000476881214645546,0.0019864960386836,"ENSG00000096088.16","PGC","protein_coding","Up_in_MUT"
52.0615290749043,1.58393262533339,0.619621769938441,2.55628950140139,0.0105795059087363,0.0273329631012755,"ENSG00000099399.6","MAGEB2","protein_coding","Up_in_MUT"
725.384068327366,-2.27085726660204,0.281851792915431,-8.05691971341624,7.82410021044828e-16,6.94601386649575e-14,"ENSG00000099937.11","SERPIND1","protein_coding","Down_in_MUT"
7375.90761875086,-1.53504361468168,0.209886721622739,-7.3136766481152,2.59930207501828e-13,1.41805758249852e-11,"ENSG00000099953.10","MMP11","protein_coding","Down_in_MUT"
527.308566781576,-1.19575189465291,0.277457734717586,-4.30967223123197,1.6349668550784e-05,0.000109058243277948,"ENSG00000100170.10","SLC5A1","protein_coding","Down_in_MUT"
372.380902437625,1.07981239763306,0.270056830432026,3.99846356748549,6.37549920088633e-05,0.000353318614208743,"ENSG00000100285.10","NEFH","protein_coding","Up_in_MUT"
1182.30247828328,1.02420715251036,0.106934148399106,9.57792405740911,9.90150385242184e-22,2.17635054676232e-19,"ENSG00000100413.17","POLR3H","protein_coding","Up_in_MUT"
87.6388143699238,-1.16629656966475,0.360029867578721,-3.23944393143922,0.00119763010357771,0.00435842998620678,"ENSG00000100557.10","CCDC198","protein_coding","Down_in_MUT"
68.5611695986042,2.92586073240459,0.319751259145837,9.15042755490796,5.67086567769431e-20,9.76952216290786e-18,"ENSG00000100604.13","CHGA","protein_coding","Up_in_MUT"
102.064595488009,-1.2485382762225,0.408486129200487,-3.05650103386917,0.00223936708281229,0.00740054627709565,"ENSG00000100665.12","SERPINA4","protein_coding","Down_in_MUT"
100.587758556528,-1.08364880428805,0.19240706088453,-5.63206360154518,1.78065986679529e-08,2.74958384760818e-07,"ENSG00000101222.12","SPEF1","protein_coding","Down_in_MUT"
438.790696438719,-1.37852957029235,0.14789902358675,-9.32074828393829,1.15522660992073e-20,2.20468426854991e-18,"ENSG00000101230.6","ISM1","protein_coding","Down_in_MUT"
477.297924778689,-1.65223770028536,0.26701724526254,-6.18775651984886,6.10264895832351e-10,1.37357009145995e-08,"ENSG00000101470.10","TNNC2","protein_coding","Down_in_MUT"
2779.18439737564,-3.78832741937841,0.285373060448219,-13.2750001469245,3.23270461672344e-40,6.06056051997604e-37,"ENSG00000101842.14","VSIG1","protein_coding","Down_in_MUT"
198.847184804204,1.04684139990867,0.179746841041585,5.82397662091029,5.74636182679275e-09,1.00904847262651e-07,"ENSG00000102003.11","SYP","protein_coding","Up_in_MUT"
58.7971208420252,1.23779161109357,0.185582154077383,6.66977715205014,2.56192138345813e-11,8.29786548904412e-10,"ENSG00000102385.12","DRP2","protein_coding","Up_in_MUT"
155.849655249433,-2.90180637859129,0.370543471487515,-7.83121712262865,4.83169424266541e-15,3.76505934493861e-13,"ENSG00000102837.7","OLFM4","protein_coding","Down_in_MUT"
25148.9253887828,1.35411193658014,0.273943055619713,4.94304166067242,7.69130398146911e-07,7.63405634361265e-06,"ENSG00000102854.16","MSLN","protein_coding","Up_in_MUT"
71.0903146173283,-1.02937947240687,0.174753386971731,-5.89046936511391,3.8510025883979e-09,7.07000596168374e-08,"ENSG00000102904.15","TSNAXIP1","protein_coding","Down_in_MUT"
165.088844789379,-1.36426951237529,0.206099765630054,-6.61946173594459,3.60509142175792e-11,1.12977255361698e-09,"ENSG00000102970.11","CCL17","protein_coding","Down_in_MUT"
2228.27229335819,-1.33121943832479,0.192217480848158,-6.9255898706548,4.34162602192715e-12,1.68952335707986e-10,"ENSG00000103044.11","HAS3","protein_coding","Down_in_MUT"
53.1894318851737,2.41307188173249,0.234704296562268,10.281328109783,8.55406319831213e-25,2.90028242758942e-22,"ENSG00000103154.9","NECAB2","protein_coding","Up_in_MUT"
28969.6648464603,-1.01321449503088,0.154847194693374,-6.54331837936894,6.01685456210319e-11,1.79050580531084e-09,"ENSG00000103811.18","CTSH","protein_coding","Down_in_MUT"
58.781916500226,1.37399064169137,0.240108941921946,5.72236348506348,1.05052249467652e-08,1.71963032500438e-07,"ENSG00000104044.16","OCA2","protein_coding","Up_in_MUT"
112.096380568319,2.64233609525234,0.28711335336015,9.20311112084652,3.47732998884837e-20,6.22617888059474e-18,"ENSG00000104112.9","SCG3","protein_coding","Up_in_MUT"
1630.58186091399,1.21891819140475,0.210582109959592,5.78832737329228,7.10907568006307e-09,1.2155222693095e-07,"ENSG00000104140.7","RHOV","protein_coding","Up_in_MUT"
85.6482217826268,-1.35210163289236,0.313034463476148,-4.31933793448077,1.56497985588627e-05,0.000104872735464574,"ENSG00000104327.7","CALB1","protein_coding","Down_in_MUT"
8064.65248085259,-2.16783686343169,0.197718203018001,-10.9642755717051,5.67532261425819e-28,2.6599736329268e-25,"ENSG00000104368.19","PLAT","protein_coding","Down_in_MUT"
6443.37897408333,1.51244660213351,0.102845883405397,14.7059517800218,5.90349971167777e-49,2.48755991112102e-45,"ENSG00000104687.14","GSR","protein_coding","Up_in_MUT"
2349.52329117893,1.16132516072428,0.343613904425093,3.37973855472269,0.000725548118130268,0.00283938409539904,"ENSG00000104760.17","FGL1","protein_coding","Up_in_MUT"
95.1790908859545,-1.63897295204455,0.219818947287316,-7.45601310656047,8.91798780000646e-14,5.43451604539208e-12,"ENSG00000104918.8","RETN","protein_coding","Down_in_MUT"
80.6698499992738,-2.50402519000113,0.30468414402651,-8.21842960683656,2.06185205381267e-16,2.02194728637119e-14,"ENSG00000105278.12","ZFR2","protein_coding","Down_in_MUT"
83.4277907807768,-1.14215657592442,0.168259913919687,-6.7880492109938,1.13659885441237e-11,3.98948701420449e-10,"ENSG00000105352.10","CEACAM4","protein_coding","Down_in_MUT"
278.632234219537,-1.22518048409254,0.18131834819789,-6.75706841734174,1.4081170872672e-11,4.86747285122483e-10,"ENSG00000105479.16","CCDC114","protein_coding","Down_in_MUT"
195.796800671185,-1.04516868037351,0.292735106820441,-3.57035646228314,0.000356495763329351,0.00155642143466709,"ENSG00000105641.4","SLC5A5","protein_coding","Down_in_MUT"
2289.97534338933,-1.13022946846282,0.207994825698459,-5.43393069835965,5.51259978460949e-08,7.49539538119834e-07,"ENSG00000105664.11","COMP","protein_coding","Down_in_MUT"
1257.53631138374,1.0280871554724,0.273945729676224,3.75288622563126,0.000174810206783945,0.000844403773933177,"ENSG00000105696.9","TMEM59L","protein_coding","Up_in_MUT"
7566.01519499719,-1.78611197243878,0.281948235435119,-6.33489324621006,2.37505661076375e-10,5.93224367097581e-09,"ENSG00000105825.14","TFPI2","protein_coding","Down_in_MUT"
1852.6200869634,-1.29536096648269,0.187109445094995,-6.92301217517395,4.42139751474571e-12,1.71846780722513e-10,"ENSG00000105855.10","ITGB8","protein_coding","Down_in_MUT"
757.643750364094,-1.76696633095523,0.192537381412386,-9.17726374999699,4.42184251388579e-20,7.70101326557673e-18,"ENSG00000105877.18","DNAH11","protein_coding","Down_in_MUT"
55.2332242399517,1.05159245727721,0.223775266156211,4.69932390357712,2.61024183865138e-06,2.21901887542433e-05,"ENSG00000106018.14","VIPR2","protein_coding","Up_in_MUT"
279.628232237145,-1.11578167214445,0.220006902976383,-5.0715757417131,3.94535178630402e-07,4.25956323784876e-06,"ENSG00000106236.4","NPTX2","protein_coding","Down_in_MUT"
764.151412208253,-1.17727217621009,0.152834185756889,-7.70293747030368,1.32973438786705e-14,9.58822730219704e-13,"ENSG00000106571.15","GLI3","protein_coding","Down_in_MUT"
3982.46329442412,1.02031987405638,0.103593520231833,9.84926346525345,6.90481045603135e-23,1.78913182149736e-20,"ENSG00000106780.9","MEGF9","protein_coding","Up_in_MUT"
248.68276037569,-1.22629731270024,0.193706947048003,-6.33068318606225,2.44078047538726e-10,6.06787164828919e-09,"ENSG00000106809.11","OGN","protein_coding","Down_in_MUT"
3228.13237538486,1.48088679743549,0.140593590732283,10.5331031786178,6.07965550956579e-26,2.30672262792109e-23,"ENSG00000106853.20","PTGR1","protein_coding","Up_in_MUT"
542.643781476651,3.37441623906779,0.275129973330639,12.2648077860007,1.39943978564454e-34,1.48671818027591e-31,"ENSG00000106927.12","AMBP","protein_coding","Up_in_MUT"
61.7094690653662,2.32059258972907,0.226486751514807,10.2460412108359,1.23290179140153e-24,4.13619084144822e-22,"ENSG00000107147.14","KCNT1","protein_coding","Up_in_MUT"
839.40005936434,1.31071493552727,0.292303907005411,4.48408284704524,7.32282095154167e-06,5.45803616806793e-05,"ENSG00000107984.10","DKK1","protein_coding","Up_in_MUT"
175.382219126854,-2.03585403177266,0.302175198713324,-6.73733000074599,1.61323511937726e-11,5.5107627534483e-10,"ENSG00000108244.17","KRT23","protein_coding","Down_in_MUT"
113.495506931172,1.73532513829007,0.217899111298138,7.9638926838748,1.66709854311886e-15,1.40190231313301e-13,"ENSG00000108309.14","RUNDC3A","protein_coding","Up_in_MUT"
835.913025483208,2.61703051298435,0.147482960939592,17.7446295918636,1.89646476552219e-70,1.20884457083915e-66,"ENSG00000108448.21","TRIM16L","protein_coding","Up_in_MUT"
736.952476901488,1.3918958283397,0.208270636384994,6.68311122729149,2.33921889290094e-11,7.67008696868785e-10,"ENSG00000108515.18","ENO3","protein_coding","Up_in_MUT"
4907.58387860587,1.35694889322462,0.19498005223961,6.95942419564575,3.41666298607082e-12,1.36115582536329e-10,"ENSG00000108551.5","RASD1","protein_coding","Up_in_MUT"
3300.95875435605,2.99189261420459,0.297185246222207,10.0674331994514,7.69603524419446e-24,2.33600323112116e-21,"ENSG00000108602.18","ALDH3A1","protein_coding","Up_in_MUT"
1032.31178876975,-1.66306634341511,0.18692815755207,-8.89682092411276,5.74691163676622e-19,8.63961418751774e-17,"ENSG00000108924.14","HLF","protein_coding","Down_in_MUT"
3006.77479484633,-1.03085052878808,0.224212180272215,-4.59765623587679,4.27270206277803e-06,3.40443712756263e-05,"ENSG00000109321.11","AREG","protein_coding","Down_in_MUT"
378.79355559178,-1.06390401551557,0.149995587140565,-7.09290210330363,1.3132836233177e-12,5.920178551451e-11,"ENSG00000109339.24","MAPK10","protein_coding","Down_in_MUT"
147.932146253775,-1.34114771855146,0.352363852634127,-3.80614443997473,0.000141149969602818,0.000702465752843755,"ENSG00000109511.12","ANXA10","protein_coding","Down_in_MUT"
245.112591038148,1.54573392940758,0.172797295448162,8.94535950576434,3.70740993091421e-19,5.73586708292072e-17,"ENSG00000109674.4","NEIL3","protein_coding","Up_in_MUT"
8547.43417480319,1.62416519905751,0.135465744791547,11.9894900482536,4.03380812864115e-33,3.57115274633117e-30,"ENSG00000109814.12","UGDH","protein_coding","Up_in_MUT"
485.61808040028,1.1414849527023,0.221590285835677,5.15133119846588,2.58643960307627e-07,2.94296381969454e-06,"ENSG00000109819.9","PPARGC1A","protein_coding","Up_in_MUT"
313.983742261185,-1.48351571189294,0.223039470444272,-6.65135955056713,2.90397889790697e-11,9.27381878308548e-10,"ENSG00000109956.13","B3GAT1","protein_coding","Down_in_MUT"
4382.47472276385,1.19139241043785,0.473562176620976,2.51580989626078,0.0118759220697836,0.0301111783839359,"ENSG00000110680.13","CALCA","protein_coding","Up_in_MUT"
380.192034225102,1.42361561411166,0.287668234768029,4.94881061601968,7.46683553091717e-07,7.44371333143137e-06,"ENSG00000111432.4","FZD10","protein_coding","Up_in_MUT"
216.761019595219,-1.6863200987529,0.216415651773181,-7.7920431583215,6.59342027310258e-15,5.07581878077421e-13,"ENSG00000111834.13","RSPH4A","protein_coding","Down_in_MUT"
56.3650664969033,-1.55137877282121,0.242587177910775,-6.3951392080245,1.6040115424153e-10,4.24244413844962e-09,"ENSG00000112164.6","GLP1R","protein_coding","Down_in_MUT"
891.912915914392,1.06588286491772,0.117729477062868,9.05366176347267,1.38252584250227e-19,2.28303011017564e-17,"ENSG00000112208.11","BAG2","protein_coding","Up_in_MUT"
66.9681022187957,-1.18047884987083,0.218287125825316,-5.40791787608907,6.37616471755062e-08,8.51696335763017e-07,"ENSG00000112530.11","PACRG","protein_coding","Down_in_MUT"
66.4864597016304,-1.93354980583553,0.299419748758699,-6.45765622959547,1.06336954116667e-10,2.93934524254318e-09,"ENSG00000112539.15","C6orf118","protein_coding","Down_in_MUT"
357.10477759545,-2.49247514535252,0.222056519648896,-11.2245078383355,3.09102620729805e-29,1.79116538641447e-26,"ENSG00000113296.14","THBS4","protein_coding","Down_in_MUT"
2999.00529603306,1.03787323360744,0.146178577546945,7.10003648293903,1.2472396006387e-12,5.6499580068619e-11,"ENSG00000113448.19","PDE4D","protein_coding","Up_in_MUT"
1235.01710815074,2.18140587525526,0.236042624326928,9.24157609870464,2.42892658346735e-20,4.39842722395953e-18,"ENSG00000113924.12","HGD","protein_coding","Up_in_MUT"
53.2053952612864,-1.38323418590243,0.185988797640703,-7.437190860143,1.02848903414978e-13,6.1847120768656e-12,"ENSG00000113946.4","CLDN16","protein_coding","Down_in_MUT"
332.208483760742,-2.13975712828801,0.240668382990532,-8.89089419100052,6.0619082050542e-19,9.07037917386302e-17,"ENSG00000114248.10","LRRC31","protein_coding","Down_in_MUT"
189.336275791914,1.41000603466181,0.224639921444744,6.27673846034812,3.45748947924932e-10,8.27279633582245e-09,"ENSG00000114279.13","FGF12","protein_coding","Up_in_MUT"
1648.47463577407,-3.96645102924139,0.3098138398882,-12.8026915475201,1.58365529220023e-37,2.29421262807789e-34,"ENSG00000114455.13","HHLA2","protein_coding","Down_in_MUT"
58.5408822772813,-1.54320673417899,0.533689347036238,-2.8915824210263,0.0038330703669789,0.0117104855891473,"ENSG00000115386.6","REG1A","protein_coding","Down_in_MUT"
187.793117742062,-1.11670994146095,0.194744553842904,-5.73422937599464,9.79566918132467e-09,1.61676733546348e-07,"ENSG00000115423.19","DNAH6","protein_coding","Down_in_MUT"
249.664890349046,1.39202230795714,0.221151513984204,6.29442811798505,3.08535208527958e-10,7.53511542604947e-09,"ENSG00000115718.18","PROC","protein_coding","Up_in_MUT"
15934.7488600477,1.86231799149626,0.178050897842043,10.4594698149088,1.32595519754044e-25,4.91389745358273e-23,"ENSG00000115758.13","ODC1","protein_coding","Up_in_MUT"
70.1122643991286,-1.22796640521305,0.298249549856242,-4.1172447898243,3.83428752276138e-05,0.000228074986259664,"ENSG00000115850.10","LCT","protein_coding","Down_in_MUT"
2202.31799679185,2.21379868236536,0.199185596490248,11.1142508362734,1.06944466230913e-28,5.58758538236957e-26,"ENSG00000115919.15","KYNU","protein_coding","Up_in_MUT"
638.737923233085,-2.46204365276061,0.249756750902802,-9.85776618193902,6.34451527006135e-23,1.72825680488996e-20,"ENSG00000116031.9","CD207","protein_coding","Down_in_MUT"
80.629376084535,-1.05746882166598,0.190544454304506,-5.54972237594519,2.86123595822176e-08,4.19459297260744e-07,"ENSG00000116032.5","GRIN3B","protein_coding","Down_in_MUT"
77.7315668417444,2.32872199867731,0.266529959451501,8.73718663173797,2.38987483510446e-18,3.24117876040911e-16,"ENSG00000116183.11","PAPPA2","protein_coding","Up_in_MUT"
348.186402620264,-1.0612767560262,0.226974444120877,-4.67575440105939,2.92874950953155e-06,2.45508089474697e-05,"ENSG00000116690.13","PRG4","protein_coding","Down_in_MUT"
55.7335912943892,-1.00125799208385,0.185566179097033,-5.39569223743239,6.82598638928681e-08,9.05625601911767e-07,"ENSG00000116748.21","AMPD1","protein_coding","Down_in_MUT"
64.849557943211,1.18192714729318,0.200533592940015,5.89391098999917,3.77160386491323e-09,6.96435612854284e-08,"ENSG00000116785.14","CFHR3","protein_coding","Up_in_MUT"
125.463248055696,-1.14879645817566,0.235175030964115,-4.88485726340121,1.03503807566077e-06,9.918129437578e-06,"ENSG00000116983.13","HPCAL4","protein_coding","Down_in_MUT"
121.154653087085,1.10625596894941,0.187125143841618,5.91185100109124,3.3828448158451e-09,6.31973312577955e-08,"ENSG00000118004.18","COLEC11","protein_coding","Up_in_MUT"
112.878408447817,-1.46284930860118,0.240281726217997,-6.08805892826823,1.14287809158308e-09,2.40903886619341e-08,"ENSG00000119147.10","ECRG4","protein_coding","Down_in_MUT"
752.188884954526,-1.01884257454427,0.12948287872521,-7.8685505340553,3.58773633122367e-15,2.84439663214999e-13,"ENSG00000119714.11","GPR68","protein_coding","Down_in_MUT"
260.053743187019,1.75144728161181,0.538297768546537,3.25367739558147,0.00113921571691022,0.0041752465632067,"ENSG00000120211.4","INSL4","protein_coding","Up_in_MUT"
389.199021021496,-1.41789984829358,0.17122815617169,-8.28076339776653,1.22388141757139e-16,1.24946686933816e-14,"ENSG00000120262.10","CCDC170","protein_coding","Down_in_MUT"
5520.81327091809,1.13057519813555,0.191371464482754,5.90775224086467,3.46807069865321e-09,6.45624306289583e-08,"ENSG00000120875.9","DUSP4","protein_coding","Up_in_MUT"
21017.2573274501,1.23728320285796,0.173508368662981,7.13097133234672,9.96630776051991e-13,4.65742220873211e-11,"ENSG00000120885.22","CLU","protein_coding","Up_in_MUT"
553.624946124931,1.04327803712287,0.136627697658176,7.63591903402347,2.24215201566055e-14,1.52365942198545e-12,"ENSG00000121361.5","KCNJ8","protein_coding","Up_in_MUT"
181.375435167531,-1.02926789727135,0.177929653584678,-5.78469005326038,7.26461491306859e-09,1.2387936965993e-07,"ENSG00000121690.11","DEPDC7","protein_coding","Down_in_MUT"
211.597008943118,-1.02200281638311,0.286196176100336,-3.57098697232354,0.000355638585889893,0.00155331744153718,"ENSG00000121742.19","GJB6","protein_coding","Down_in_MUT"
1041.95598780593,-1.55582035359177,0.189698352948856,-8.20154908783648,2.37308949790743e-16,2.29886733701544e-14,"ENSG00000121769.8","FABP3","protein_coding","Down_in_MUT"
169.294905565633,-1.72528328919399,0.213185112192966,-8.09288824837044,5.82663181272548e-16,5.26063973097376e-14,"ENSG00000122420.10","PTGFR","protein_coding","Down_in_MUT"
221.778407199493,1.28351341298118,0.161450797546326,7.94987347530999,1.86702098928434e-15,1.54555392076575e-13,"ENSG00000122574.11","WIPF3","protein_coding","Up_in_MUT"
133.666321813789,-1.8371010041564,0.251211713075038,-7.31295918358573,2.61322413657079e-13,1.41884269943182e-11,"ENSG00000122735.16","DNAI1","protein_coding","Down_in_MUT"
12168.5914054692,-1.09405405603646,0.229295142735493,-4.77137911856479,1.82968777127155e-06,1.62661029172093e-05,"ENSG00000123838.11","C4BPA","protein_coding","Down_in_MUT"
535.731296715312,-1.21824536995394,0.234580182807493,-5.19330045434266,2.06598361754902e-07,2.41013776994527e-06,"ENSG00000123843.13","C4BPB","protein_coding","Down_in_MUT"
638.355267421608,2.6291920520427,0.32194334379817,8.16662963434638,3.17124595708207e-16,2.99913293466358e-14,"ENSG00000123999.5","INHA","protein_coding","Up_in_MUT"
20949.7630145421,1.95669685007514,0.20410263151082,9.5868281344105,9.08345329642448e-22,2.03872352119961e-19,"ENSG00000124107.5","SLPI","protein_coding","Up_in_MUT"
398.120506097454,-1.94439844058932,0.323943107246615,-6.00228372542303,1.9456132812723e-09,3.86149341045051e-08,"ENSG00000124237.6","C20orf85","protein_coding","Down_in_MUT"
72.4681102884033,1.77064192669137,0.238637387321904,7.41980100671696,1.1729643187121e-13,6.93572278324184e-12,"ENSG00000124343.14","XG","protein_coding","Up_in_MUT"
976.170147974158,1.13283017255425,0.211729527298125,5.35036462325432,8.77771949040518e-08,1.12804313660768e-06,"ENSG00000124466.9","LYPD3","protein_coding","Up_in_MUT"
111.644483045215,1.02190813018885,0.182719041794868,5.59278398217583,2.23457241852904e-08,3.36251452081865e-07,"ENSG00000124635.9","H2BC11","protein_coding","Up_in_MUT"
559.913172362118,-1.19123346659165,0.168823350771609,-7.05609420229553,1.71247755462302e-12,7.48674514998494e-11,"ENSG00000124749.17","COL21A1","protein_coding","Down_in_MUT"
254.650713164372,-1.31480430012627,0.257883087131766,-5.09845106458829,3.424440323919e-07,3.75957070491293e-06,"ENSG00000124875.10","CXCL6","protein_coding","Down_in_MUT"
1607.5468043066,-2.7187834290489,0.306695268424613,-8.86477135110153,7.66612285814187e-19,1.12593088300387e-16,"ENSG00000124882.4","EREG","protein_coding","Down_in_MUT"
516.9267283863,-4.33074600430342,0.325970206527195,-13.2857111404202,2.80183817945953e-40,5.58108653859717e-37,"ENSG00000125571.9","IL37","protein_coding","Down_in_MUT"
1020.25621093827,1.08411075874328,0.188129441943909,5.76257893257617,8.28382799764425e-09,1.39616013809053e-07,"ENSG00000125775.15","SDCBP2","protein_coding","Up_in_MUT"
4247.60150881609,4.75345802730613,0.397221484000908,11.966769721084,5.30542116265299e-33,4.56997507770036e-30,"ENSG00000125851.10","PCSK2","protein_coding","Up_in_MUT"
1173.72187862521,-1.55373278398819,0.219457068787476,-7.07989399736692,1.44264770548089e-12,6.44861501001143e-11,"ENSG00000125872.8","LRRN4","protein_coding","Down_in_MUT"
52.736061329918,-1.51415040362275,0.209118176194795,-7.24064464971379,4.46557026122509e-13,2.29692705361871e-11,"ENSG00000125965.9","GDF5","protein_coding","Down_in_MUT"
8767.65956864601,-1.34248850668252,0.290200193281877,-4.62607723137708,3.72656387136864e-06,3.02596986355134e-05,"ENSG00000125999.11","BPIFB1","protein_coding","Down_in_MUT"
78.6560119285245,-1.17774081340815,0.228064966395362,-5.16405843485177,2.4165220278143e-07,2.76542095326641e-06,"ENSG00000126838.10","PZP","protein_coding","Down_in_MUT"
171.816053987887,-1.40214147499452,0.204779436070206,-6.84708143504123,7.5371817592063e-12,2.78351703183852e-10,"ENSG00000126861.5","OMG","protein_coding","Down_in_MUT"
59.1752444093313,-1.04453935869513,0.165950520446356,-6.29428190936455,3.08826130911656e-10,7.53644534325067e-09,"ENSG00000127074.15","RGS13","protein_coding","Down_in_MUT"
196.216635018818,-1.08758677552298,0.18520460767093,-5.87235268711779,4.29653452531515e-09,7.81145760731997e-08,"ENSG00000127083.7","OMD","protein_coding","Down_in_MUT"
3103.42095313265,-1.65164291380513,0.201303714023947,-8.20473145174388,2.31106885663597e-16,2.2503031390751e-14,"ENSG00000127249.15","ATP13A4","protein_coding","Down_in_MUT"
57.7489950164593,-1.56982927595986,0.213105950972622,-7.3664262719793,1.75262799604981e-13,9.95996633460279e-12,"ENSG00000127377.10","CRYGN","protein_coding","Down_in_MUT"
59.6626628460726,-1.26359932756677,0.215819923460003,-5.85487802659216,4.7736022742305e-09,8.55677604510688e-08,"ENSG00000128040.11","SPINK2","protein_coding","Down_in_MUT"
423.224388840497,-1.15190814176163,0.175755059978656,-6.55405393108753,5.59957289859667e-11,1.67571819578568e-09,"ENSG00000128268.12","MGAT3","protein_coding","Down_in_MUT"
6518.68208354641,-1.03697860035598,0.116887256074255,-8.87161385409901,7.20933893530204e-19,1.06374463521764e-16,"ENSG00000128283.7","CDC42EP1","protein_coding","Down_in_MUT"
106.730698170341,1.98510899147918,0.259620966261889,7.64618135453951,2.07035619186317e-14,1.4168586320808e-12,"ENSG00000128564.7","VGF","protein_coding","Up_in_MUT"
98.6358579672041,-1.53072061403975,0.233434854495933,-6.55737814879918,5.47620240492902e-11,1.64188190825487e-09,"ENSG00000128645.15","HOXD1","protein_coding","Down_in_MUT"
54.8382914258347,-1.0289682088093,0.226716878955059,-4.53856022344621,5.66396206036049e-06,4.3508347752651e-05,"ENSG00000129151.9","BBOX1","protein_coding","Down_in_MUT"
130.873197703435,-1.43101833212679,0.301876024165703,-4.74041731562388,2.13278476977649e-06,1.85417303321185e-05,"ENSG00000129437.11","KLK14","protein_coding","Down_in_MUT"
56.0184102472932,1.56511176969722,0.471743202417665,3.31771981382261,0.000907554732203118,0.00344054679077502,"ENSG00000129455.15","KLK8","protein_coding","Up_in_MUT"
75.4551007874601,1.55678678360409,0.27874880390935,5.58490928667938,2.33822229803489e-08,3.49537912104456e-07,"ENSG00000129990.15","SYT5","protein_coding","Up_in_MUT"
79.670560969383,-1.34781737545951,0.304671683657196,-4.42383538660593,9.69639132353983e-06,6.94457725556265e-05,"ENSG00000130433.7","CACNG6","protein_coding","Down_in_MUT"
152.054037969147,1.08484881992456,0.235720972930873,4.60225836689846,4.17934300736258e-06,3.34420891256974e-05,"ENSG00000130477.15","UNC13A","protein_coding","Up_in_MUT"
107.810470337448,-1.24797548709466,0.174557711289897,-7.14935752693322,8.71849835934318e-13,4.13492948230099e-11,"ENSG00000130598.16","TNNI2","protein_coding","Down_in_MUT"
59.65813851592,-1.4226112367446,0.198105712184146,-7.18107126271168,6.91672855296057e-13,3.35019841506697e-11,"ENSG00000131044.17","TTLL9","protein_coding","Down_in_MUT"
1097.3597990571,-1.18965722856822,0.156539624187421,-7.59971946236357,2.96773392548834e-14,1.97462730562085e-12,"ENSG00000131435.13","PDLIM4","protein_coding","Down_in_MUT"
1277.89482674404,-1.18683478134437,0.162957022826585,-7.28311527025978,3.26198274610864e-13,1.72982782198384e-11,"ENSG00000131620.17","ANO1","protein_coding","Down_in_MUT"
839.328362669701,1.15118980367732,0.348948243273396,3.29902736542902,0.000970204527816203,0.00364285068115911,"ENSG00000131668.14","BARX1","protein_coding","Up_in_MUT"
3390.69232191729,-1.25855595655908,0.232539390064738,-5.41222696167176,6.22457233980905e-08,8.34595477669559e-07,"ENSG00000131771.14","PPP1R1B","protein_coding","Down_in_MUT"
110.095188047834,1.67218006667748,0.291010777445608,5.74611044084106,9.13196731854667e-09,1.52299806598326e-07,"ENSG00000132429.10","POPDC3","protein_coding","Up_in_MUT"
534.456931945333,2.07195162185275,0.302786280482234,6.84295080527706,7.75782991989161e-12,2.85837916042619e-10,"ENSG00000132437.18","DDC","protein_coding","Up_in_MUT"
99.8667142110588,-1.06027433082271,0.202178124996081,-5.24425840255104,1.56912162702525e-07,1.89071740547908e-06,"ENSG00000132554.20","RGS22","protein_coding","Down_in_MUT"
147.237625519716,1.78990375896975,0.197112513318863,9.08061963612772,1.07958473837265e-19,1.81091816824603e-17,"ENSG00000132639.13","SNAP25","protein_coding","Up_in_MUT"
102.932161431727,1.50160784655178,0.196142471257531,7.65569963977971,1.92262614501765e-14,1.33498949603175e-12,"ENSG00000132692.19","BCAN","protein_coding","Up_in_MUT"
3882.46606764357,-1.08740752241036,0.189363884866368,-5.74242297140098,9.3331338441966e-09,1.55241258969171e-07,"ENSG00000132821.12","VSTM2L","protein_coding","Down_in_MUT"
1034.3908228072,1.87702076626808,0.244346674393682,7.68179379124223,1.56876216946441e-14,1.11106709117778e-12,"ENSG00000132840.10","BHMT2","protein_coding","Up_in_MUT"
379.835513526099,2.57525983157472,0.350043192874951,7.35697732163785,1.88121293961426e-13,1.05742747087207e-11,"ENSG00000132874.15","SLC14A2","protein_coding","Up_in_MUT"
2041.96890825112,-1.16481013559883,0.129142509587925,-9.01957178403588,1.88825941834228e-19,3.03943009707004e-17,"ENSG00000132965.10","ALOX5AP","protein_coding","Down_in_MUT"
9613.11429975443,-1.01363374642292,0.198794168049098,-5.09891088038644,3.4161333002644e-07,3.75250306396486e-06,"ENSG00000133048.13","CHI3L1","protein_coding","Down_in_MUT"
171.573238032447,-2.89748590503458,0.265306785022638,-10.9212657519759,9.12156488344514e-28,4.09455485070817e-25,"ENSG00000133055.9","MYBPH","protein_coding","Down_in_MUT"
86.6501952613826,-1.60234238015896,0.290799730854018,-5.51012332595085,3.58582374097213e-08,5.13173724510655e-07,"ENSG00000133115.12","STOML3","protein_coding","Down_in_MUT"
552.188298391734,1.57060739237394,0.236049754896589,6.65371329473317,2.8578914077258e-11,9.15415648800292e-10,"ENSG00000133477.17","FAM83F","protein_coding","Up_in_MUT"
548.598693053318,1.82193295089967,0.391403700599914,4.65486899614681,3.24186764149443e-06,2.67950113075905e-05,"ENSG00000133636.11","NTS","protein_coding","Up_in_MUT"
175.952764826669,-1.13847965366694,0.204558531193828,-5.56554472220073,2.61334745694883e-08,3.86631058050194e-07,"ENSG00000133640.20","LRRIQ1","protein_coding","Down_in_MUT"
1433.75528034869,-1.76488539728161,0.249725242096526,-7.06730878490622,1.57967190390211e-12,6.9827632800644e-11,"ENSG00000133710.16","SPINK5","protein_coding","Down_in_MUT"
176.716626830894,-2.97652691542224,0.424806041571365,-7.00679045055955,2.43847053476508e-12,1.0033800076219e-10,"ENSG00000134193.15","REG4","protein_coding","Down_in_MUT"
541.079378561623,-1.23939319917285,0.250974435823133,-4.93832447559032,7.87966560681095e-07,7.78947960777518e-06,"ENSG00000134258.17","VTCN1","protein_coding","Down_in_MUT"
164.426960244492,-1.30591538331629,0.255044786317864,-5.12033749903328,3.04989329446208e-07,3.39990028638689e-06,"ENSG00000134323.12","MYCN","protein_coding","Down_in_MUT"
156.267706000645,1.64554528335732,0.304096235116685,5.41126490015869,6.25811159616684e-08,8.38739590754556e-07,"ENSG00000134548.11","SPX","protein_coding","Up_in_MUT"
766.821888614695,1.29118356492256,0.176359329066166,7.32132273217107,2.45538523654216e-13,1.35156447105069e-11,"ENSG00000134569.10","LRP4","protein_coding","Up_in_MUT"
50.2292393308962,-2.32416334341528,0.348509944247445,-6.66885803914136,2.57801465554043e-11,8.32461044445077e-10,"ENSG00000134757.5","DSG3","protein_coding","Down_in_MUT"
119.731540212055,-1.56262147374099,0.258561698337154,-6.04351488944581,1.50792452835007e-09,3.08070914378495e-08,"ENSG00000134762.17","DSC3","protein_coding","Down_in_MUT"
1245.47986025415,-1.68718252056159,0.341834210043052,-4.93567487101158,7.98740751862385e-07,7.88620399708986e-06,"ENSG00000134827.8","TCN1","protein_coding","Down_in_MUT"
411.878832510759,1.14154517222928,0.139238475084805,8.19848947307132,2.43426378077728e-16,2.33681990834797e-14,"ENSG00000134830.6","C5AR2","protein_coding","Up_in_MUT"
177.671184193194,1.51140609619447,0.241324929322594,6.26295053908039,3.77760468038494e-10,8.9780789536576e-09,"ENSG00000134962.7","KLB","protein_coding","Up_in_MUT"
226.608734403756,1.00593468981005,0.243905454298128,4.12428124128984,3.7189425784364e-05,0.000221751953072678,"ENSG00000135097.7","MSI1","protein_coding","Up_in_MUT"
348.739926691202,1.05062481606069,0.149081358074813,7.04732522984837,1.82389685310688e-12,7.86595623888626e-11,"ENSG00000135119.15","RNFT2","protein_coding","Up_in_MUT"
106.856733889416,2.59293170471911,0.467620855952644,5.5449445244198,2.9404738392254e-08,4.29495149999783e-07,"ENSG00000135346.9","CGA","protein_coding","Up_in_MUT"
241.032538985016,1.35778580848434,0.202001970252313,6.72164636210423,1.79682621238985e-11,6.04078567669588e-10,"ENSG00000135454.14","B4GALNT1","protein_coding","Up_in_MUT"
260.361168356303,-1.63362664801336,0.215631539507455,-7.57600976065414,3.56345011773815e-14,2.35623897722889e-12,"ENSG00000135472.9","FAIM2","protein_coding","Down_in_MUT"
94.7394739782936,-1.79779165519751,0.21013116578553,-8.55556884423526,1.17288904495471e-17,1.41060931138686e-15,"ENSG00000135914.6","HTR2B","protein_coding","Down_in_MUT"
302.751397327815,-1.19886762623212,0.190596210215792,-6.2900916281324,3.17278640609666e-10,7.67804673870209e-09,"ENSG00000135925.9","WNT10A","protein_coding","Down_in_MUT"
164.706455297638,-2.63763407340604,0.455452920601755,-5.79123319688265,6.98714838690201e-09,1.19724411956427e-07,"ENSG00000136110.13","CNMD","protein_coding","Down_in_MUT"
2430.92525215466,-1.16275900579706,0.161762807494571,-7.188049118374,6.57236200444599e-13,3.20470714145985e-11,"ENSG00000136286.16","MYO1G","protein_coding","Down_in_MUT"
2273.46536488045,-1.10162192137586,0.156347305472006,-7.04599236968051,1.84144345628439e-12,7.91634527798448e-11,"ENSG00000136542.9","GALNT5","protein_coding","Down_in_MUT"
148.235866042075,-1.02456613688948,0.31139407902376,-3.29025567891838,0.00100096385379198,0.00373862873364633,"ENSG00000136695.15","IL36RN","protein_coding","Down_in_MUT"
10375.1583451536,1.10140666029163,0.09368318448054,11.7567167085403,6.52215353990689e-32,5.19668888675932e-29,"ENSG00000136810.13","TXN","protein_coding","Up_in_MUT"
63.6018907100858,-1.63702326812326,0.235550436004089,-6.94977812775027,3.65861153455746e-12,1.45209972874073e-10,"ENSG00000136872.20","ALDOB","protein_coding","Down_in_MUT"
212.31915179226,-2.35268763877502,0.243887449310653,-9.64661217879347,5.0806490600094e-22,1.17337221877942e-19,"ENSG00000136881.12","BAAT","protein_coding","Down_in_MUT"
146.919791441894,-1.91012632368884,0.269648677054392,-7.08375929952564,1.40295506153994e-12,6.28546180419370e-11,"ENSG00000136918.8","WDR38","protein_coding","Down_in_MUT"
256.119232488353,-1.91701187714642,0.25777226004339,-7.4368431918304,1.0311983540091e-13,6.18932631650169e-12,"ENSG00000136928.7","GABBR2","protein_coding","Down_in_MUT"
94.8284154710646,-1.15734379334122,0.162887894091777,-7.1051553572737,1.20187264891991e-12,5.49567908087895e-11,"ENSG00000137098.14","SPAG8","protein_coding","Down_in_MUT"
65.9185899333672,1.45743322172783,0.440133472547653,3.31134374600431,0.000928490769776421,0.00350823109941248,"ENSG00000137251.16","TINAG","protein_coding","Up_in_MUT"
382.354647477139,1.85171550363228,0.221145222427317,8.37330096172832,5.60262763316293e-17,6.0529269592046e-15,"ENSG00000137261.14","KIAA0319","protein_coding","Up_in_MUT"
544.100818533724,-1.18068921288525,0.248370705484823,-4.75373780728501,1.99689972123534e-06,1.7561130563269e-05,"ENSG00000137440.5","FGFBP1","protein_coding","Down_in_MUT"
2385.4915850879,-1.00089064072289,0.125231096526267,-7.99234909288651,1.32391519048299e-15,1.13731808722058e-13,"ENSG00000137462.9","TLR2","protein_coding","Down_in_MUT"
62.4471237952304,-2.01866342932842,0.278303400620539,-7.25346303648235,4.06248284498528e-13,2.09846662483835e-11,"ENSG00000137473.18","TTC29","protein_coding","Down_in_MUT"
434.355949021082,-1.45616189138235,0.156004155039051,-9.33412248550586,1.0183125344933e-20,1.97894138944121e-18,"ENSG00000137727.12","ARHGAP20","protein_coding","Down_in_MUT"
1540.39570898731,-1.70504026886487,0.273825326553373,-6.22674421802446,4.76227648436715e-10,1.10949206018469e-08,"ENSG00000137745.12","MMP13","protein_coding","Down_in_MUT"
337.951942216682,1.34387191801764,0.365770637987079,3.67408364272562,0.000238704534723204,0.00110257278640047,"ENSG00000137948.18","BRDT","protein_coding","Up_in_MUT"
2212.84097187751,-1.07422420865901,0.16718775524318,-6.42525648541971,1.31647354543542e-10,3.5800116810822e-09,"ENSG00000137959.16","IFI44L","protein_coding","Down_in_MUT"
87.9864288797617,-2.51283361196815,0.258408250952369,-9.72427777637535,2.3758536854746e-22,5.69329569998204e-20,"ENSG00000137975.8","CLCA2","protein_coding","Down_in_MUT"
959.209876918999,-1.29209035959712,0.180773266187205,-7.14757434464371,8.83246872311275e-13,4.17036460258261e-11,"ENSG00000138131.4","LOXL4","protein_coding","Down_in_MUT"
1042.33244041075,-1.06875902150484,0.206005347924227,-5.18801590480042,2.12546454411293e-07,2.46688566953471e-06,"ENSG00000138615.6","CILP","protein_coding","Down_in_MUT"
69.4667247413415,1.70965355904788,0.260024290609494,6.57497634178895,4.86609045260755e-11,1.47983939709022e-09,"ENSG00000138622.4","HCN4","protein_coding","Up_in_MUT"
531.569188403562,1.14349168202191,0.144377304929799,7.92016226219153,2.37200829056267e-15,1.92362026026776e-13,"ENSG00000138678.11","GPAT3","protein_coding","Up_in_MUT"
149.813005505838,-1.44549050127649,0.204968608784198,-7.0522530735347,1.76043639516239e-12,7.66487272543997e-11,"ENSG00000138829.12","FBN2","protein_coding","Down_in_MUT"
3264.52132330177,-1.13098255739269,0.139591769848738,-8.10207191024387,5.40309889684843e-16,4.96259841329845e-14,"ENSG00000139263.12","LRIG3","protein_coding","Down_in_MUT"
9001.78187646114,-1.01277032028697,0.12668813471618,-7.99420026631446,1.304176243387e-15,1.1233892176483e-13,"ENSG00000139318.8","DUSP6","protein_coding","Down_in_MUT"
1719.77175520864,1.91422844841327,0.431160468637339,4.43971232906182,9.00792037988098e-06,6.52658020715241e-05,"ENSG00000139352.4","ASCL1","protein_coding","Up_in_MUT"
85.4270679396445,1.50811515039593,0.28712798215602,5.25241440792926,1.50118231256675e-07,1.81365358164575e-06,"ENSG00000139540.12","SLC39A5","protein_coding","Up_in_MUT"
215.244260208297,1.20944989483657,0.214144614899303,5.64781839321663,1.62496699048379e-08,2.5386923016524e-07,"ENSG00000139874.6","SSTR1","protein_coding","Up_in_MUT"
53.2517035962186,-1.04004774976663,0.251542834126345,-4.13467453119429,3.55458030907893e-05,0.000213367279741366,"ENSG00000140274.14","DUOXA2","protein_coding","Down_in_MUT"
63.3424291244184,1.17118349027132,0.198724820804493,5.89349375447942,3.78114398889809e-09,6.9779293613301e-08,"ENSG00000140459.18","CYP11A1","protein_coding","Up_in_MUT"
127.672581945851,-1.36344855682526,0.222443021375684,-6.12942832907548,8.81953933160299e-10,1.91476524548718e-08,"ENSG00000140481.15","CCDC33","protein_coding","Down_in_MUT"
87.7592399439015,-1.00979785803244,0.235615890113064,-4.28577995120735,1.82099169609803e-05,0.000119638891664276,"ENSG00000140835.10","CHST4","protein_coding","Down_in_MUT"
5077.5762003562,-1.01996905241925,0.122167824544804,-8.34891720647108,6.8891606366424e-17,7.34329226255618e-15,"ENSG00000140937.14","CDH11","protein_coding","Down_in_MUT"
1275.84884227054,2.21771767426068,0.15242953989517,14.5491331653029,5.91477896561336e-48,2.09455467125626e-44,"ENSG00000140961.14","OSGIN1","protein_coding","Up_in_MUT"
315.687535275484,-1.17266723721295,0.185682777740722,-6.31543351236594,2.6940519462505e-10,6.65597903712788e-09,"ENSG00000141294.10","LRRC46","protein_coding","Down_in_MUT"
466.359802671405,1.3303632955053,0.174587858541424,7.62002184241035,2.5363279489774e-14,1.70899171378137e-12,"ENSG00000141527.18","CARD14","protein_coding","Up_in_MUT"
738.513372384342,-1.02578922383894,0.18843175037503,-5.44382367513615,5.21488423346258e-08,7.12402809278551e-07,"ENSG00000141579.7","ZNF750","protein_coding","Down_in_MUT"
233.006577001214,1.25214152849305,0.283540954620087,4.41608701702643,1.00503639222126e-05,7.16108089793957e-05,"ENSG00000141639.12","MAPK4","protein_coding","Up_in_MUT"
50.4505383036122,-1.05742964596572,0.213853206231506,-4.94465182261986,7.62800740201811e-07,7.58067427220827e-06,"ENSG00000141750.7","STAC2","protein_coding","Down_in_MUT"
299.328398449652,1.0265116010007,0.24158755231954,4.24902521319875,2.14702755020753e-05,0.000137931697344616,"ENSG00000142178.9","SIK1","protein_coding","Up_in_MUT"
234.751663960104,-1.38726941731033,0.258684943689207,-5.36277603762298,8.19525930052978e-08,1.059169136931e-06,"ENSG00000142449.13","FBN3","protein_coding","Down_in_MUT"
124.777741907437,-1.5425578880135,0.219744685929538,-7.01977334054001,2.22228456302562e-12,9.31926727739334e-11,"ENSG00000142609.18","CFAP74","protein_coding","Down_in_MUT"
81.0951291941924,-2.22485376215339,0.400203759945708,-5.55930249744582,2.7085490279197e-08,3.98626829054389e-07,"ENSG00000142619.4","PADI3","protein_coding","Down_in_MUT"
272.136975514918,-1.04771270488008,0.15419281691713,-6.79482174220327,1.0844653462674e-11,3.83181763313617e-10,"ENSG00000142621.19","FHAD1","protein_coding","Down_in_MUT"
183.368831543654,-3.09894938339792,0.315616814489947,-9.81870813317084,9.35344746670814e-23,2.38482979369164e-20,"ENSG00000142623.11","PADI1","protein_coding","Down_in_MUT"
14165.185670911,1.75313246161601,0.0961432682763378,18.2345835859991,2.74335336923453e-74,2.91444717436246e-70,"ENSG00000142657.21","PGD","protein_coding","Up_in_MUT"
67.1588018289975,-1.31502205264189,0.234810649680419,-5.60035098251146,2.13918233074013e-08,3.24347669186577e-07,"ENSG00000143171.13","RXRG","protein_coding","Down_in_MUT"
52.1948227935314,1.19508095326887,0.310577383998203,3.84793296242005,0.000119118636527492,0.000607526014525153,"ENSG00000143469.20","SYT14","protein_coding","Up_in_MUT"
484.328319293696,1.42520006227957,0.281080885027585,5.07042683510726,3.96924487728059e-07,4.2810085781323e-06,"ENSG00000143512.13","HHIPL2","protein_coding","Up_in_MUT"
19693.9980340702,1.54219461814127,0.138624204186558,11.1250025000383,9.48032166237811e-29,5.12114121528225e-26,"ENSG00000143819.12","EPHX1","protein_coding","Up_in_MUT"
77.7578559178107,-1.1413996401065,0.18410658761377,-6.19966756703456,5.65825463090478e-10,1.28718225083202e-08,"ENSG00000143869.7","GDF7","protein_coding","Down_in_MUT"
69.3395328628578,-1.09974119061906,0.37011978221471,-2.97131156848323,0.00296530779442627,0.00940745816406129,"ENSG00000144119.4","C1QL2","protein_coding","Down_in_MUT"
1429.2125935371,1.2144255303084,0.161601804861003,7.51492553782398,5.69433351764734e-14,3.60803386761309e-12,"ENSG00000144476.6","ACKR3","protein_coding","Up_in_MUT"
383.964828219336,-1.30688929897547,0.280824936777566,-4.65375088826469,3.25950567611476e-06,2.6895507578861e-05,"ENSG00000144481.17","TRPM8","protein_coding","Down_in_MUT"
358.188562790081,-1.19500439079809,0.167661355852309,-7.12748853021777,1.02216787916052e-12,4.75584123747811e-11,"ENSG00000144681.10","STAC","protein_coding","Down_in_MUT"
127.444960214746,-1.37622224608589,0.224124603045735,-6.14043361319443,8.22965233823596e-10,1.80266150977264e-08,"ENSG00000145491.12","ROPN1L","protein_coding","Down_in_MUT"
60.3270565802948,-1.44772514706921,0.224394314154719,-6.45170156170271,1.10601220546312e-10,3.05086244512097e-09,"ENSG00000145794.17","MEGF10","protein_coding","Down_in_MUT"
8087.62196480948,-1.45697864809685,0.270409083131472,-5.38805365272613,7.12247922306942e-08,9.38406512271375e-07,"ENSG00000145824.13","CXCL14","protein_coding","Down_in_MUT"
144.529924554219,-1.12246417272872,0.241780121047989,-4.64249983771798,3.44218909316791e-06,2.82165659949471e-05,"ENSG00000145864.14","GABRB2","protein_coding","Down_in_MUT"
1405.93334411892,4.13986988803794,0.444034103700067,9.32331515426642,1.12760816650146e-20,2.16493975147999e-18,"ENSG00000145920.15","CPLX2","protein_coding","Up_in_MUT"
921.02184412904,-1.38200292614967,0.191918035313433,-7.20100601224182,5.97699117589096e-13,2.9488031852449e-11,"ENSG00000146197.9","SCUBE3","protein_coding","Down_in_MUT"
455.48362158356,1.81952575074538,0.247498009516454,7.35167831975805,1.95733412356366e-13,1.09634790601225e-11,"ENSG00000146374.14","RSPO3","protein_coding","Up_in_MUT"
8818.09518269669,-1.19955691958819,0.142285090639675,-8.4306578728334,3.43727319123958e-17,3.92649942215042e-15,"ENSG00000146648.19","EGFR","protein_coding","Down_in_MUT"
51.0072723848117,-1.35363908542324,0.225188065524862,-6.01114931321167,1.84212639123702e-09,3.68783983763286e-08,"ENSG00000147206.17","NXF3","protein_coding","Down_in_MUT"
169.307488029994,2.09647363535506,0.712204458555397,2.94364014458356,0.00324376923307554,0.0101511895530259,"ENSG00000147381.11","MAGEA4","protein_coding","Up_in_MUT"
62.8429165363799,-1.91673917787467,0.236585372759311,-8.10168082464107,5.42050013567436e-16,4.96427470758843e-14,"ENSG00000147573.17","TRIM55","protein_coding","Down_in_MUT"
1552.61770821943,1.4169666655384,0.184339546690966,7.68672100465702,1.50953819782032e-14,1.07629735800294e-12,"ENSG00000147642.17","SYBU","protein_coding","Up_in_MUT"
435.039412573385,-1.23428899974574,0.146862048374552,-8.40441089721051,4.3001463463189e-17,4.82986085399611e-15,"ENSG00000148082.10","SHC3","protein_coding","Down_in_MUT"
1133.47125680295,-1.21207667064159,0.243393764255747,-4.97990026304861,6.36170499633725e-07,6.49644024153363e-06,"ENSG00000148702.15","HABP2","protein_coding","Down_in_MUT"
183.253416843996,1.53592240984517,0.318272967125064,4.82580227821118,1.39440795125668e-06,1.28361728131332e-05,"ENSG00000148798.11","INA","protein_coding","Up_in_MUT"
1749.08960332896,-1.49377410916274,0.336873829576457,-4.43422426443996,9.24043997193158e-06,6.65992904444666e-05,"ENSG00000149021.7","SCGB1A1","protein_coding","Down_in_MUT"
646.942635520747,-1.51388492212327,0.242917956025884,-6.23208323867981,4.60272781418954e-10,1.07625486548815e-08,"ENSG00000149043.16","SYT8","protein_coding","Down_in_MUT"
53.3485948915487,-1.07609420228453,0.165880440729919,-6.48716748972584,8.74650903094778e-11,2.48670820093967e-09,"ENSG00000149201.10","CCDC81","protein_coding","Down_in_MUT"
838.480050484628,-1.60943243499212,0.254734763881344,-6.31807143426171,2.64847594004311e-10,6.55353856250884e-09,"ENSG00000149435.12","GGTLC1","protein_coding","Down_in_MUT"
124.243526291274,-1.22442130039001,0.159733740501251,-7.66538926934111,1.78289626563456e-14,1.24338483330501e-12,"ENSG00000149451.18","ADAM33","protein_coding","Down_in_MUT"
354.929001018159,-1.04747212840449,0.17869089364571,-5.86192226718231,4.57539217393047e-09,8.24786900312998e-08,"ENSG00000149527.18","PLCH2","protein_coding","Down_in_MUT"
213.7516097574,-1.12213742816441,0.169087385616119,-6.63643490657549,3.21360753809455e-11,1.01206408939339e-09,"ENSG00000149534.9","MS4A2","protein_coding","Down_in_MUT"
65.2480272684092,-1.47225976935352,0.173261991428307,-8.49730374917639,1.94045184286098e-17,2.25708542641688e-15,"ENSG00000149575.9","SCN2B","protein_coding","Down_in_MUT"
136.999945938862,-1.11375054854682,0.218430329012592,-5.09888234651982,3.41664822597854e-07,3.75250306396486e-06,"ENSG00000149927.18","DOC2A","protein_coding","Down_in_MUT"
175.07997159661,2.8952466934715,0.307718462023773,9.40875199502271,5.0206252441813e-21,1.0127363744133e-18,"ENSG00000150201.15","FXYD4","protein_coding","Up_in_MUT"
2090.73329140736,1.88340663519858,0.191150846482399,9.85298610943899,6.65371688211944e-23,1.75256703099197e-20,"ENSG00000151012.13","SLC7A11","protein_coding","Up_in_MUT"
177.845972752142,-1.55973209879669,0.202188044186994,-7.71426473344868,1.21681668328952e-14,8.91521023290121e-13,"ENSG00000151023.17","ENKUR","protein_coding","Down_in_MUT"
250.81898930377,1.70222648720572,0.179006532096537,9.50929816509557,1.9195318167739e-21,4.07849323549339e-19,"ENSG00000151136.15","BTBD11","protein_coding","Up_in_MUT"
250.556572362992,2.13682061278255,0.264682975776008,8.07313204227711,6.85174399846788e-16,6.13404306110028e-14,"ENSG00000151322.19","NPAS3","protein_coding","Up_in_MUT"
112.485089916672,-1.06627507059605,0.146792983053476,-7.26380136445357,3.76360573974145e-13,1.96962033713136e-11,"ENSG00000151364.17","KCTD14","protein_coding","Down_in_MUT"
17588.0847328255,3.37550672902482,0.314221134601524,10.7424560518675,6.43103878359424e-27,2.69688996147279e-24,"ENSG00000151632.17","AKR1C2","protein_coding","Up_in_MUT"
254.492310845726,-1.05408850821664,0.205068444362703,-5.14017898508209,2.74476883080767e-07,3.10097580314326e-06,"ENSG00000151892.15","GFRA1","protein_coding","Down_in_MUT"
1199.92184356297,1.91363025568374,0.193299137693215,9.89983855344905,4.16947578854953e-23,1.14556347290398e-20,"ENSG00000152049.6","KCNE4","protein_coding","Up_in_MUT"
112.097434297364,-1.99109638493103,0.277894951837703,-7.16492462984311,7.7829361678136e-13,3.72447385291873e-11,"ENSG00000152611.12","CAPSL","protein_coding","Down_in_MUT"
68.8202856451707,-1.36066353333967,0.174155439016054,-7.81292586109949,5.58754663663515e-15,4.33286371912893e-13,"ENSG00000152760.10","TCTEX1D1","protein_coding","Down_in_MUT"
191.209906456675,1.81458002860302,0.224520275412437,8.08203190232904,6.36964356805942e-16,5.7185045114823e-14,"ENSG00000152779.14","SLC16A12","protein_coding","Up_in_MUT"
1478.15535594608,-1.69574844101814,0.20835545450263,-8.1387283335879,3.99451138766453e-16,3.73340388376118e-14,"ENSG00000152785.8","BMP3","protein_coding","Down_in_MUT"
805.529385834523,1.05614091686781,0.222771185328029,4.74092246406396,2.12747344665702e-06,1.85056512604819e-05,"ENSG00000153162.9","BMP6","protein_coding","Up_in_MUT"
4005.9504985683,-1.53725736863619,0.234119244460901,-6.56612988896315,5.16397757443594e-11,1.55558723322162e-09,"ENSG00000153292.16","ADGRF1","protein_coding","Down_in_MUT"
451.054686642195,1.4225484965688,0.140563300481624,10.1203407411081,4.48850269339514e-24,1.40248107197252e-21,"ENSG00000153531.13","ADPRHL1","protein_coding","Up_in_MUT"
175.386453664667,-1.4843857229278,0.236078044594507,-6.28769068922702,3.22223099888895e-10,7.78587749549582e-09,"ENSG00000153789.13","CIBAR2","protein_coding","Down_in_MUT"
460.953128641675,2.38366665544229,0.196448901673901,12.1337744071438,6.99494518512232e-34,6.75563327257677e-31,"ENSG00000154040.21","CABYR","protein_coding","Up_in_MUT"
288.46917125112,-1.26997640984246,0.323851666099053,-3.92147560992948,8.80083579073976e-05,0.000466210551645935,"ENSG00000154080.14","CHST9","protein_coding","Down_in_MUT"
269.127590637638,-1.22964090656336,0.212423814606586,-5.78862077606826,7.09667130060492e-09,1.21406720080336e-07,"ENSG00000154099.18","DNAAF1","protein_coding","Down_in_MUT"
158.179526383317,1.00655096442395,0.187897040660065,5.35692824585223,8.46487174143147e-08,1.09047666641537e-06,"ENSG00000154102.11","C16orf74","protein_coding","Up_in_MUT"
1324.12986760055,-1.10094481740083,0.179990990158432,-6.11666626441555,9.55531860849961e-10,2.05585336144072e-08,"ENSG00000154146.13","NRGN","protein_coding","Down_in_MUT"
3672.5904187804,2.47180095838353,0.227210213953789,10.8789165564813,1.45279427368387e-27,6.25702787791602e-25,"ENSG00000154277.13","UCHL1","protein_coding","Up_in_MUT"
66.3292771526153,-1.13626902928508,0.174060680542815,-6.52800520911203,6.66513794779946e-11,1.95602773051857e-09,"ENSG00000154479.13","CCDC173","protein_coding","Down_in_MUT"
134.213462149717,-5.01510536436807,0.394100025356095,-12.7254631862472,4.26935516181193e-37,5.91602688530904e-34,"ENSG00000154975.14","CA10","protein_coding","Down_in_MUT"
164.279816345255,-1.07286233153449,0.163306180170825,-6.56963704871569,5.04380532107263e-11,1.52515293536913e-09,"ENSG00000156042.18","CFAP70","protein_coding","Down_in_MUT"
1839.73714066638,2.0995774286277,0.299557671759671,7.00892558115535,2.40155140899451e-12,9.91448768860933e-11,"ENSG00000156076.10","WIF1","protein_coding","Up_in_MUT"
982.70733814202,2.08120950401629,0.170813185875451,12.1841267309059,3.77677093279828e-34,3.88288601287787e-31,"ENSG00000156298.13","TSPAN7","protein_coding","Up_in_MUT"
134.940683191312,-1.63751126150135,0.221240349837103,-7.40150367103937,1.34650955277486e-13,7.87423962504362e-12,"ENSG00000156414.19","TDRD9","protein_coding","Down_in_MUT"
690.342257892329,-1.10883370813535,0.189646210617194,-5.84685401583665,5.009567731665e-09,8.93952593370073e-08,"ENSG00000156463.18","SH3RF2","protein_coding","Down_in_MUT"
135.929918844119,-1.37229069339077,0.345962426547985,-3.96658882030485,7.29086130054711e-05,0.000396598464771696,"ENSG00000156959.9","LHFPL4","protein_coding","Down_in_MUT"
737.014838046392,1.06653908697837,0.116902931208339,9.12328780770797,7.28791073934314e-20,1.24210162124923e-17,"ENSG00000157193.18","LRP8","protein_coding","Up_in_MUT"
87.8739578619195,1.37503106040542,0.185959112565279,7.39426555352448,1.42191993280885e-13,8.25464666275972e-12,"ENSG00000157315.5","TMED6","protein_coding","Up_in_MUT"
205.630423006487,-1.67586527866538,0.233356972878614,-7.18155218587412,6.89243651754845e-13,3.34351361112308e-11,"ENSG00000157423.18","HYDIN","protein_coding","Down_in_MUT"
2552.44368668516,-1.41420558749177,0.185069990180157,-7.64146356799993,2.14766300059256e-14,1.46256768145055e-12,"ENSG00000157551.19","KCNJ15","protein_coding","Down_in_MUT"
96447.770521398,-1.20101977947555,0.169060406118935,-7.10408668148253,1.21120822518584e-12,5.52252036407694e-11,"ENSG00000157765.13","SLC34A2","protein_coding","Down_in_MUT"
171.666103624623,-1.28880986353703,0.239598117467793,-5.37904837132234,7.48805896211669e-08,9.78081668777136e-07,"ENSG00000157856.12","DRC1","protein_coding","Down_in_MUT"
180.317260741493,-2.55610707343125,0.260819229583332,-9.8003014483047,1.12250147758504e-22,2.79494098375882e-20,"ENSG00000157890.17","MEGF11","protein_coding","Down_in_MUT"
492.762375461918,-1.97180633468251,0.236263650009046,-8.34578799831042,7.07406070407292e-17,7.5152462899836e-15,"ENSG00000158477.7","CD1A","protein_coding","Down_in_MUT"
290.834899753183,-1.34169425392109,0.175219290279698,-7.65722913144652,1.89987495260006e-14,1.32207237149163e-12,"ENSG00000158481.13","CD1C","protein_coding","Down_in_MUT"
200.262456560485,-1.42088432582706,0.195422744025974,-7.27082373604483,3.57301918240964e-13,1.8791368706696e-11,"ENSG00000158488.16","CD1E","protein_coding","Down_in_MUT"
7662.05262091244,2.82152806063051,0.153748557143733,18.3515742394434,3.20685003911667e-75,5.11027587983437e-71,"ENSG00000159228.13","CBR1","protein_coding","Up_in_MUT"
142.746375022411,2.31298127407714,0.145619771491668,15.8837034997647,8.21795780707764e-57,4.36524222115619e-53,"ENSG00000159231.6","CBR3","protein_coding","Up_in_MUT"
228.912084509236,-1.30386072573056,0.262071827111821,-4.97520370693731,6.51790601613574e-07,6.62411296684509e-06,"ENSG00000159387.8","IRX6","protein_coding","Down_in_MUT"
126.947877753875,1.64030264649361,0.294272911570515,5.57408644152606,2.48832165073935e-08,3.69377267492845e-07,"ENSG00000159409.15","CELF3","protein_coding","Up_in_MUT"
84.854354185327,-1.37965989352788,0.232994195826661,-5.92143460326492,3.19145215628704e-09,6.03648496575812e-08,"ENSG00000159625.15","DRC7","protein_coding","Down_in_MUT"
101.399673544142,-1.30047059344238,0.237765379198514,-5.469554052933,4.51169315857032e-08,6.29562927569153e-07,"ENSG00000159648.11","TEPP","protein_coding","Down_in_MUT"
183.832913209524,-1.01201863545018,0.207097352175194,-4.8866807075064,1.02550201794684e-06,9.84154616500564e-06,"ENSG00000159708.18","LRRC36","protein_coding","Down_in_MUT"
107.846733551399,-1.33988929722486,0.305196406725505,-4.39025253147874,1.13219098515635e-05,7.91838026945757e-05,"ENSG00000159763.4","PIP","protein_coding","Down_in_MUT"
154.094698305376,-1.32916194693462,0.172751791163944,-7.69405595148486,1.42542672513864e-14,1.02319313416427e-12,"ENSG00000160097.20","FNDC5","protein_coding","Down_in_MUT"
638.180746623084,-1.03059987746694,0.173702085210281,-5.93314626142402,2.97183883197261e-09,5.65803317884104e-08,"ENSG00000160161.9","CILP2","protein_coding","Down_in_MUT"
462.484112078114,-4.37030600902944,0.577963879471798,-7.56155559932823,3.98277106139118e-14,2.59580565434761e-12,"ENSG00000160181.9","TFF2","protein_coding","Down_in_MUT"
395.73298412627,-1.28689229774114,0.191076146877438,-6.73497094625106,1.63962694324895e-11,5.58893586184892e-10,"ENSG00000160188.10","RSPH1","protein_coding","Down_in_MUT"
8486.47260389342,1.90677697468251,0.134990404302301,14.1252779005864,2.65351016564811e-45,7.04750187411424e-42,"ENSG00000160211.19","G6PD","protein_coding","Up_in_MUT"
534.693740871605,-1.19165620768977,0.182957722204584,-6.51328729572428,7.35236927062982e-11,2.13607439402227e-09,"ENSG00000160307.10","S100B","protein_coding","Down_in_MUT"
65.9131470866471,-1.64426260749238,0.262618932697482,-6.26102082817635,3.82465432705363e-10,9.07529922320641e-09,"ENSG00000160838.14","LRRC71","protein_coding","Down_in_MUT"
13656.1235701399,-2.58498371507294,0.298661381141366,-8.65523257541416,4.91907559590146e-18,6.34720074157796e-16,"ENSG00000161055.4","SCGB3A1","protein_coding","Down_in_MUT"
3767.9309383738,-2.04156252481594,0.289124601166474,-7.0611857883392,1.65087689418588e-12,7.2372898892157e-11,"ENSG00000161798.7","AQP5","protein_coding","Down_in_MUT"
267.596102778162,-1.06505113014547,0.250430027678836,-4.25288908050334,2.11030118212677e-05,0.000135873553485984,"ENSG00000161905.13","ALOX15","protein_coding","Down_in_MUT"
167.694125417253,1.39466312955404,0.296904281385665,4.69734933779025,2.63559459986573e-06,2.2387802636546e-05,"ENSG00000162006.9","MSLNL","protein_coding","Up_in_MUT"
1667.21763471926,-4.73993890120365,0.263979950105555,-17.9556776918411,4.33261073118047e-72,3.45211591533632e-68,"ENSG00000162383.13","SLC1A7","protein_coding","Down_in_MUT"
179.765921327778,-1.85118739715043,0.201605137634125,-9.18224316539979,4.22203144722082e-20,7.4755757919097e-18,"ENSG00000162595.7","DIRAS3","protein_coding","Down_in_MUT"
83.3781250300952,-1.81493053101818,0.305669700802838,-5.93755457688899,2.89304753579687e-09,5.52121664750791e-08,"ENSG00000162598.13","C1orf87","protein_coding","Down_in_MUT"
86.6564546896314,-1.57123329964603,0.197140636940502,-7.97011374230387,1.58528394072161e-15,1.34373894879624e-13,"ENSG00000162643.13","DNAI3","protein_coding","Down_in_MUT"
119.938250038757,-1.15511315955949,0.185481595553618,-6.22764299666364,4.73504504316498e-10,1.10395479568918e-08,"ENSG00000162873.15","KLHDC8A","protein_coding","Down_in_MUT"
45705.8211429278,-1.62804264561826,0.249377640313413,-6.52842269087224,6.64659032072571e-11,1.95238230517833e-09,"ENSG00000162896.6","PIGR","protein_coding","Down_in_MUT"
50.1957905976482,-3.58508135220801,0.354758928168459,-10.1056832331662,5.21309143703988e-24,1.61307220572716e-21,"ENSG00000162951.11","LRRTM1","protein_coding","Down_in_MUT"
70.3340497984784,1.16809613005099,0.238618662795519,4.89524212551626,9.81847654092902e-07,9.47108552772242e-06,"ENSG00000162975.5","KCNF1","protein_coding","Up_in_MUT"
1918.86931351845,1.15532877757009,0.214113648481786,5.39586703492361,6.81934352447615e-08,9.05203238103204e-07,"ENSG00000163053.11","SLC16A14","protein_coding","Up_in_MUT"
156.382597004273,-1.39139107026247,0.157833270644692,-8.81557522428028,1.19072120887527e-18,1.68664336213617e-16,"ENSG00000163106.11","HPGDS","protein_coding","Down_in_MUT"
167.138042889164,-1.01632408648513,0.171747459613689,-5.91754945762307,3.26773617136406e-09,6.15499570387629e-08,"ENSG00000163145.13","C1QTNF7","protein_coding","Down_in_MUT"
457.595641754956,-2.51742201434535,0.336132515071842,-7.48937368884798,6.92030470983534e-14,4.29041282946941e-12,"ENSG00000163207.7","IVL","protein_coding","Down_in_MUT"
65.5774044653241,-3.31930435292704,0.405578855655449,-8.18411587942073,2.74310028857286e-16,2.62538586477795e-14,"ENSG00000163209.15","SPRR3","protein_coding","Down_in_MUT"
128.772711442428,-3.8394115278887,0.387514345282547,-9.90779199435644,3.85061716244602e-23,1.06715669203754e-20,"ENSG00000163216.7","SPRR2D","protein_coding","Down_in_MUT"
16472.5848274577,1.29526100893672,0.222066419713038,5.83276395688505,5.45166649840944e-09,9.62604226985081e-08,"ENSG00000163220.11","S100A9","protein_coding","Up_in_MUT"
116.205112100393,1.60566562584847,0.291000409375737,5.51774352927199,3.43380061391115e-08,4.9363400706343e-07,"ENSG00000163283.7","ALPP","protein_coding","Up_in_MUT"
166.40569245562,1.01889003623274,0.320311865775113,3.18093128947052,0.00146802443287552,0.00517388109036557,"ENSG00000163286.9","ALPG","protein_coding","Up_in_MUT"
494.044370761314,-1.66908948498628,0.189432005913679,-8.81102154272102,1.24010530384962e-18,1.74111877264279e-16,"ENSG00000163485.17","ADORA1","protein_coding","Down_in_MUT"
91.0881734709351,-1.07057252218252,0.186593630263632,-5.73745481381084,9.61099100158578e-09,1.58957910851863e-07,"ENSG00000163576.18","EFHB","protein_coding","Down_in_MUT"
3735.99910460732,-1.45875182160297,0.16550130571894,-8.81414086291421,1.20606338186696e-18,1.70081619661424e-16,"ENSG00000163629.13","PTPN13","protein_coding","Down_in_MUT"
359.781582043624,-3.97694560909847,0.35839561849828,-11.0965240751612,1.30417856887735e-28,6.70410889817579e-26,"ENSG00000163631.17","ALB","protein_coding","Down_in_MUT"
66.8371806418734,-1.31112940214292,0.266021893701902,-4.9286522394737,8.27988029013474e-07,8.13465057727757e-06,"ENSG00000163736.4","PPBP","protein_coding","Down_in_MUT"
1208.11444778475,-1.0192544773815,0.1724083935834,-5.91186111184577,3.3826371244853e-09,6.31973312577955e-08,"ENSG00000163751.4","CPA3","protein_coding","Down_in_MUT"
453.694038259887,-1.71493116701832,0.247107141603618,-6.94003077324742,3.92014538898413e-12,1.54436283921277e-10,"ENSG00000163817.16","SLC6A20","protein_coding","Down_in_MUT"
59.2039291660177,-1.86551575934722,0.239268347617465,-7.796751128694,6.35213409099908e-15,4.90190957903709e-13,"ENSG00000163885.12","CFAP100","protein_coding","Down_in_MUT"
12378.6744175577,1.85196814715866,0.265150716810709,6.98458661335914,2.85695946093679e-12,1.16288831391464e-10,"ENSG00000163993.7","S100P","protein_coding","Up_in_MUT"
70.1338526919308,1.31061604722915,0.476376130770652,2.75122106791732,0.00593735600511572,0.016900015471916,"ENSG00000164089.9","ETNPPL","protein_coding","Up_in_MUT"
6674.73805573529,-1.41383684017207,0.220871458558998,-6.40117491592698,1.54185808487898e-10,4.10530985991461e-09,"ENSG00000164120.14","HPGD","protein_coding","Down_in_MUT"
634.379243570107,-1.57255617068768,0.249324265598861,-6.30727284771298,2.83994932183018e-10,6.98395253364581e-09,"ENSG00000164161.10","HHIP","protein_coding","Down_in_MUT"
72.9237761981299,-1.93931355152496,0.287195671849096,-6.75258627345871,1.45232647994583e-11,5.00401051268687e-10,"ENSG00000164287.13","CDC20B","protein_coding","Down_in_MUT"
102.84533369711,-1.59087902327449,0.207021866883199,-7.68459413116999,1.53482791363671e-14,1.08945435268409e-12,"ENSG00000164400.6","CSF2","protein_coding","Down_in_MUT"
79.8127507670562,-1.07032527702033,0.211904508897443,-5.05097924810247,4.39550827373341e-07,4.68056278623981e-06,"ENSG00000164485.15","IL22RA2","protein_coding","Down_in_MUT"
533.587243754481,1.10506907166336,0.269879614791974,4.09467411058504,4.22762615139695e-05,0.000247726922359206,"ENSG00000164488.12","DACT2","protein_coding","Up_in_MUT"
52.7487264907349,-1.42998579219746,0.223199843516679,-6.4067508725229,1.48653418929283e-10,3.98799083728551e-09,"ENSG00000164530.15","PI16","protein_coding","Down_in_MUT"
137.988556985339,-1.01255643675209,0.211724468871617,-4.78242520644164,1.73192837489225e-06,1.55094940253416e-05,"ENSG00000164619.10","BMPER","protein_coding","Down_in_MUT"
3215.17727538292,-1.11533395395193,0.13373022536385,-8.34017852671192,7.41784583435813e-17,7.85429118228664e-15,"ENSG00000164626.9","KCNK5","protein_coding","Down_in_MUT"
113.474997917302,-1.56999082541838,0.363194815266688,-4.32272367177257,1.54114710681959e-05,0.000103515067316011,"ENSG00000164651.17","SP8","protein_coding","Down_in_MUT"
130.369339482697,-1.80348346811765,0.187654353611167,-9.61066681061177,7.20806604789725e-22,1.64091623580381e-19,"ENSG00000164746.14","C7orf57","protein_coding","Down_in_MUT"
390.811961531056,2.06298181886061,0.2733551081982,7.54689324248814,4.45763687566659e-14,2.88173113315152e-12,"ENSG00000164825.4","DEFB1","protein_coding","Up_in_MUT"
173.680168806913,-1.20103263667439,0.173604771354561,-6.91820061916078,4.57416225213614e-12,1.77136239535639e-10,"ENSG00000164946.20","FREM1","protein_coding","Down_in_MUT"
196.487098474754,-1.74667068283332,0.250574366871762,-6.97066784858812,3.15439921455736e-12,1.26616948825136e-10,"ENSG00000164972.13","C9orf24","protein_coding","Down_in_MUT"
146.002961957878,-1.09442328598454,0.178043986605407,-6.14692642448,7.89987501739042e-10,1.7340008035761e-08,"ENSG00000165084.16","C8orf34","protein_coding","Down_in_MUT"
6369.30157578432,1.6772421333391,0.183026168620403,9.16394713379873,5.0032983073827e-20,8.66631088883662e-18,"ENSG00000165092.13","ALDH1A1","protein_coding","Up_in_MUT"
70.8043426290394,-1.45437597141315,0.233386137829315,-6.23162962864914,4.61607793165102e-10,1.07858518885374e-08,"ENSG00000165125.22","TRPV6","protein_coding","Down_in_MUT"
64.3293631710012,-1.36619274828972,0.251759662723225,-5.42657522460881,5.74456206199457e-08,7.77100753301481e-07,"ENSG00000165164.14","CFAP47","protein_coding","Down_in_MUT"
247.422241744617,-1.41458061995891,0.207111559468682,-6.83004185564453,8.48898611992836e-12,3.09911198886869e-10,"ENSG00000165309.14","ARMC3","protein_coding","Down_in_MUT"
1302.08761736481,-1.10709342437894,0.224075100084664,-4.94072489072028,7.78326624692082e-07,7.70852947655729e-06,"ENSG00000165449.11","SLC16A9","protein_coding","Down_in_MUT"
60.5389750907558,1.84920388542713,0.37122574822705,4.98134597144408,6.31435330712418e-07,6.45636041871527e-06,"ENSG00000165556.10","CDX2","protein_coding","Up_in_MUT"
172.216915519295,1.01886357245064,0.147252889549314,6.91914145500979,4.5438897301952e-12,1.76177992203225e-10,"ENSG00000165568.18","AKR1E2","protein_coding","Up_in_MUT"
120.57185976492,-2.71048975596558,0.300284603506798,-9.02640270034429,1.7740777011103e-19,2.88477706184114e-17,"ENSG00000165606.9","DRGX","protein_coding","Down_in_MUT"
663.493452087786,1.19770107515861,0.269716630625449,4.4405903795448,8.97124166566624e-06,6.5085919218404e-05,"ENSG00000165731.20","RET","protein_coding","Up_in_MUT"
294.068940831659,1.23749117889126,0.14735712995592,8.39790500304558,4.54514655080359e-17,5.06497782240074e-15,"ENSG00000165996.14","HACD1","protein_coding","Up_in_MUT"
1117.64817077464,-3.51962240014769,0.293055138159611,-12.0101030210593,3.14453079512298e-33,2.86340974203899e-30,"ENSG00000166105.16","GLB1L3","protein_coding","Down_in_MUT"
721.669882690224,-1.13459045291134,0.246576908266498,-4.60136539503157,4.19730365961476e-06,3.35605280821831e-05,"ENSG00000166143.10","PPP1R14D","protein_coding","Down_in_MUT"
206.629391876079,1.4641283963452,0.27798309332855,5.26696922037175,1.38694450053584e-07,1.68972890583249e-06,"ENSG00000166183.16","ASPG","protein_coding","Up_in_MUT"
438.586944325054,1.01435985036639,0.254100465088102,3.99196376919143,6.55283861075719e-05,0.000361950640144614,"ENSG00000166206.15","GABRB3","protein_coding","Up_in_MUT"
78.4475704590243,-1.39671282149672,0.238668884045224,-5.85209432341447,4.85421182539313e-09,8.68661342431804e-08,"ENSG00000166342.19","NETO1","protein_coding","Down_in_MUT"
50.3789577605657,-1.04147677980219,0.327141621672755,-3.18356549825994,0.00145473197214382,0.00513668986086813,"ENSG00000166396.13","SERPINB7","protein_coding","Down_in_MUT"
273.442212475522,-1.14888145900729,0.144448432371523,-7.95357512812847,1.81204809057667e-15,1.50787949594697e-13,"ENSG00000166428.14","PLD4","protein_coding","Down_in_MUT"
911.370370846374,-1.57429728441881,0.209692418429586,-7.50764999616545,6.01981920284199e-14,3.80669955979716e-12,"ENSG00000166448.15","TMEM130","protein_coding","Down_in_MUT"
131.557341544936,-1.5375190962837,0.223516901953612,-6.87875987384071,6.03758302336329e-12,2.27720483476463e-10,"ENSG00000166596.15","CFAP52","protein_coding","Down_in_MUT"
273.983361921946,-1.40191749679783,0.252797564646514,-5.54561314211284,2.92925843249902e-08,4.28053165988886e-07,"ENSG00000166670.10","MMP10","protein_coding","Down_in_MUT"
2830.39209966007,-1.55657306109842,0.189722313101366,-8.20448072582145,2.31589667602722e-16,2.2503031390751e-14,"ENSG00000166825.15","ANPEP","protein_coding","Down_in_MUT"
684.537268489228,-1.12067350706219,0.196989239892751,-5.68900873810329,1.27778931096138e-08,2.05057518276184e-07,"ENSG00000166897.16","ELFN2","protein_coding","Down_in_MUT"
939.207601959549,-2.00371044398196,0.290543123032854,-6.89643046122068,5.33254495294599e-12,2.03293708367634e-10,"ENSG00000166961.15","MS4A15","protein_coding","Down_in_MUT"
459.523544923652,1.13728665387246,0.334648858128904,3.39844773483252,0.000677694104204713,0.00267344829745122,"ENSG00000167080.9","B4GALNT2","protein_coding","Up_in_MUT"
63.0396992281268,-1.2296657642482,0.177807074007465,-6.91573027176957,4.65459287400857e-12,1.80032195980009e-10,"ENSG00000167094.16","TTC16","protein_coding","Down_in_MUT"
172.25381791446,2.32326033929779,0.426052789207327,5.45298704327279,4.95306794199232e-08,6.8396546091524e-07,"ENSG00000167165.19","UGT1A6","protein_coding","Up_in_MUT"
55.6331084698796,-1.50514980220488,0.252061859655907,-5.97135085910888,2.35297100769218e-09,4.57823803334295e-08,"ENSG00000167244.21","IGF2","protein_coding","Down_in_MUT"
243.274313421413,1.06417784762556,0.392824712267053,2.70903997226657,0.00674782095609286,0.0187923629580248,"ENSG00000167755.15","KLK6","protein_coding","Up_in_MUT"
236.805662337968,-1.86758700500687,0.287763838858008,-6.48999892557172,8.58369863190456e-11,2.44915898923393e-09,"ENSG00000167858.13","TEKT1","protein_coding","Down_in_MUT"
197.353890163271,1.13138121400855,0.15912572825426,7.10998294506321,1.16057295252472e-12,5.35291180461871e-11,"ENSG00000167964.13","RAB26","protein_coding","Up_in_MUT"
576.139333085591,1.74308865146474,0.269392325079777,6.47044659103984,9.77136870459032e-11,2.72461322820646e-09,"ENSG00000168243.11","GNG4","protein_coding","Up_in_MUT"
244.593516662052,-1.19316209095136,0.166777521082946,-7.15421408834794,8.41536444191139e-13,4.00307582280832e-11,"ENSG00000168329.14","CX3CR1","protein_coding","Down_in_MUT"
152.143038940105,-1.22160774361847,0.17986272620218,-6.79188940039353,1.10674384973549e-11,3.90188420740264e-10,"ENSG00000168453.15","HR","protein_coding","Down_in_MUT"
65.7729531567691,-1.01465073315594,0.225454289237146,-4.5004720761319,6.78027118264286e-06,5.09669029693557e-05,"ENSG00000168589.15","DYNLRB2","protein_coding","Down_in_MUT"
741.305143112203,-2.32762987706384,0.266398916868803,-8.73738491290547,2.38568529950079e-18,3.24117876040911e-16,"ENSG00000168631.13","MUCL3","protein_coding","Down_in_MUT"
226.253658508199,-1.19437928758035,0.221873314438682,-5.38315881115317,7.31899093185214e-08,9.59932345633991e-07,"ENSG00000168658.19","VWA3B","protein_coding","Down_in_MUT"
1857.97851625236,1.58437521625727,0.172580703058892,9.18048882740159,4.29138878755364e-20,7.51488198066604e-18,"ENSG00000168679.18","SLC16A4","protein_coding","Up_in_MUT"
85.6166248993088,1.91627009940154,0.609125135388645,3.14593831065417,0.00165554921117028,0.00572339829799415,"ENSG00000168875.3","SOX14","protein_coding","Up_in_MUT"
224.592379778284,-1.47726547840773,0.343033513809819,-4.3064756618117,1.65876170583574e-05,0.000110437422867539,"ENSG00000169035.12","KLK7","protein_coding","Down_in_MUT"
101.365259011644,-1.82132946373476,0.272829919480698,-6.67569549264047,2.46062413155449e-11,7.99414390385046e-10,"ENSG00000169064.13","ZBBX","protein_coding","Down_in_MUT"
136.446441370723,-1.56725081106158,0.214571057326496,-7.30411095787639,2.79105988226456e-13,1.50259914708875e-11,"ENSG00000169126.16","ARMC4","protein_coding","Down_in_MUT"
439.308669912857,1.90383137469073,0.247930330730245,7.67889660407122,1.60464681048829e-14,1.13396227266236e-12,"ENSG00000169213.7","RAB3B","protein_coding","Up_in_MUT"
258.717618054927,-1.08011017680847,0.138702223224796,-7.78725929329855,6.84783294487596e-15,5.25897069364197e-13,"ENSG00000169252.6","ADRB2","protein_coding","Down_in_MUT"
277.603946003504,3.65382821814976,0.530820937183344,6.8833536173946,5.84596674373321e-12,2.21172159905628e-10,"ENSG00000169297.8","NR0B1","protein_coding","Up_in_MUT"
329.249066690765,-3.68366010475894,0.37658739272822,-9.78168726805309,1.34941937055979e-22,3.28300341672604e-20,"ENSG00000169469.9","SPRR1B","protein_coding","Down_in_MUT"
127.453078641679,1.47157322695229,0.182565050080886,8.06054185234414,7.59570011624683e-16,6.76208263700846e-14,"ENSG00000169684.13","CHRNA5","protein_coding","Up_in_MUT"
18833.4216713283,1.06354158041236,0.129251107520043,8.22849104211694,1.89586478072685e-16,1.86491069217733e-14,"ENSG00000169710.9","FASN","protein_coding","Up_in_MUT"
64.8441924764895,1.39401325172087,0.19709383373008,7.07284051123572,1.51793916546314e-12,6.74731368793247e-11,"ENSG00000169752.17","NRG4","protein_coding","Up_in_MUT"
900.118077553726,-1.45736242998382,0.343840814966648,-4.23848003654011,2.25038189425501e-05,0.000143587430133736,"ENSG00000169903.7","TM4SF4","protein_coding","Down_in_MUT"
207.704757850575,-1.02539995656379,0.206250243954977,-4.97163027253259,6.63922287622173e-07,6.74310619146153e-06,"ENSG00000170231.16","FABP6","protein_coding","Down_in_MUT"
113.709135675113,1.1398799684317,0.241554704853171,4.71893093170998,2.37087292433171e-06,2.0372631698942e-05,"ENSG00000170509.12","HSD17B13","protein_coding","Up_in_MUT"
78.4508727976357,1.04305051315776,0.210557152319915,4.95376434220092,7.27913560501807e-07,7.27708064201791e-06,"ENSG00000170835.16","CEL","protein_coding","Up_in_MUT"
79.8261820951413,-2.37623970277923,0.436846821556139,-5.43952613484648,5.34224724358512e-08,7.2855268250022e-07,"ENSG00000171431.4","KRT20","protein_coding","Down_in_MUT"
71.604278135425,2.76386969785254,0.292009013730835,9.46501500943457,2.93518903606641e-21,6.03531675925629e-19,"ENSG00000171450.6","CDK5R2","protein_coding","Up_in_MUT"
183.792465431807,-1.00615058999557,0.252890205778921,-3.97860639520043,6.93203898052885e-05,0.000379876046438638,"ENSG00000171551.12","ECEL1","protein_coding","Down_in_MUT"
20352.3425301712,1.69661681936113,0.368373265294437,4.60570019381031,4.11080290728165e-06,3.29681427926456e-05,"ENSG00000171560.16","FGA","protein_coding","Up_in_MUT"
93.6942265243915,-1.81022127099652,0.274340085402442,-6.59845705136756,4.15458794607696e-11,1.28548021265362e-09,"ENSG00000171595.14","DNAI2","protein_coding","Down_in_MUT"
1736.44399553026,-1.37681111662543,0.341821141176297,-4.02786999039165,5.62844509735201e-05,0.000317213392922557,"ENSG00000171747.9","LGALS4","protein_coding","Down_in_MUT"
211.505429564656,2.94058472773815,0.332355436190795,8.84771063606149,8.93329179174788e-19,1.2941497395218e-16,"ENSG00000171759.10","PAH","protein_coding","Up_in_MUT"
120.632296281807,-1.8980342881278,0.230006665792182,-8.25208383239959,1.55656165403537e-16,1.54065765452675e-14,"ENSG00000171811.14","CFAP46","protein_coding","Down_in_MUT"
1447.74971871171,-1.19681486039383,0.138398682313741,-8.64758854915056,5.25990845499337e-18,6.72408736884972e-16,"ENSG00000171812.13","COL8A2","protein_coding","Down_in_MUT"
673.432280897673,2.51773023253213,0.286915399110203,8.77516592117483,1.70652067967911e-18,2.38546142903741e-16,"ENSG00000171903.16","CYP4F11","protein_coding","Up_in_MUT"
275.970349117435,2.52120930671598,0.203471869798179,12.3909477473064,2.92565189295017e-35,3.33012326715053e-32,"ENSG00000171951.5","SCG2","protein_coding","Up_in_MUT"
63.6743174177429,-1.13653724699838,0.292191326234131,-3.88970220864008,0.000100367308359224,0.000521998447244912,"ENSG00000171956.7","FOXB1","protein_coding","Down_in_MUT"
2049.14228004959,1.02841614719081,0.183550795083581,5.6028967170778,2.10798844965218e-08,3.20208799800219e-07,"ENSG00000172602.11","RND1","protein_coding","Up_in_MUT"
58.7544361043244,-3.31529988448703,0.344692262872197,-9.61814418711294,6.70295457433337e-22,1.53690550531352e-19,"ENSG00000172782.12","FADS6","protein_coding","Down_in_MUT"
394.768172751219,-1.0647739658079,0.197856017701815,-5.38155967241086,7.38432163200716e-08,9.67704419135281e-07,"ENSG00000173175.15","ADCY5","protein_coding","Down_in_MUT"
380.366482063588,-1.25075118025781,0.135468252066407,-9.23279928085793,2.63649828974177e-20,4.74733542329718e-18,"ENSG00000173198.6","CYSLTR1","protein_coding","Down_in_MUT"
1584.66843577555,-1.91968041942531,0.228116351146373,-8.41535650460028,3.91701818320556e-17,4.44267923547845e-15,"ENSG00000173227.14","SYT12","protein_coding","Down_in_MUT"
1403.11750632171,1.25881396624452,0.210216768959449,5.98817103162378,2.12213844637995e-09,4.18531401142175e-08,"ENSG00000173267.14","SNCG","protein_coding","Up_in_MUT"
65.231726155012,3.39568446936814,0.304633672037066,11.146779824638,7.42448312948277e-29,4.22545896106688e-26,"ENSG00000173404.5","INSM1","protein_coding","Up_in_MUT"
113.620386661594,-1.04403667010104,0.197607832037732,-5.28337697618018,1.26824041303143e-07,1.56001891947992e-06,"ENSG00000173597.9","SULT1B1","protein_coding","Down_in_MUT"
942.558267487738,1.66887195888097,0.149832508580886,11.1382501346831,8.1708987943332e-29,4.48990888748609e-26,"ENSG00000173894.11","CBX2","protein_coding","Up_in_MUT"
109.354403099328,1.25942489172129,0.255007438515253,4.93877707667716,7.8614018522767e-07,7.77624886511206e-06,"ENSG00000174473.16","GALNTL6","protein_coding","Up_in_MUT"
218.60309684649,-1.43986561019733,0.161129073300907,-8.93610060990297,4.03144935143269e-19,6.20706870915513e-17,"ENSG00000174501.14","ANKRD36C","protein_coding","Down_in_MUT"
2883.20886248196,1.12779851374274,0.227627805486488,4.95457271282126,7.24894057316184e-07,7.25827788272827e-06,"ENSG00000174502.19","SLC26A9","protein_coding","Up_in_MUT"
2200.20126110937,-1.84092641955467,0.188063559418943,-9.78885237120125,1.25714622937021e-22,3.08203903663523e-20,"ENSG00000174514.13","MFSD4A","protein_coding","Down_in_MUT"
109.582653210198,1.06775203492699,0.202666788421567,5.268510165099,1.37535427754393e-07,1.67753219210113e-06,"ENSG00000174672.16","BRSK2","protein_coding","Up_in_MUT"
181.584359166748,-1.88760266023275,0.23761097304727,-7.9440887599801,1.95623484948834e-15,1.60688558989801e-13,"ENSG00000174844.14","DNAH12","protein_coding","Down_in_MUT"
139.707638785008,-2.11840242981416,0.253025405475017,-8.37229141412569,5.65084901227937e-17,6.06391275657763e-15,"ENSG00000175267.15","VWA3A","protein_coding","Down_in_MUT"
664.132630509692,-1.17117891961278,0.204804771708375,-5.71851383072481,1.07459771533135e-08,1.75184162584784e-07,"ENSG00000175315.3","CST6","protein_coding","Down_in_MUT"
677.14261717167,1.90245023879639,0.326562500614881,5.82568493079973,5.6878834991676e-09,1.00098583656527e-07,"ENSG00000175426.11","PCSK1","protein_coding","Up_in_MUT"
203.640174748345,1.28422988816499,0.267922865456599,4.79328214848845,1.64074613371101e-06,1.48136600644486e-05,"ENSG00000175497.17","DPP10","protein_coding","Up_in_MUT"
659.671574683974,-1.06613445974443,0.209088386191448,-5.09896546223399,3.41514851813427e-07,3.75250306396486e-06,"ENSG00000175928.6","LRRN1","protein_coding","Down_in_MUT"
5596.89337303234,2.57501709911163,0.301127638775405,8.55124793454179,1.21764747388139e-17,1.45291939828041e-15,"ENSG00000176153.12","GPX2","protein_coding","Up_in_MUT"
53.9776071834866,-1.61493651713326,0.224033605404977,-7.2084565804938,5.6589609653314e-13,2.82248427114362e-11,"ENSG00000176358.15","TAC4","protein_coding","Down_in_MUT"
120.221909746692,1.34412640224598,0.29946726851832,4.48839169935444,7.17628905206886e-06,5.36235283670095e-05,"ENSG00000176406.23","RIMS2","protein_coding","Up_in_MUT"
99.7773352089667,-1.78045561116447,0.24099232887707,-7.38801778239453,1.49033816092795e-13,8.58925271734806e-12,"ENSG00000176601.13","MAP3K19","protein_coding","Down_in_MUT"
4690.43666105906,1.03480777317943,0.158660876945,6.52213572182727,6.93132502145258e-11,2.02668128219005e-09,"ENSG00000176788.9","BASP1","protein_coding","Up_in_MUT"
155.501245577273,-1.89925344711132,0.285234158489432,-6.65857643828338,2.76492482056187e-11,8.87421137523941e-10,"ENSG00000176887.7","SOX11","protein_coding","Down_in_MUT"
50.5735362420542,1.10024075990153,0.172094844654107,6.39322323752867,1.62424855438891e-10,4.29240677254801e-09,"ENSG00000176919.13","C8G","protein_coding","Up_in_MUT"
97.6006646323541,-1.18145348142675,0.212692664533137,-5.55474484284663,2.78017568903763e-08,4.08461285594316e-07,"ENSG00000177103.15","DSCAML1","protein_coding","Down_in_MUT"
12646.0364994004,1.44398379513889,0.0784758370403917,18.400361813225,1.30490571952396e-75,4.1588650186948e-71,"ENSG00000177156.11","TALDO1","protein_coding","Up_in_MUT"
122.060993561656,1.18955300585165,0.317052587575335,3.75191073174572,0.000175491955518498,0.000847311636771707,"ENSG00000177238.14","TRIM72","protein_coding","Up_in_MUT"
220.965157842593,-1.30216018179967,0.159700956094051,-8.15374067662314,3.52837034819271e-16,3.32700270317307e-14,"ENSG00000177272.9","KCNA3","protein_coding","Down_in_MUT"
96.633583985987,-1.16388892983592,0.176157233510976,-6.60710268115899,3.9191422451748e-11,1.21979475093717e-09,"ENSG00000177791.12","MYOZ1","protein_coding","Down_in_MUT"
951.758316521099,-3.94654055489854,0.279392195537878,-14.1254502377948,2.64702653378062e-45,7.04750187411424e-42,"ENSG00000178343.5","SHISA3","protein_coding","Down_in_MUT"
58.2691034917455,-2.89326050064524,0.455655520670639,-6.34966629261268,2.15782497527918e-10,5.449448477585e-09,"ENSG00000178372.8","CALML5","protein_coding","Down_in_MUT"
324.287321705075,1.01135977148238,0.232845500787179,4.34347998163284,1.40243262293148e-05,9.54247013779875e-05,"ENSG00000178445.10","GLDC","protein_coding","Up_in_MUT"
373.502273673079,1.78561244438012,0.213054916539247,8.38099619283456,5.24815981441231e-17,5.78768517111193e-15,"ENSG00000178538.10","CA8","protein_coding","Up_in_MUT"
138.134818353322,1.00365367286926,0.161834248837068,6.20173838406558,5.58428528199717e-10,1.27308123192083e-08,"ENSG00000178662.16","CSRNP3","protein_coding","Up_in_MUT"
228.625515624275,-1.93739280115942,0.295155518888239,-6.56397281154352,5.23927586822208e-11,1.57677961469411e-09,"ENSG00000178965.14","ERICH3","protein_coding","Down_in_MUT"
117.934344957457,2.40767676252293,0.442095567513473,5.44605496966344,5.14992271023385e-08,7.05074251329211e-07,"ENSG00000179059.10","ZFP42","protein_coding","Up_in_MUT"
120.092559726967,-1.1513648468847,0.215612153794866,-5.33998119595852,9.29562226649395e-08,1.18895608788276e-06,"ENSG00000179242.16","CDH4","protein_coding","Down_in_MUT"
305.992011532025,-1.70017407327223,0.215446728958859,-7.89138958613237,2.98840157913468e-15,2.38705129645617e-13,"ENSG00000179639.10","FCER1A","protein_coding","Down_in_MUT"
305.21811751993,-1.93367355165546,0.274806747462242,-7.03648498267365,1.97149888652807e-12,8.36666325067059e-11,"ENSG00000179813.7","FAM216B","protein_coding","Down_in_MUT"
129.247466906754,-1.58627211386818,0.24893614420538,-6.37220488383341,1.86329732375317e-10,4.84776726574182e-09,"ENSG00000179902.13","C1orf194","protein_coding","Down_in_MUT"
58.9512513888463,-1.52091198338691,0.255973440372444,-5.94167887564416,2.82117664267395e-09,5.39051083804924e-08,"ENSG00000179914.5","ITLN1","protein_coding","Down_in_MUT"
291.289872024148,-1.11560905474218,0.247390227820458,-4.50951140863911,6.49771004896575e-06,4.91157547074921e-05,"ENSG00000180287.17","PLD5","protein_coding","Down_in_MUT"
197.648583829006,-2.01151182600145,0.329392752195972,-6.10672764531474,1.01694552471888e-09,2.17670052507156e-08,"ENSG00000180347.13","ITPRID1","protein_coding","Down_in_MUT"
347.492575176815,1.16278835545029,0.161993261388593,7.17800447674775,7.07362448756408e-13,3.42099371840903e-11,"ENSG00000180596.7","H2BC4","protein_coding","Up_in_MUT"
891.496133921951,-1.38506542159645,0.229050704934782,-6.04698170211188,1.47584511686618e-09,3.02098007191021e-08,"ENSG00000180730.5","SHISA2","protein_coding","Down_in_MUT"
13707.2117422977,2.09234945700243,0.162092755170503,12.9083465501065,4.03880449990241e-38,6.12955896268523e-35,"ENSG00000181019.13","NQO1","protein_coding","Up_in_MUT"
61.0344120782494,-1.02321457203444,0.166442402448067,-6.1475594979693,7.86841890198489e-10,1.72828655289566e-08,"ENSG00000181322.15","NME9","protein_coding","Down_in_MUT"
162.005444048466,-1.26980166561311,0.233048220416686,-5.44866493012785,5.07493176385165e-08,6.97168751059121e-07,"ENSG00000181378.14","CFAP65","protein_coding","Down_in_MUT"
111.38020813578,1.31356323263926,0.209685853981607,6.26443418903444,3.74181543982829e-10,8.90630320259651e-09,"ENSG00000182327.8","GLTPD2","protein_coding","Up_in_MUT"
787.457905226194,-1.07503844651165,0.18525032369034,-5.80316635942112,6.50741687099609e-09,1.12900317417265e-07,"ENSG00000182489.9","XKRX","protein_coding","Down_in_MUT"
3865.55400623965,1.34222393695576,0.123714720954172,10.8493470025525,2.00855146704608e-27,8.53527250749676e-25,"ENSG00000182704.8","TSKU","protein_coding","Up_in_MUT"
59.1359823269913,-1.29821986783961,0.200407436018834,-6.47790268479658,9.30063032894037e-11,2.61624350585753e-09,"ENSG00000182931.9","WFDC10B","protein_coding","Down_in_MUT"
326.434680939652,-1.47958487692814,0.203926887892548,-7.25546735017972,4.00277325857324e-13,2.07772616488579e-11,"ENSG00000183019.7","MCEMP1","protein_coding","Down_in_MUT"
93.7239384361501,1.02148032606226,0.182061738151944,5.61062602406753,2.0159599943783e-08,3.08156647390075e-07,"ENSG00000183032.12","SLC25A21","protein_coding","Up_in_MUT"
596.111686749912,-1.13584718099056,0.180508654892398,-6.29248044459497,3.12432698379776e-10,7.60826555887941e-09,"ENSG00000183196.10","CHST6","protein_coding","Down_in_MUT"
109.421138206577,-1.25670448922399,0.209347343247834,-6.00296363797777,1.93748021065503e-09,3.85211676817133e-08,"ENSG00000183346.9","CABCOCO1","protein_coding","Down_in_MUT"
112.43344257195,-3.55000770455293,0.291928076863529,-12.1605559242337,5.04144337082252e-34,5.02112005223389e-31,"ENSG00000183454.18","GRIN2A","protein_coding","Down_in_MUT"
804.258281299314,2.92873787728974,0.322819985085691,9.07235615078887,1.16470687837284e-19,1.93335275628233e-17,"ENSG00000183607.10","GKN2","protein_coding","Up_in_MUT"
50.0650512562757,1.02968824265526,0.165734369520953,6.21288297431319,5.20211928570611e-10,1.19622470241515e-08,"ENSG00000183625.15","CCR3","protein_coding","Up_in_MUT"
75.6113989381861,-1.6522891612968,0.260254444033534,-6.34874523442874,2.17078179129776e-10,5.46916889094473e-09,"ENSG00000183644.13","HOATZ","protein_coding","Down_in_MUT"
200.629869397408,-1.31722575107417,0.174528298587171,-7.54734768938493,4.44211558681027e-14,2.87753385909004e-12,"ENSG00000183690.13","EFHC2","protein_coding","Down_in_MUT"
116.736741815792,-1.17468293460318,0.278694720221402,-4.21494506128419,2.49839000191443e-05,0.00015770121808208,"ENSG00000183778.17","B3GALT5","protein_coding","Down_in_MUT"
94.5090384191712,-1.23693489370622,0.196438013168232,-6.29682042572326,3.03812890946815e-10,7.43688221763896e-09,"ENSG00000183833.16","CFAP91","protein_coding","Down_in_MUT"
117.91707224643,-1.05531082127803,0.232969956653229,-4.52981507331797,5.9035335793585e-06,4.50770289189589e-05,"ENSG00000183837.9","PNMA3","protein_coding","Down_in_MUT"
56.8115491297091,-1.07425997807072,0.216841353071193,-4.95412873446708,7.26550950682113e-07,7.26801800037339e-06,"ENSG00000183908.7","LRRC55","protein_coding","Down_in_MUT"
202.184323809135,1.48772336009896,0.278889410649713,5.33445625143347,9.58312883415315e-08,1.22365344180006e-06,"ENSG00000183971.10","NPW","protein_coding","Up_in_MUT"
102.218527357535,1.16818808472604,0.202760816739655,5.76140944542554,8.34144127911521e-09,1.40512724633552e-07,"ENSG00000184160.8","ADRA2C","protein_coding","Up_in_MUT"
575.79907901535,-1.11944669169083,0.148113693811214,-7.55802291392233,4.09241965675891e-14,2.6618266710319e-12,"ENSG00000184254.17","ALDH1A3","protein_coding","Down_in_MUT"
101.052628518097,-3.31552159610872,0.334609153588376,-9.90863985803376,3.81808393783779e-23,1.06715669203754e-20,"ENSG00000184486.10","POU3F2","protein_coding","Down_in_MUT"
908.472461834842,-1.59172434115874,0.24061550477228,-6.61521934201688,3.71001230459072e-11,1.16037097310707e-09,"ENSG00000184564.11","SLITRK6","protein_coding","Down_in_MUT"
1152.00938956616,-1.03874074492379,0.374039044751845,-2.77709174883851,0.00548476942096797,0.0158194648158977,"ENSG00000184956.16","MUC6","protein_coding","Down_in_MUT"
551.758097287412,2.02907819515586,0.255398510501818,7.94475344107935,1.94577415374531e-15,1.60242294713222e-13,"ENSG00000185269.12","NOTUM","protein_coding","Up_in_MUT"
258.767224312807,-1.34367925170479,0.175027581101456,-7.67695721582259,1.62911810557356e-14,1.14617269630762e-12,"ENSG00000185274.12","GALNT17","protein_coding","Down_in_MUT"
112.336694202201,-2.95970495224857,0.535511335619881,-5.52687638035256,3.25982481523091e-08,4.71174043928455e-07,"ENSG00000185559.16","DLK1","protein_coding","Down_in_MUT"
65.5948741737806,-1.53572096255241,0.279537729573426,-5.49378777918784,3.93403205130928e-08,5.55276950873685e-07,"ENSG00000185681.13","MORN5","protein_coding","Down_in_MUT"
237.465636110624,-1.24119461081652,0.199193165755556,-6.23111042042315,4.63140504755013e-10,1.08137370161517e-08,"ENSG00000185760.17","KCNQ5","protein_coding","Down_in_MUT"
3201.45005937007,1.05710394758109,0.146747243759756,7.20356935161048,5.86564258855528e-13,2.90285551148828e-11,"ENSG00000185950.9","IRS2","protein_coding","Up_in_MUT"
686.819230374632,-2.42491025427822,0.270815324883401,-8.95411016833062,3.42486704108818e-19,5.32458231544006e-17,"ENSG00000186081.12","KRT5","protein_coding","Down_in_MUT"
774.232264056349,1.2905570390393,0.149868638589365,8.6112548374806,7.22651451333808e-18,8.99672828338273e-16,"ENSG00000186205.13","MTARC1","protein_coding","Up_in_MUT"
292.081710345516,-1.00259955550559,0.153492019143415,-6.53193280732605,6.49262851669641e-11,1.91244513360103e-09,"ENSG00000186417.14","GLDN","protein_coding","Down_in_MUT"
81.4445700647986,-1.05761745234596,0.198071893392588,-5.33956350005557,9.3170632372056e-08,1.19063401135918e-06,"ENSG00000186479.5","RGS7BP","protein_coding","Down_in_MUT"
586.619344689452,2.50398763348889,0.310475903491069,8.06499829884837,7.3236886676551e-16,6.53818715761445e-14,"ENSG00000186529.16","CYP4F3","protein_coding","Up_in_MUT"
81.1418247030689,-1.70518006606516,0.235306959493381,-7.24661977587249,4.27301314519096e-13,2.20364404450455e-11,"ENSG00000186710.11","CFAP73","protein_coding","Down_in_MUT"
454.267231914794,1.13256932404736,0.180446440813998,6.2764846950614,3.46313457818905e-10,8.28008718240533e-09,"ENSG00000186806.5","VSIG10L","protein_coding","Up_in_MUT"
169.882389984373,-3.49323138637166,0.31347799731162,-11.1434659412448,7.70607856569143e-29,4.30877947310792e-26,"ENSG00000186847.6","KRT14","protein_coding","Down_in_MUT"
406.471157557219,-1.04837864037047,0.153346565326572,-6.83666202850913,8.10596684837427e-12,2.97290298532263e-10,"ENSG00000186854.11","TRABD2A","protein_coding","Down_in_MUT"
85.9625185746073,-1.33717017743726,0.200676643326182,-6.66330747452164,2.67732705426836e-11,8.61040267876759e-10,"ENSG00000186952.15","TMEM232","protein_coding","Down_in_MUT"
15344.7272940057,3.59692317647375,0.273866231984024,13.1338688615089,2.10615054108259e-39,3.53290125762333e-36,"ENSG00000187134.14","AKR1C1","protein_coding","Up_in_MUT"
152.830249222046,-1.78517696042396,0.266472941495763,-6.69928042375869,2.09448324503659e-11,6.95346619818344e-10,"ENSG00000187492.9","CDHR4","protein_coding","Down_in_MUT"
9898.58918914248,-1.86911053238152,0.269041573936883,-6.94729258765046,3.72362927129748e-12,1.47423339758412e-10,"ENSG00000187908.20","DMBT1","protein_coding","Down_in_MUT"
409.677468841787,1.38697425743613,0.252513378398699,5.49267633355332,3.95887945385764e-08,5.57797579534479e-07,"ENSG00000187957.8","DNER","protein_coding","Up_in_MUT"
289.158320824082,-1.69460438186222,0.244508960180552,-6.93064328035621,4.18931215082422e-12,1.64026495772627e-10,"ENSG00000188039.16","NWD1","protein_coding","Down_in_MUT"
69.2346576676003,1.24351854778827,0.173385728039552,7.17197754306862,7.39220703957026e-13,3.55886753108979e-11,"ENSG00000188107.15","EYS","protein_coding","Up_in_MUT"
99.5717384255208,2.6768827884407,0.314265047630169,8.5179144439597,1.62452137995647e-17,1.91052106644253e-15,"ENSG00000188175.10","HEPACAM2","protein_coding","Up_in_MUT"
247.355506120138,-1.02790267982345,0.233414853826467,-4.40375864248832,1.06391305121559e-05,7.52006494905567e-05,"ENSG00000188257.12","PLA2G2A","protein_coding","Down_in_MUT"
60.3834126939175,1.29796788102812,0.240790757855209,5.39043895450756,7.02857889983176e-08,9.29107582399576e-07,"ENSG00000188338.15","SLC38A3","protein_coding","Up_in_MUT"
119.489082455525,2.05388435380448,0.195251170318757,10.5191910012699,7.04760957050502e-26,2.6425219367243e-23,"ENSG00000188385.12","JAKMIP3","protein_coding","Up_in_MUT"
133.995765279431,-1.06927034756716,0.184443814563465,-5.79726867012524,6.7403661660393e-09,1.16182915131335e-07,"ENSG00000188452.14","CERKL","protein_coding","Down_in_MUT"
576.354277257029,1.37501828942636,0.336057442480016,4.09161683573823,4.28376029578378e-05,0.000250555559528216,"ENSG00000188517.16","COL25A1","protein_coding","Up_in_MUT"
74.8196129966795,-1.93086664539088,0.261730273698557,-7.3773148902703,1.61513699270312e-13,9.24165728805046e-12,"ENSG00000188523.9","CFAP77","protein_coding","Down_in_MUT"
185.630262798537,-1.31323878994665,0.20377919960719,-6.44442019832292,1.16043171827124e-10,3.18279856222227e-09,"ENSG00000188659.9","SAXO2","protein_coding","Down_in_MUT"
104.263819111979,-1.24331412502901,0.252955636208528,-4.91514695487577,8.8715887412347e-07,8.64403560904589e-06,"ENSG00000188763.5","FZD9","protein_coding","Down_in_MUT"
312.2360941188,-1.35658771140798,0.250023761270881,-5.42583514667719,5.76841813687241e-08,7.7999683682758e-07,"ENSG00000188817.8","SNTN","protein_coding","Down_in_MUT"
156.380732649645,-1.21280780461465,0.161748013618992,-7.49813105879304,6.47341604191096e-14,4.06130398960126e-12,"ENSG00000189045.15","ANKDD1B","protein_coding","Down_in_MUT"
122.151507621609,-2.26139674190258,0.28414272493459,-7.95866493651443,1.73905465675459e-15,1.45092698862371e-13,"ENSG00000189127.8","ANKRD34B","protein_coding","Down_in_MUT"
7010.40443650427,1.10324881894656,0.147460771110868,7.48164281683486,7.33992144317559e-14,4.5160354501052e-12,"ENSG00000189221.10","MAOA","protein_coding","Up_in_MUT"
108.900672718419,-2.22071328404095,0.269066379757895,-8.25340306744804,1.53946744357912e-16,1.52848494997851e-14,"ENSG00000189325.7","BNIP5","protein_coding","Down_in_MUT"
188.862930031615,-1.07197646183637,0.186353330680625,-5.75238691962815,8.79921247124174e-09,1.47599842458392e-07,"ENSG00000189350.13","TOGARAM2","protein_coding","Down_in_MUT"
182.765884532374,-1.31540758411462,0.283631938918517,-4.6377272923855,3.52261139444567e-06,2.88017310806511e-05,"ENSG00000196090.12","PTPRT","protein_coding","Down_in_MUT"
59.9367678901807,1.04783999385898,0.311284231573427,3.36618398099556,0.000762158561570362,0.00296156492511692,"ENSG00000196091.15","MYBPC1","protein_coding","Up_in_MUT"
117.598184018184,-1.24799782692138,0.274716899293669,-4.54285058593096,5.54985893017538e-06,4.27451797882115e-05,"ENSG00000196104.11","SPOCK3","protein_coding","Down_in_MUT"
8883.93923023231,2.59912846433336,0.222808685302388,11.6652924045843,1.91743201787697e-31,1.42117385678505e-28,"ENSG00000196139.14","AKR1C3","protein_coding","Up_in_MUT"
764.166447364813,-1.01688483482537,0.128073117730415,-7.93987725797256,2.02381425032464e-15,1.64964153381321e-13,"ENSG00000196159.14","FAT4","protein_coding","Down_in_MUT"
553.544743789274,1.47459041508453,0.185273723559721,7.95898299420324,1.73459075441305e-15,1.45092698862371e-13,"ENSG00000196208.14","GREB1","protein_coding","Up_in_MUT"
95.0999031206321,1.33499543188645,0.155993389112679,8.55802569249999,1.14816780031404e-17,1.3861081804473e-15,"ENSG00000196421.8","C20orf204","protein_coding","Up_in_MUT"
76.8562579065276,-1.93996602830002,0.332749520489799,-5.83010916272528,5.53911281878981e-09,9.76962172925568e-08,"ENSG00000196620.10","UGT2B15","protein_coding","Down_in_MUT"
2090.36147686272,-1.6091485721659,0.226173033495724,-7.11467917856938,1.12173454785659e-12,5.18879561316941e-11,"ENSG00000196754.13","S100A2","protein_coding","Down_in_MUT"
203.754332050667,-1.42136246602646,0.214547810498278,-6.62492179587109,3.47432067384417e-11,1.08986293500086e-09,"ENSG00000197057.10","DTHD1","protein_coding","Down_in_MUT"
55.7031361672884,1.1569457091694,0.241329825143563,4.79404362258645,1.6345270742418e-06,1.47658765258391e-05,"ENSG00000197106.7","SLC6A17","protein_coding","Up_in_MUT"
105.196407680315,1.1151513548339,0.158145235785093,7.05143818780163,1.77077888184517e-12,7.69044628199985e-11,"ENSG00000197191.6","CYSRT1","protein_coding","Up_in_MUT"
52.8981884528841,-1.02127418884211,0.20957955518827,-4.87296667809355,1.09934771081934e-06,1.04651466223187e-05,"ENSG00000197410.14","DCHS2","protein_coding","Down_in_MUT"
59.3106075234321,-1.9486421974714,0.295197519591227,-6.60114692077957,4.0798896696012e-11,1.26488486050447e-09,"ENSG00000197446.9","CYP2F1","protein_coding","Down_in_MUT"
305.271607805536,-1.22074433888767,0.123892184000719,-9.85327967808353,6.63430455203152e-23,1.75256703099197e-20,"ENSG00000197467.16","COL13A1","protein_coding","Down_in_MUT"
280.417956087025,-1.22075442400877,0.180723456715354,-6.75482002279043,1.43012670109619e-11,4.93285368946284e-10,"ENSG00000197506.8","SLC28A3","protein_coding","Down_in_MUT"
120.338852897169,-1.61141255894815,0.249495330398497,-6.45868825029464,1.05614426275591e-10,2.92190744776853e-09,"ENSG00000197587.11","DMBX1","protein_coding","Down_in_MUT"
6775.11865613399,-1.25324509388727,0.177866022885994,-7.04600616549767,1.84126099420526e-12,7.91634527798448e-11,"ENSG00000197635.11","DPP4","protein_coding","Down_in_MUT"
507.631872173271,1.43631759068263,0.126703132227319,11.3360858996423,8.69469253064767e-30,5.32901049315908e-27,"ENSG00000197696.10","NMB","protein_coding","Up_in_MUT"
331.739717640697,-1.44292792113009,0.20596462724521,-7.00570743835648,2.4574094007772e-12,1.0092795748991e-10,"ENSG00000197748.13","CFAP43","protein_coding","Down_in_MUT"
108.040988928092,-1.05244875915072,0.183991237765748,-5.72010260885718,1.06459741905099e-08,1.73909709598022e-07,"ENSG00000197769.6","MAP1LC3C","protein_coding","Down_in_MUT"
108.01672573475,1.26894025753766,0.17581072841233,7.21764973615043,5.28937407655547e-13,2.66315388931910e-11,"ENSG00000197977.4","ELOVL2","protein_coding","Up_in_MUT"
4231.7863621883,3.12139791808289,0.366612980260774,8.51415003326565,1.67816627120071e-17,1.9663543099058e-15,"ENSG00000198074.10","AKR1B10","protein_coding","Up_in_MUT"
20490.1321469538,1.78947116751341,0.157089179702587,11.3914349218793,4.61329226162997e-30,3.03099940694543e-27,"ENSG00000198431.16","TXNRD1","protein_coding","Up_in_MUT"
68.9751507351302,2.06037323398712,0.382179881023854,5.39110857554147,7.00243474410715e-08,9.26420081898874e-07,"ENSG00000198610.11","AKR1C4","protein_coding","Up_in_MUT"
1237.74709701545,1.11791830492862,0.281303657049192,3.97406246564767,7.06570192362301e-05,0.000386129948573026,"ENSG00000198732.11","SMOC1","protein_coding","Up_in_MUT"
3131.16637145482,1.04040267361905,0.10305129474681,10.0959689655064,5.75597769675591e-24,1.76393043435873e-21,"ENSG00000198736.12","MSRB1","protein_coding","Up_in_MUT"
148.861149640138,-1.12918199300215,0.197077180596461,-5.72964353145626,1.00641901286502e-08,1.65368572618518e-07,"ENSG00000198756.12","COLGALT2","protein_coding","Down_in_MUT"
57.1404116905527,2.22879465290236,0.335260341851918,6.64795197842636,2.97199229773322e-11,9.46257407802753e-10,"ENSG00000198788.9","MUC2","protein_coding","Up_in_MUT"
377.210201675585,-1.42947552532629,0.178909408816729,-7.98994046641011,1.35003932158428e-15,1.15664255962937e-13,"ENSG00000198829.6","SUCNR1","protein_coding","Down_in_MUT"
7003.44782323837,2.92965689211319,0.210330626366813,13.9288174181725,4.23306358104162e-44,9.63656924224124e-41,"ENSG00000198848.13","CES1","protein_coding","Up_in_MUT"
467.957901231661,1.45638849397785,0.281196203114237,5.17926087851971,2.22766758172759e-07,2.57145938055922e-06,"ENSG00000203685.10","STUM","protein_coding","Up_in_MUT"
95.5854975947726,-1.52288622178652,0.22642084602521,-6.72590995273007,1.74498458338296e-11,5.90386450711234e-10,"ENSG00000203734.12","ECT2L","protein_coding","Down_in_MUT"
110.630950136955,-1.02646293976132,0.19080720007589,-5.37958179436133,7.46590682741093e-08,9.75588013515431e-07,"ENSG00000204248.11","COL11A2","protein_coding","Down_in_MUT"
205.673896991441,-1.09329590331956,0.159084400204178,-6.87242684962427,6.31187494180032e-12,2.3611005430765e-10,"ENSG00000204323.5","SMIM5","protein_coding","Down_in_MUT"
4881.91202404939,-1.49627214318171,0.266728668594944,-5.60971623734215,2.02658632890824e-08,3.09335885481966e-07,"ENSG00000204544.5","MUC21","protein_coding","Down_in_MUT"
65.5461437963804,-1.86390693468317,0.253555447349231,-7.35108219590309,1.9660846421961e-13,1.09931725669179e-11,"ENSG00000204644.10","ZFP57","protein_coding","Down_in_MUT"
133.918239401957,-1.24147907474653,0.218185175304508,-5.6900248745767,1.27020867072125e-08,2.04149372388084e-07,"ENSG00000204866.8","IGFL2","protein_coding","Down_in_MUT"
215.81743425873,-1.78738817119566,0.270335752875944,-6.61173430513976,3.79843309044567e-11,1.18569893266987e-09,"ENSG00000204936.10","CD177","protein_coding","Down_in_MUT"
71.9006518004656,-1.48995883635727,0.351931878338356,-4.23365693210884,2.29921606204042e-05,0.000146351737793669,"ENSG00000204983.14","PRSS1","protein_coding","Down_in_MUT"
148.199374777641,-1.03065978598704,0.188764371994173,-5.4600334538705,4.76044873414154e-08,6.59940241869617e-07,"ENSG00000205364.4","MT1M","protein_coding","Down_in_MUT"
343.893553262731,-1.25910049170107,0.195240205953524,-6.4489815791364,1.12604247043133e-10,3.09380168751008e-09,"ENSG00000205795.4","CYS1","protein_coding","Down_in_MUT"
1363.62158382253,-1.09181690225435,0.129911548517496,-8.4043098147453,4.30385140891373e-17,4.82986085399611e-15,"ENSG00000206190.12","ATP10A","protein_coding","Down_in_MUT"
94.2550725953123,-2.08349542796066,0.246621990658244,-8.44813320336811,2.95997554695507e-17,3.40568161216624e-15,"ENSG00000211452.11","DIO1","protein_coding","Down_in_MUT"
291.564759408907,-1.26856333096883,0.176230893334633,-7.1983027888308,6.09666423385177e-13,3.00319607105239e-11,"ENSG00000213085.10","CFAP45","protein_coding","Down_in_MUT"
428.99689463642,1.49611011559415,0.194002949604542,7.71179056114268,1.24064615310861e-14,9.0481998960468e-13,"ENSG00000213190.4","MLLT11","protein_coding","Up_in_MUT"
378.981046228292,-1.58760599740863,0.213581782120378,-7.43324632675756,1.0596430435231e-13,6.34809839100087e-12,"ENSG00000213937.4","CLDN9","protein_coding","Down_in_MUT"
153.166881552842,-1.39159083536798,0.343634092295668,-4.04962972699062,5.12987346865314e-05,0.000292904435101868,"ENSG00000214336.5","FOXI3","protein_coding","Down_in_MUT"
58.0988585548832,-1.53299582905059,0.314465470830327,-4.87492577484838,1.08849374569233e-06,1.03742177538757e-05,"ENSG00000214814.7","FER1L6","protein_coding","Down_in_MUT"
119.057729962367,-1.23312576341374,0.205196073520652,-6.00949980307316,1.86096589967287e-09,3.71621830754849e-08,"ENSG00000215187.12","FAM166B","protein_coding","Down_in_MUT"
52.3156700608562,-1.14753950230423,0.156780230651528,-7.31941455587495,2.4905509746547e-13,1.36620223947022e-11,"ENSG00000215912.12","TTC34","protein_coding","Down_in_MUT"
913.972068094326,1.54285713392682,0.108191602285708,14.2604148689147,3.86152017585004e-46,1.23070509524517e-42,"ENSG00000221926.13","TRIM16","protein_coding","Up_in_MUT"
132.405085869568,1.00399727264104,0.207051024517926,4.84903310659116,1.24064716044044e-06,1.15921036793895e-05,"ENSG00000223572.10","CKMT1A","protein_coding","Up_in_MUT"
154.379555966158,-1.12097277817922,0.18952033481346,-5.91478892902215,3.32301436497241e-09,6.22987004859034e-08,"ENSG00000224982.4","TMEM233","protein_coding","Down_in_MUT"
202.298581311987,1.9459147262364,0.315549097834926,6.16675737496285,6.97045845854703e-10,1.55028249499199e-08,"ENSG00000227471.9","AKR1B15","protein_coding","Up_in_MUT"
304.760068913751,1.89596780793439,0.252210249378555,7.51740983011612,5.58720665977933e-14,3.55315533099848e-12,"ENSG00000228278.5","ORM2","protein_coding","Up_in_MUT"
681.933210050929,1.7843104526,0.264009515964532,6.75850810180534,1.39419855213869e-11,4.82983717991436e-10,"ENSG00000229314.5","ORM1","protein_coding","Up_in_MUT"
95.3700213294769,-1.37765476547154,0.242156684124411,-5.68910484735476,1.27707043315889e-08,2.05045399371321e-07,"ENSG00000230873.9","STMND1","protein_coding","Down_in_MUT"
79.1419163248164,-1.87406042332587,0.325764745950172,-5.75280304767085,8.77757259095826e-09,1.47314384437299e-07,"ENSG00000231738.11","TSPAN19","protein_coding","Down_in_MUT"
3719.69597603986,-1.80238900452349,0.184086226410474,-9.79100413794422,1.23067547218992e-22,3.04053162590427e-20,"ENSG00000232629.9","HLA-DQB2","protein_coding","Down_in_MUT"
219.444012252223,-1.18339306756307,0.164924924388423,-7.17534400547005,7.21255952242649e-13,3.4829012808978e-11,"ENSG00000239998.6","LILRA2","protein_coding","Down_in_MUT"
19511.4640515981,-1.53123653462237,0.194899635456944,-7.85653873098517,3.94893796875014e-15,3.11526242579296e-13,"ENSG00000240583.13","AQP1","protein_coding","Down_in_MUT"
55.0993141544657,2.197253614891,0.385323153422421,5.70236591124904,1.18155849759518e-08,1.91154572978965e-07,"ENSG00000241635.8","UGT1A1","protein_coding","Up_in_MUT"
205.057291339321,-1.35651882595077,0.189887588535949,-7.14379932048036,9.07859167375431e-13,4.26877332566945e-11,"ENSG00000243710.8","CFAP57","protein_coding","Down_in_MUT"
95.4618312700424,-1.85538397594617,0.256983430219973,-7.21985839459762,5.20417373775383e-13,2.63273366977702e-11,"ENSG00000243910.8","TUBA4B","protein_coding","Down_in_MUT"
1320.3537647883,2.45353341580647,0.260491138260017,9.41887479242152,4.55947752809812e-21,9.25573938203917e-19,"ENSG00000243955.6","GSTA1","protein_coding","Up_in_MUT"
215.902818495231,1.13117720077784,0.297561625468421,3.80148884788872,0.000143829213578545,0.000713682214846926,"ENSG00000244067.3","GSTA2","protein_coding","Up_in_MUT"
927.659078037861,2.30757394856858,0.285079404089806,8.09449548253455,5.75021766465403e-16,5.22123040427888e-14,"ENSG00000248144.6","ADH1C","protein_coding","Up_in_MUT"
61.5132686076062,-1.37101670682089,0.191346880213246,-7.16508523835331,7.77381697248457e-13,3.72447385291873e-11,"ENSG00000249715.12","FER1L5","protein_coding","Down_in_MUT"
96.8925616989983,-2.4414704967103,0.275471131392178,-8.8628905844746,7.79660894511981e-19,1.13984276921979e-16,"ENSG00000249853.8","HS3ST5","protein_coding","Down_in_MUT"
468.689519685161,-1.25887202241274,0.145680309378461,-8.64133270847423,5.55610590548945e-18,7.05492634716551e-16,"ENSG00000258227.7","CLEC5A","protein_coding","Down_in_MUT"
712.221948946155,-1.55230293618619,0.174184771022255,-8.91181776154162,5.02026028607175e-19,7.58297230224611e-17,"ENSG00000259207.9","ITGB3","protein_coding","Down_in_MUT"
50.4130402285162,-1.85837822087365,0.250074378025048,-7.43130198123502,1.07533893954085e-13,6.43004265330326e-12,"ENSG00000261272.1","MUC22","protein_coding","Down_in_MUT"
71.7194494646475,-1.16916053926313,0.172196282858108,-6.7896967336196,1.12369502174348e-11,3.95290110794553e-10,"ENSG00000263961.8","RHEX","protein_coding","Down_in_MUT"
135.314606230559,-1.91567244467454,0.235320112967499,-8.14070850348061,3.92971463587577e-16,3.6836451517646e-14,"ENSG00000270765.6","GAS2L2","protein_coding","Down_in_MUT"
1682.95797960747,-1.57167806243126,0.22035787699129,-7.13238883896754,9.86417351954142e-13,4.62219383529511e-11,"ENSG00000271447.6","MMP28","protein_coding","Down_in_MUT"
92.140373618505,-1.04802494534542,0.142341177251211,-7.36276715975037,1.8013642272185e-13,1.01973853082914e-11,"ENSG00000272031.3","ANKRD34A","protein_coding","Down_in_MUT"
4199.30146812474,-1.97560743633283,0.19626862638441,-10.0658341209533,7.82214246069914e-24,2.35188209778247e-21,"ENSG00000275395.6","FCGBP","protein_coding","Down_in_MUT"
554.651513711445,-2.4904640911846,0.33296836764237,-7.479581645604,7.45595789493357e-14,4.56978527056592e-12,"ENSG00000275896.6","PRSS2","protein_coding","Down_in_MUT"
94.9804466573793,2.53949707916282,0.317303850359245,8.00336042656795,1.21068896364754e-15,1.0513860479676e-13,"ENSG00000277586.4","NEFL","protein_coding","Up_in_MUT"
390.412503109941,-1.77018280552626,0.229575399480414,-7.71068158667095,1.25147547819577e-14,9.10634131634183e-13,"ENSG00000277639.2","AC007906.2","protein_coding","Down_in_MUT"
143.225396038578,-1.32266655171431,0.255504543431419,-5.17668505597175,2.25863012921049e-07,2.60342860210009e-06,"ENSG00000277893.2","SRD5A2","protein_coding","Down_in_MUT"
